"File","Line","Column","Message","RuleId"
"D:\project\egov-enterprise\frontend\src\app\admin\collaboration\CollaborationHubClient.tsx","5","20","'useMutation' is defined but never used.","@typescript-eslint/no-unused-vars"
"D:\project\egov-enterprise\frontend\src\app\admin\collaboration\CollaborationHubClient.tsx","10","2","'Mail' is defined but never used.","@typescript-eslint/no-unused-vars"
"D:\project\egov-enterprise\frontend\src\app\admin\collaboration\CollaborationHubClient.tsx","15","2","'Trash2' is defined but never used.","@typescript-eslint/no-unused-vars"
"D:\project\egov-enterprise\frontend\src\app\admin\collaboration\CollaborationHubClient.tsx","19","2","'ChevronRight' is defined but never used.","@typescript-eslint/no-unused-vars"
"D:\project\egov-enterprise\frontend\src\app\admin\collaboration\CollaborationHubClient.tsx","20","2","'ArrowUpRight' is defined but never used.","@typescript-eslint/no-unused-vars"
"D:\project\egov-enterprise\frontend\src\app\admin\collaboration\CollaborationHubClient.tsx","21","2","'User' is defined but never used.","@typescript-eslint/no-unused-vars"
"D:\project\egov-enterprise\frontend\src\app\admin\collaboration\CollaborationHubClient.tsx","22","2","'Clock' is defined but never used.","@typescript-eslint/no-unused-vars"
"D:\project\egov-enterprise\frontend\src\app\admin\collaboration\CollaborationHubClient.tsx","23","2","'Phone' is defined but never used.","@typescript-eslint/no-unused-vars"
"D:\project\egov-enterprise\frontend\src\app\admin\collaboration\CollaborationHubClient.tsx","24","2","'Globe' is defined but never used.","@typescript-eslint/no-unused-vars"
"D:\project\egov-enterprise\frontend\src\app\admin\collaboration\CollaborationHubClient.tsx","25","2","'Star' is defined but never used.","@typescript-eslint/no-unused-vars"
"D:\project\egov-enterprise\frontend\src\app\admin\collaboration\CollaborationHubClient.tsx","26","2","'Sparkles' is defined but never used.","@typescript-eslint/no-unused-vars"
"D:\project\egov-enterprise\frontend\src\app\admin\collaboration\CollaborationHubClient.tsx","27","2","'Layers' is defined but never used.","@typescript-eslint/no-unused-vars"
"D:\project\egov-enterprise\frontend\src\app\admin\collaboration\CollaborationHubClient.tsx","28","2","'Send' is defined but never used.","@typescript-eslint/no-unused-vars"
"D:\project\egov-enterprise\frontend\src\app\admin\collaboration\CollaborationHubClient.tsx","29","2","'MessageSquare' is defined but never used.","@typescript-eslint/no-unused-vars"
"D:\project\egov-enterprise\frontend\src\app\admin\collaboration\CollaborationHubClient.tsx","30","2","'Loader2' is defined but never used.","@typescript-eslint/no-unused-vars"
"D:\project\egov-enterprise\frontend\src\app\admin\collaboration\CollaborationHubClient.tsx","31","2","'ShieldCheck' is defined but never used.","@typescript-eslint/no-unused-vars"
"D:\project\egov-enterprise\frontend\src\app\admin\collaboration\CollaborationHubClient.tsx","36","3","'Tooltip' is defined but never used.","@typescript-eslint/no-unused-vars"
"D:\project\egov-enterprise\frontend\src\app\admin\collaboration\CollaborationHubClient.tsx","37","3","'TooltipContent' is defined but never used.","@typescript-eslint/no-unused-vars"
"D:\project\egov-enterprise\frontend\src\app\admin\collaboration\CollaborationHubClient.tsx","39","3","'TooltipTrigger' is defined but never used.","@typescript-eslint/no-unused-vars"
"D:\project\egov-enterprise\frontend\src\app\admin\collaboration\CollaborationHubClient.tsx","46","10","'motion' is defined but never used.","@typescript-eslint/no-unused-vars"
"D:\project\egov-enterprise\frontend\src\app\admin\collaboration\CollaborationHubClient.tsx","46","18","'AnimatePresence' is defined but never used.","@typescript-eslint/no-unused-vars"
"D:\project\egov-enterprise\frontend\src\app\admin\collaboration\CollaborationHubClient.tsx","58","10","'toast' is assigned a value but never used.","@typescript-eslint/no-unused-vars"
"D:\project\egov-enterprise\frontend\src\app\admin\collaboration\address-book\insert-address-book\AddressBookInsertHubClient.tsx","9","2","'MapPin' is defined but never used.","@typescript-eslint/no-unused-vars"
"D:\project\egov-enterprise\frontend\src\app\admin\collaboration\address-book\insert-address-book\AddressBookInsertHubClient.tsx","15","2","'Star' is defined but never used.","@typescript-eslint/no-unused-vars"
"D:\project\egov-enterprise\frontend\src\app\admin\collaboration\address-book\insert-address-book\AddressBookInsertHubClient.tsx","17","2","'Layers' is defined but never used.","@typescript-eslint/no-unused-vars"
"D:\project\egov-enterprise\frontend\src\app\admin\collaboration\address-book\insert-address-book\AddressBookInsertHubClient.tsx","24","10","'motion' is defined but never used.","@typescript-eslint/no-unused-vars"
"D:\project\egov-enterprise\frontend\src\app\admin\collaboration\address-book\insert-address-book\AddressBookInsertHubClient.tsx","25","10","'Badge' is defined but never used.","@typescript-eslint/no-unused-vars"
"D:\project\egov-enterprise\frontend\src\app\admin\collaboration\address-book\insert-address-book\AddressBookInsertHubClient.tsx","26","10","'cn' is defined but never used.","@typescript-eslint/no-unused-vars"
"D:\project\egov-enterprise\frontend\src\app\admin\collaboration\address-book\insert-address-book\AddressBookInsertHubClient.tsx","67","11","'error' is defined but never used.","@typescript-eslint/no-unused-vars"
"D:\project\egov-enterprise\frontend\src\app\admin\collaboration\address-book\select-address-book-list\AddressBookListClient.tsx","3","32","'useEffect' is defined but never used.","@typescript-eslint/no-unused-vars"
"D:\project\egov-enterprise\frontend\src\app\admin\collaboration\address-book\select-address-book-list\AddressBookListClient.tsx","8","32","'Home' is defined but never used.","@typescript-eslint/no-unused-vars"
"D:\project\egov-enterprise\frontend\src\app\admin\collaboration\address-book\select-address-book-list\AddressBookListClient.tsx","8","38","'ChevronRight' is defined but never used.","@typescript-eslint/no-unused-vars"
"D:\project\egov-enterprise\frontend\src\app\admin\collaboration\address-book\select-address-book-list\AddressBookListClient.tsx","8","64","'Phone' is defined but never used.","@typescript-eslint/no-unused-vars"
"D:\project\egov-enterprise\frontend\src\app\admin\collaboration\address-book\select-address-book-list\AddressBookListClient.tsx","8","71","'Mail' is defined but never used.","@typescript-eslint/no-unused-vars"
"D:\project\egov-enterprise\frontend\src\app\admin\collaboration\address-book\select-address-book-list\AddressBookListClient.tsx","8","77","'MapPin' is defined but never used.","@typescript-eslint/no-unused-vars"
"D:\project\egov-enterprise\frontend\src\app\admin\collaboration\address-book\select-address-book-list\page.tsx","4","10","'Skeleton' is defined but never used.","@typescript-eslint/no-unused-vars"
"D:\project\egov-enterprise\frontend\src\app\admin\collaboration\mail-history\MailHistoryHubClient.tsx","3","27","'useMemo' is defined but never used.","@typescript-eslint/no-unused-vars"
"D:\project\egov-enterprise\frontend\src\app\admin\collaboration\mail-history\MailHistoryHubClient.tsx","17","2","'Sparkles' is defined but never used.","@typescript-eslint/no-unused-vars"
"D:\project\egov-enterprise\frontend\src\app\admin\collaboration\mail-history\MailHistoryHubClient.tsx","19","2","'Send' is defined but never used.","@typescript-eslint/no-unused-vars"
"D:\project\egov-enterprise\frontend\src\app\admin\collaboration\mail-history\MailHistoryHubClient.tsx","20","2","'Loader2' is defined but never used.","@typescript-eslint/no-unused-vars"
"D:\project\egov-enterprise\frontend\src\app\admin\collaboration\mail-send\MailSendHubClient.tsx","29","10","'cn' is defined but never used.","@typescript-eslint/no-unused-vars"
"D:\project\egov-enterprise\frontend\src\app\admin\collaboration\mail-send\MailSendHubClient.tsx","93","14","'error' is defined but never used.","@typescript-eslint/no-unused-vars"
"D:\project\egov-enterprise\frontend\src\app\admin\collaboration\mail-send\NoteSendHubClient.tsx","27","10","'cn' is defined but never used.","@typescript-eslint/no-unused-vars"
"D:\project\egov-enterprise\frontend\src\app\admin\collaboration\mail-send\NoteSendHubClient.tsx","36","9","'isSearching' is assigned a value but never used.","@typescript-eslint/no-unused-vars"
"D:\project\egov-enterprise\frontend\src\app\admin\collaboration\mail-send\NoteSendHubClient.tsx","93","11","'error' is defined but never used.","@typescript-eslint/no-unused-vars"
"D:\project\egov-enterprise\frontend\src\app\admin\collaboration\scraps\insertScrap\page.tsx","5","8","'Link' is defined but never used.","@typescript-eslint/no-unused-vars"
"D:\project\egov-enterprise\frontend\src\app\admin\collaboration\scraps\insertScrap\page.tsx","12","37","'Home' is defined but never used.","@typescript-eslint/no-unused-vars"
"D:\project\egov-enterprise\frontend\src\app\admin\collaboration\scraps\insertScrap\page.tsx","12","43","'ChevronRight' is defined but never used.","@typescript-eslint/no-unused-vars"
"D:\project\egov-enterprise\frontend\src\app\admin\collaboration\scraps\insertScrap\page.tsx","12","57","'Activity' is defined but never used.","@typescript-eslint/no-unused-vars"
"D:\project\egov-enterprise\frontend\src\app\admin\collaboration\scraps\insertScrap\page.tsx","12","77","'CheckCircle' is defined but never used.","@typescript-eslint/no-unused-vars"
"D:\project\egov-enterprise\frontend\src\app\admin\collaboration\scraps\insertScrap\page.tsx","12","97","'Layout' is defined but never used.","@typescript-eslint/no-unused-vars"
"D:\project\egov-enterprise\frontend\src\app\admin\collaboration\scraps\selectScrapDetail\[id]\page.tsx","5","8","'Link' is defined but never used.","@typescript-eslint/no-unused-vars"
"D:\project\egov-enterprise\frontend\src\app\admin\collaboration\scraps\selectScrapDetail\[id]\page.tsx","12","54","'Home' is defined but never used.","@typescript-eslint/no-unused-vars"
"D:\project\egov-enterprise\frontend\src\app\admin\collaboration\scraps\selectScrapDetail\[id]\page.tsx","12","60","'ChevronRight' is defined but never used.","@typescript-eslint/no-unused-vars"
"D:\project\egov-enterprise\frontend\src\app\admin\collaboration\scraps\selectScrapDetail\[id]\page.tsx","12","74","'Info' is defined but never used.","@typescript-eslint/no-unused-vars"
"D:\project\egov-enterprise\frontend\src\app\admin\collaboration\scraps\selectScrapList\page.tsx","14","52","'CardAction' is defined but never used.","@typescript-eslint/no-unused-vars"
"D:\project\egov-enterprise\frontend\src\app\admin\collaboration\scraps\selectScrapList\page.tsx","17","34","'Home' is defined but never used.","@typescript-eslint/no-unused-vars"
"D:\project\egov-enterprise\frontend\src\app\admin\collaboration\scraps\selectScrapList\page.tsx","17","40","'ChevronRight' is defined but never used.","@typescript-eslint/no-unused-vars"
"D:\project\egov-enterprise\frontend\src\app\admin\collaboration\scraps\selectScrapList\page.tsx","59","18","'error' is defined but never used.","@typescript-eslint/no-unused-vars"
"D:\project\egov-enterprise\frontend\src\app\admin\community\[id]\page.tsx","47","22","'error' is defined but never used.","@typescript-eslint/no-unused-vars"
"D:\project\egov-enterprise\frontend\src\app\admin\community\board\page.tsx","9","20","'CalendarIcon' is defined but never used.","@typescript-eslint/no-unused-vars"
"D:\project\egov-enterprise\frontend\src\app\admin\community\board\page.tsx","10","2","'ArrowUpRight' is defined but never used.","@typescript-eslint/no-unused-vars"
"D:\project\egov-enterprise\frontend\src\app\admin\community\board\page.tsx","12","18","'AnimatePresence' is defined but never used.","@typescript-eslint/no-unused-vars"
"D:\project\egov-enterprise\frontend\src\app\admin\community\board\page.tsx","27","8","'params' is assigned a value but never used.","@typescript-eslint/no-unused-vars"
"D:\project\egov-enterprise\frontend\src\app\admin\community\board\page.tsx","29","10","'toast' is assigned a value but never used.","@typescript-eslint/no-unused-vars"
"D:\project\egov-enterprise\frontend\src\app\admin\community\boards\[id]\page.tsx","28","12","'files' is assigned a value but never used.","@typescript-eslint/no-unused-vars"
"D:\project\egov-enterprise\frontend\src\app\admin\community\boards\[id]\page.tsx","53","22","'error' is defined but never used.","@typescript-eslint/no-unused-vars"
"D:\project\egov-enterprise\frontend\src\app\admin\community\boards\maker\components\BoardMakerWizard.tsx","9","41","'CardTitle' is defined but never used.","@typescript-eslint/no-unused-vars"
"D:\project\egov-enterprise\frontend\src\app\admin\community\boards\maker\components\BoardMakerWizard.tsx","9","52","'CardDescription' is defined but never used.","@typescript-eslint/no-unused-vars"
"D:\project\egov-enterprise\frontend\src\app\admin\community\boards\maker\components\BoardMakerWizard.tsx","156","34","'control' is assigned a value but never used.","@typescript-eslint/no-unused-vars"
"D:\project\egov-enterprise\frontend\src\app\admin\community\boards\maker\components\BoardPreview.tsx","14","2","'Calendar' is defined but never used.","@typescript-eslint/no-unused-vars"
"D:\project\egov-enterprise\frontend\src\app\admin\community\boards\maker\components\BoardPreview.tsx","15","2","'Grid' is defined but never used.","@typescript-eslint/no-unused-vars"
"D:\project\egov-enterprise\frontend\src\app\admin\community\boards\maker\components\BoardPreview.tsx","16","10","'ListIcon' is defined but never used.","@typescript-eslint/no-unused-vars"
"D:\project\egov-enterprise\frontend\src\app\admin\community\boards\maker\components\BoardPreview.tsx","17","2","'ImageIcon' is defined but never used.","@typescript-eslint/no-unused-vars"
"D:\project\egov-enterprise\frontend\src\app\admin\community\boards\maker\components\BoardPreview.tsx","18","2","'HelpCircle' is defined but never used.","@typescript-eslint/no-unused-vars"
"D:\project\egov-enterprise\frontend\src\app\admin\community\boards\maker\components\BoardPreview.tsx","20","2","'CalendarDays' is defined but never used.","@typescript-eslint/no-unused-vars"
"D:\project\egov-enterprise\frontend\src\app\admin\community\boards\maker\components\BoardPreview.tsx","264","27","'posts' is defined but never used.","@typescript-eslint/no-unused-vars"
"D:\project\egov-enterprise\frontend\src\app\admin\community\boards\master\page.tsx","10","3","'BookOpen' is defined but never used.","@typescript-eslint/no-unused-vars"
"D:\project\egov-enterprise\frontend\src\app\admin\community\boards\master\page.tsx","11","3","'ImageIcon' is defined but never used.","@typescript-eslint/no-unused-vars"
"D:\project\egov-enterprise\frontend\src\app\admin\community\boards\master\page.tsx","12","11","'ListIcon' is defined but never used.","@typescript-eslint/no-unused-vars"
"D:\project\egov-enterprise\frontend\src\app\admin\community\boards\master\page.tsx","19","3","'FileText' is defined but never used.","@typescript-eslint/no-unused-vars"
"D:\project\egov-enterprise\frontend\src\app\admin\community\boards\master\page.tsx","27","18","'AnimatePresence' is defined but never used.","@typescript-eslint/no-unused-vars"
"D:\project\egov-enterprise\frontend\src\app\admin\community\boards\master\page.tsx","110","14","'error' is defined but never used.","@typescript-eslint/no-unused-vars"
"D:\project\egov-enterprise\frontend\src\app\admin\community\boards\master\page.tsx","128","16","'error' is defined but never used.","@typescript-eslint/no-unused-vars"
"D:\project\egov-enterprise\frontend\src\app\admin\community\boards\master\page.tsx","176","18","'_board' is defined but never used.","@typescript-eslint/no-unused-vars"
"D:\project\egov-enterprise\frontend\src\app\admin\community\boards\selectBoardArticle\[id]\BBSDetailClient.tsx","3","27","'Suspense' is defined but never used.","@typescript-eslint/no-unused-vars"
"D:\project\egov-enterprise\frontend\src\app\admin\community\boards\selectBoardArticle\[id]\BBSDetailClient.tsx","63","10","'attachedFiles' is assigned a value but never used.","@typescript-eslint/no-unused-vars"
"D:\project\egov-enterprise\frontend\src\app\admin\community\boards\selectBoardList\BoardStats.tsx","16","10","'BarChart3' is defined but never used.","@typescript-eslint/no-unused-vars"
"D:\project\egov-enterprise\frontend\src\app\admin\community\boards\selectBoardList\BoardStats.tsx","16","40","'MessageSquare' is defined but never used.","@typescript-eslint/no-unused-vars"
"D:\project\egov-enterprise\frontend\src\app\admin\community\boards\write\page.tsx","24","2","'CheckCircle2' is defined but never used.","@typescript-eslint/no-unused-vars"
"D:\project\egov-enterprise\frontend\src\app\admin\community\templates\TemplateAdminClient.tsx","10","2","'Search' is defined but never used.","@typescript-eslint/no-unused-vars"
"D:\project\egov-enterprise\frontend\src\app\admin\community\templates\TemplateAdminClient.tsx","15","2","'ExternalLink' is defined but never used.","@typescript-eslint/no-unused-vars"
"D:\project\egov-enterprise\frontend\src\app\admin\components\InsightBanner.tsx","9","2","'Activity' is defined but never used.","@typescript-eslint/no-unused-vars"
"D:\project\egov-enterprise\frontend\src\app\admin\components\InsightBanner.tsx","12","2","'Globe' is defined but never used.","@typescript-eslint/no-unused-vars"
"D:\project\egov-enterprise\frontend\src\app\admin\components\InsightBanner.tsx","13","2","'ArrowRight' is defined but never used.","@typescript-eslint/no-unused-vars"
"D:\project\egov-enterprise\frontend\src\app\admin\help\KnowledgeHubClient.tsx","6","16","'LucideIcon' is defined but never used.","@typescript-eslint/no-unused-vars"
"D:\project\egov-enterprise\frontend\src\app\admin\help\KnowledgeHubClient.tsx","7","44","'Globe' is defined but never used.","@typescript-eslint/no-unused-vars"
"D:\project\egov-enterprise\frontend\src\app\admin\help\KnowledgeHubClient.tsx","8","41","'Trash2' is defined but never used.","@typescript-eslint/no-unused-vars"
"D:\project\egov-enterprise\frontend\src\app\admin\help\KnowledgeHubClient.tsx","8","49","'Award' is defined but never used.","@typescript-eslint/no-unused-vars"
"D:\project\egov-enterprise\frontend\src\app\admin\help\KnowledgeHubClient.tsx","9","2","'Filter' is defined but never used.","@typescript-eslint/no-unused-vars"
"D:\project\egov-enterprise\frontend\src\app\admin\help\KnowledgeHubClient.tsx","9","10","'Calendar' is defined but never used.","@typescript-eslint/no-unused-vars"
"D:\project\egov-enterprise\frontend\src\app\admin\help\KnowledgeHubClient.tsx","9","20","'ChevronDown' is defined but never used.","@typescript-eslint/no-unused-vars"
"D:\project\egov-enterprise\frontend\src\app\admin\help\KnowledgeHubClient.tsx","9","33","'Check' is defined but never used.","@typescript-eslint/no-unused-vars"
"D:\project\egov-enterprise\frontend\src\app\admin\help\KnowledgeHubClient.tsx","9","40","'HelpCircle' is defined but never used.","@typescript-eslint/no-unused-vars"
"D:\project\egov-enterprise\frontend\src\app\admin\help\KnowledgeHubClient.tsx","9","52","'CornerDownRight' is defined but never used.","@typescript-eslint/no-unused-vars"
"D:\project\egov-enterprise\frontend\src\app\admin\help\KnowledgeHubClient.tsx","10","2","'Monitor' is defined but never used.","@typescript-eslint/no-unused-vars"
"D:\project\egov-enterprise\frontend\src\app\admin\help\KnowledgeHubClient.tsx","10","11","'Star' is defined but never used.","@typescript-eslint/no-unused-vars"
"D:\project\egov-enterprise\frontend\src\app\admin\help\KnowledgeHubClient.tsx","10","33","'MessageSquare' is defined but never used.","@typescript-eslint/no-unused-vars"
"D:\project\egov-enterprise\frontend\src\app\admin\help\KnowledgeHubClient.tsx","10","62","'Quote' is defined but never used.","@typescript-eslint/no-unused-vars"
"D:\project\egov-enterprise\frontend\src\app\admin\help\KnowledgeHubClient.tsx","11","26","'Lock' is defined but never used.","@typescript-eslint/no-unused-vars"
"D:\project\egov-enterprise\frontend\src\app\admin\help\KnowledgeHubClient.tsx","18","28","'BoardArticle' is defined but never used.","@typescript-eslint/no-unused-vars"
"D:\project\egov-enterprise\frontend\src\app\admin\help\KnowledgeHubClient.tsx","28","10","'toast' is assigned a value but never used.","@typescript-eslint/no-unused-vars"
"D:\project\egov-enterprise\frontend\src\app\admin\observability\components\ServiceTopology.tsx","3","17","'useMemo' is defined but never used.","@typescript-eslint/no-unused-vars"
"D:\project\egov-enterprise\frontend\src\app\admin\observability\components\ServiceTopology.tsx","12","3","'ArrowRight' is defined but never used.","@typescript-eslint/no-unused-vars"
"D:\project\egov-enterprise\frontend\src\app\admin\observability\components\ServiceTopology.tsx","13","3","'Server' is defined but never used.","@typescript-eslint/no-unused-vars"
"D:\project\egov-enterprise\frontend\src\app\admin\observability\page.tsx","5","10","'motion' is defined but never used.","@typescript-eslint/no-unused-vars"
"D:\project\egov-enterprise\frontend\src\app\admin\observability\page.tsx","11","3","'Search' is defined but never used.","@typescript-eslint/no-unused-vars"
"D:\project\egov-enterprise\frontend\src\app\admin\observability\page.tsx","12","3","'Filter' is defined but never used.","@typescript-eslint/no-unused-vars"
"D:\project\egov-enterprise\frontend\src\app\admin\observability\page.tsx","17","3","'ShieldCheck' is defined but never used.","@typescript-eslint/no-unused-vars"
"D:\project\egov-enterprise\frontend\src\app\admin\operation\events\EventManagementClient.tsx","6","26","'Filter' is defined but never used.","@typescript-eslint/no-unused-vars"
"D:\project\egov-enterprise\frontend\src\app\admin\operation\events\EventManagementClient.tsx","6","34","'ArrowRight' is defined but never used.","@typescript-eslint/no-unused-vars"
"D:\project\egov-enterprise\frontend\src\app\admin\operation\events\EventManagementClient.tsx","7","2","'MapPin' is defined but never used.","@typescript-eslint/no-unused-vars"
"D:\project\egov-enterprise\frontend\src\app\admin\operation\events\EventManagementClient.tsx","7","10","'Users' is defined but never used.","@typescript-eslint/no-unused-vars"
"D:\project\egov-enterprise\frontend\src\app\admin\operation\events\EventManagementClient.tsx","7","17","'Clock' is defined but never used.","@typescript-eslint/no-unused-vars"
"D:\project\egov-enterprise\frontend\src\app\admin\operation\events\EventManagementClient.tsx","7","45","'List' is defined but never used.","@typescript-eslint/no-unused-vars"
"D:\project\egov-enterprise\frontend\src\app\admin\operation\events\EventManagementClient.tsx","8","2","'TrendingUp' is defined but never used.","@typescript-eslint/no-unused-vars"
"D:\project\egov-enterprise\frontend\src\app\admin\operation\events\EventManagementClient.tsx","8","14","'Sparkles' is defined but never used.","@typescript-eslint/no-unused-vars"
"D:\project\egov-enterprise\frontend\src\app\admin\operation\events\EventManagementClient.tsx","8","50","'MoreHorizontal' is defined but never used.","@typescript-eslint/no-unused-vars"
"D:\project\egov-enterprise\frontend\src\app\admin\operation\events\EventManagementClient.tsx","12","10","'motion' is defined but never used.","@typescript-eslint/no-unused-vars"
"D:\project\egov-enterprise\frontend\src\app\admin\operation\events\EventManagementClient.tsx","12","18","'AnimatePresence' is defined but never used.","@typescript-eslint/no-unused-vars"
"D:\project\egov-enterprise\frontend\src\app\admin\operation\events\EventManagementClient.tsx","14","16","'CardHeader' is defined but never used.","@typescript-eslint/no-unused-vars"
"D:\project\egov-enterprise\frontend\src\app\admin\operation\events\EventManagementClient.tsx","14","28","'CardTitle' is defined but never used.","@typescript-eslint/no-unused-vars"
"D:\project\egov-enterprise\frontend\src\app\admin\operation\events\EventManagementClient.tsx","14","39","'CardContent' is defined but never used.","@typescript-eslint/no-unused-vars"
"D:\project\egov-enterprise\frontend\src\app\admin\operation\events\EventManagementClient.tsx","20","10","'PagePagination' is defined but never used.","@typescript-eslint/no-unused-vars"
"D:\project\egov-enterprise\frontend\src\app\admin\operation\external-hr\ExternalHrClient.tsx","8","16","'User' is defined but never used.","@typescript-eslint/no-unused-vars"
"D:\project\egov-enterprise\frontend\src\app\admin\operation\external-hr\ExternalHrClient.tsx","8","22","'Building2' is defined but never used.","@typescript-eslint/no-unused-vars"
"D:\project\egov-enterprise\frontend\src\app\admin\operation\external-hr\ExternalHrClient.tsx","8","33","'Mail' is defined but never used.","@typescript-eslint/no-unused-vars"
"D:\project\egov-enterprise\frontend\src\app\admin\operation\external-hr\ExternalHrClient.tsx","8","39","'Phone' is defined but never used.","@typescript-eslint/no-unused-vars"
"D:\project\egov-enterprise\frontend\src\app\admin\operation\external-hr\ExternalHrClient.tsx","26","18","'error' is defined but never used.","@typescript-eslint/no-unused-vars"
"D:\project\egov-enterprise\frontend\src\app\admin\operation\external-hr\page.tsx","15","14","'error' is defined but never used.","@typescript-eslint/no-unused-vars"
"D:\project\egov-enterprise\frontend\src\app\admin\operation\memo-reports\MemoReportManagementClient.tsx","6","2","'FileText' is defined but never used.","@typescript-eslint/no-unused-vars"
"D:\project\egov-enterprise\frontend\src\app\admin\operation\memo-reports\MemoReportManagementClient.tsx","6","39","'Globe' is defined but never used.","@typescript-eslint/no-unused-vars"
"D:\project\egov-enterprise\frontend\src\app\admin\operation\memo-reports\MemoReportManagementClient.tsx","7","2","'Send' is defined but never used.","@typescript-eslint/no-unused-vars"
"D:\project\egov-enterprise\frontend\src\app\admin\operation\memo-reports\MemoReportManagementClient.tsx","7","8","'User' is defined but never used.","@typescript-eslint/no-unused-vars"
"D:\project\egov-enterprise\frontend\src\app\admin\operation\memo-reports\MemoReportManagementClient.tsx","7","14","'Clock' is defined but never used.","@typescript-eslint/no-unused-vars"
"D:\project\egov-enterprise\frontend\src\app\admin\operation\memo-reports\MemoReportManagementClient.tsx","7","21","'ChevronRight' is defined but never used.","@typescript-eslint/no-unused-vars"
"D:\project\egov-enterprise\frontend\src\app\admin\operation\memo-reports\MemoReportManagementClient.tsx","7","35","'MessageSquare' is defined but never used.","@typescript-eslint/no-unused-vars"
"D:\project\egov-enterprise\frontend\src\app\admin\operation\memo-reports\MemoReportManagementClient.tsx","8","2","'AlertCircle' is defined but never used.","@typescript-eslint/no-unused-vars"
"D:\project\egov-enterprise\frontend\src\app\admin\operation\memo-reports\MemoReportManagementClient.tsx","8","28","'Sparkles' is defined but never used.","@typescript-eslint/no-unused-vars"
"D:\project\egov-enterprise\frontend\src\app\admin\operation\memo-reports\MemoReportManagementClient.tsx","8","38","'Filter' is defined but never used.","@typescript-eslint/no-unused-vars"
"D:\project\egov-enterprise\frontend\src\app\admin\operation\memo-reports\MemoReportManagementClient.tsx","9","2","'ArrowRight' is defined but never used.","@typescript-eslint/no-unused-vars"
"D:\project\egov-enterprise\frontend\src\app\admin\operation\memo-reports\MemoReportManagementClient.tsx","9","14","'Trash2' is defined but never used.","@typescript-eslint/no-unused-vars"
"D:\project\egov-enterprise\frontend\src\app\admin\operation\memo-reports\MemoReportManagementClient.tsx","9","35","'History' is defined but never used.","@typescript-eslint/no-unused-vars"
"D:\project\egov-enterprise\frontend\src\app\admin\operation\memo-reports\MemoReportManagementClient.tsx","13","10","'motion' is defined but never used.","@typescript-eslint/no-unused-vars"
"D:\project\egov-enterprise\frontend\src\app\admin\operation\memo-reports\MemoReportManagementClient.tsx","13","18","'AnimatePresence' is defined but never used.","@typescript-eslint/no-unused-vars"
"D:\project\egov-enterprise\frontend\src\app\admin\operation\memo-reports\MemoReportManagementClient.tsx","15","10","'Card' is defined but never used.","@typescript-eslint/no-unused-vars"
"D:\project\egov-enterprise\frontend\src\app\admin\operation\memo-reports\MemoReportManagementClient.tsx","15","16","'CardHeader' is defined but never used.","@typescript-eslint/no-unused-vars"
"D:\project\egov-enterprise\frontend\src\app\admin\operation\memo-reports\MemoReportManagementClient.tsx","15","28","'CardTitle' is defined but never used.","@typescript-eslint/no-unused-vars"
"D:\project\egov-enterprise\frontend\src\app\admin\operation\memo-reports\MemoReportManagementClient.tsx","15","39","'CardContent' is defined but never used.","@typescript-eslint/no-unused-vars"
"D:\project\egov-enterprise\frontend\src\app\admin\operation\memo-reports\MemoReportManagementClient.tsx","27","10","'toast' is assigned a value but never used.","@typescript-eslint/no-unused-vars"
"D:\project\egov-enterprise\frontend\src\app\admin\operation\rewards\RewardManageClient.tsx","5","18","'Calendar' is defined but never used.","@typescript-eslint/no-unused-vars"
"D:\project\egov-enterprise\frontend\src\app\admin\operation\rewards\RewardManageClient.tsx","5","28","'CheckCircle2' is defined but never used.","@typescript-eslint/no-unused-vars"
"D:\project\egov-enterprise\frontend\src\app\admin\operation\rewards\RewardManageClient.tsx","5","42","'XCircle' is defined but never used.","@typescript-eslint/no-unused-vars"
"D:\project\egov-enterprise\frontend\src\app\admin\operation\rewards\RewardManageClient.tsx","18","10","'toast' is assigned a value but never used.","@typescript-eslint/no-unused-vars"
"D:\project\egov-enterprise\frontend\src\app\admin\operation\rewards\page.tsx","15","12","'error' is defined but never used.","@typescript-eslint/no-unused-vars"
"D:\project\egov-enterprise\frontend\src\app\admin\operation\rough-map\RoughMapManagementClient.tsx","6","2","'Map' is defined but never used.","@typescript-eslint/no-unused-vars"
"D:\project\egov-enterprise\frontend\src\app\admin\operation\rough-map\RoughMapManagementClient.tsx","7","10","'Settings2' is defined but never used.","@typescript-eslint/no-unused-vars"
"D:\project\egov-enterprise\frontend\src\app\admin\operation\rough-map\RoughMapManagementClient.tsx","7","21","'Sparkles' is defined but never used.","@typescript-eslint/no-unused-vars"
"D:\project\egov-enterprise\frontend\src\app\admin\operation\rough-map\RoughMapManagementClient.tsx","8","2","'ArrowRight' is defined but never used.","@typescript-eslint/no-unused-vars"
"D:\project\egov-enterprise\frontend\src\app\admin\operation\rough-map\RoughMapManagementClient.tsx","8","14","'MoreHorizontal' is defined but never used.","@typescript-eslint/no-unused-vars"
"D:\project\egov-enterprise\frontend\src\app\admin\operation\rough-map\RoughMapManagementClient.tsx","8","35","'RefreshCcw' is defined but never used.","@typescript-eslint/no-unused-vars"
"D:\project\egov-enterprise\frontend\src\app\admin\operation\rough-map\RoughMapManagementClient.tsx","10","10","'cn' is defined but never used.","@typescript-eslint/no-unused-vars"
"D:\project\egov-enterprise\frontend\src\app\admin\operation\rough-map\RoughMapManagementClient.tsx","12","10","'motion' is defined but never used.","@typescript-eslint/no-unused-vars"
"D:\project\egov-enterprise\frontend\src\app\admin\operation\rough-map\RoughMapManagementClient.tsx","12","18","'AnimatePresence' is defined but never used.","@typescript-eslint/no-unused-vars"
"D:\project\egov-enterprise\frontend\src\app\admin\operation\rough-map\RoughMapManagementClient.tsx","14","10","'Card' is defined but never used.","@typescript-eslint/no-unused-vars"
"D:\project\egov-enterprise\frontend\src\app\admin\operation\rough-map\RoughMapManagementClient.tsx","14","16","'CardHeader' is defined but never used.","@typescript-eslint/no-unused-vars"
"D:\project\egov-enterprise\frontend\src\app\admin\operation\rough-map\RoughMapManagementClient.tsx","14","28","'CardTitle' is defined but never used.","@typescript-eslint/no-unused-vars"
"D:\project\egov-enterprise\frontend\src\app\admin\operation\rough-map\RoughMapManagementClient.tsx","14","39","'CardContent' is defined but never used.","@typescript-eslint/no-unused-vars"
"D:\project\egov-enterprise\frontend\src\app\admin\operation\rough-map\RoughMapManagementClient.tsx","24","10","'toast' is assigned a value but never used.","@typescript-eslint/no-unused-vars"
"D:\project\egov-enterprise\frontend\src\app\admin\page.tsx","12","2","'Server' is defined but never used.","@typescript-eslint/no-unused-vars"
"D:\project\egov-enterprise\frontend\src\app\admin\page.tsx","16","2","'FileText' is defined but never used.","@typescript-eslint/no-unused-vars"
"D:\project\egov-enterprise\frontend\src\app\admin\page.tsx","17","2","'Settings' is defined but never used.","@typescript-eslint/no-unused-vars"
"D:\project\egov-enterprise\frontend\src\app\admin\page.tsx","18","2","'ArrowRight' is defined but never used.","@typescript-eslint/no-unused-vars"
"D:\project\egov-enterprise\frontend\src\app\admin\sanctn\WorkflowHubClient.tsx","2","10","'useQuery' is defined but never used.","@typescript-eslint/no-unused-vars"
"D:\project\egov-enterprise\frontend\src\app\admin\sanctn\WorkflowHubClient.tsx","14","2","'ShieldAlert' is defined but never used.","@typescript-eslint/no-unused-vars"
"D:\project\egov-enterprise\frontend\src\app\admin\sanctn\WorkflowHubClient.tsx","17","2","'Settings' is defined but never used.","@typescript-eslint/no-unused-vars"
"D:\project\egov-enterprise\frontend\src\app\admin\sanctn\WorkflowHubClient.tsx","21","2","'Clock' is defined but never used.","@typescript-eslint/no-unused-vars"
"D:\project\egov-enterprise\frontend\src\app\admin\sanctn\WorkflowHubClient.tsx","40","10","'toast' is assigned a value but never used.","@typescript-eslint/no-unused-vars"
"D:\project\egov-enterprise\frontend\src\app\admin\security\authority\SecurityHubClient.tsx","11","3","'Pencil' is defined but never used.","@typescript-eslint/no-unused-vars"
"D:\project\egov-enterprise\frontend\src\app\admin\security\authority\SecurityHubClient.tsx","13","3","'ChevronRight' is defined but never used.","@typescript-eslint/no-unused-vars"
"D:\project\egov-enterprise\frontend\src\app\admin\security\authority\SecurityHubClient.tsx","14","3","'Folder' is defined but never used.","@typescript-eslint/no-unused-vars"
"D:\project\egov-enterprise\frontend\src\app\admin\security\authority\SecurityHubClient.tsx","19","3","'XCircle' is defined but never used.","@typescript-eslint/no-unused-vars"
"D:\project\egov-enterprise\frontend\src\app\admin\security\authority\SecurityHubClient.tsx","26","3","'ShieldAlert' is defined but never used.","@typescript-eslint/no-unused-vars"
"D:\project\egov-enterprise\frontend\src\app\admin\security\authority\SecurityHubClient.tsx","27","3","'Zap' is defined but never used.","@typescript-eslint/no-unused-vars"
"D:\project\egov-enterprise\frontend\src\app\admin\security\authority\SecurityHubClient.tsx","29","3","'Database' is defined but never used.","@typescript-eslint/no-unused-vars"
"D:\project\egov-enterprise\frontend\src\app\admin\security\authority\SecurityHubClient.tsx","30","3","'Binary' is defined but never used.","@typescript-eslint/no-unused-vars"
"D:\project\egov-enterprise\frontend\src\app\admin\security\authority\SecurityHubClient.tsx","31","3","'Workflow' is defined but never used.","@typescript-eslint/no-unused-vars"
"D:\project\egov-enterprise\frontend\src\app\admin\security\authority\SecurityHubClient.tsx","32","3","'Contact2' is defined but never used.","@typescript-eslint/no-unused-vars"
"D:\project\egov-enterprise\frontend\src\app\admin\security\authority\SecurityHubClient.tsx","50","10","'FormField' is defined but never used.","@typescript-eslint/no-unused-vars"
"D:\project\egov-enterprise\frontend\src\app\admin\security\authority\SecurityHubClient.tsx","51","10","'Label' is defined but never used.","@typescript-eslint/no-unused-vars"
"D:\project\egov-enterprise\frontend\src\app\admin\security\authority\SecurityHubClient.tsx","53","10","'Textarea' is defined but never used.","@typescript-eslint/no-unused-vars"
"D:\project\egov-enterprise\frontend\src\app\admin\security\authority\SecurityHubClient.tsx","77","10","'isPending' is assigned a value but never used.","@typescript-eslint/no-unused-vars"
"D:\project\egov-enterprise\frontend\src\app\admin\security\authority\SecurityHubClient.tsx","179","14","'error' is defined but never used.","@typescript-eslint/no-unused-vars"
"D:\project\egov-enterprise\frontend\src\app\admin\security\authority\SecurityHubClient.tsx","219","14","'e' is defined but never used.","@typescript-eslint/no-unused-vars"
"D:\project\egov-enterprise\frontend\src\app\admin\security\authority\SecurityHubClient.tsx","250","14","'e' is defined but never used.","@typescript-eslint/no-unused-vars"
"D:\project\egov-enterprise\frontend\src\app\admin\security\authority\SecurityHubClient.tsx","285","33","'auth' is defined but never used.","@typescript-eslint/no-unused-vars"
"D:\project\egov-enterprise\frontend\src\app\admin\security\authority\SecurityHubClient.tsx","297","14","'e' is defined but never used.","@typescript-eslint/no-unused-vars"
"D:\project\egov-enterprise\frontend\src\app\admin\security\authority\components\SecurityMatrixVisualizer.tsx","8","2","'Globe' is defined but never used.","@typescript-eslint/no-unused-vars"
"D:\project\egov-enterprise\frontend\src\app\admin\security\authority\components\SecurityMatrixVisualizer.tsx","12","2","'ShieldAlert' is defined but never used.","@typescript-eslint/no-unused-vars"
"D:\project\egov-enterprise\frontend\src\app\admin\security\authority\components\SecurityMatrixVisualizer.tsx","15","2","'Trash2' is defined but never used.","@typescript-eslint/no-unused-vars"
"D:\project\egov-enterprise\frontend\src\app\admin\security\dept-authority\page.tsx","15","2","'Info' is defined but never used.","@typescript-eslint/no-unused-vars"
"D:\project\egov-enterprise\frontend\src\app\admin\security\dept-authority\page.tsx","17","2","'Circle' is defined but never used.","@typescript-eslint/no-unused-vars"
"D:\project\egov-enterprise\frontend\src\app\admin\security\dept-authority\page.tsx","21","2","'Zap' is defined but never used.","@typescript-eslint/no-unused-vars"
"D:\project\egov-enterprise\frontend\src\app\admin\security\dept-authority\page.tsx","22","2","'ArrowUpRight' is defined but never used.","@typescript-eslint/no-unused-vars"
"D:\project\egov-enterprise\frontend\src\app\admin\security\dept-authority\page.tsx","24","2","'LayoutGrid' is defined but never used.","@typescript-eslint/no-unused-vars"
"D:\project\egov-enterprise\frontend\src\app\admin\security\dept-authority\page.tsx","25","2","'Box' is defined but never used.","@typescript-eslint/no-unused-vars"
"D:\project\egov-enterprise\frontend\src\app\admin\security\dept-authority\page.tsx","26","2","'Binary' is defined but never used.","@typescript-eslint/no-unused-vars"
"D:\project\egov-enterprise\frontend\src\app\admin\security\dept-authority\page.tsx","28","2","'SearchCode' is defined but never used.","@typescript-eslint/no-unused-vars"
"D:\project\egov-enterprise\frontend\src\app\admin\security\dept-authority\page.tsx","30","2","'Milestone' is defined but never used.","@typescript-eslint/no-unused-vars"
"D:\project\egov-enterprise\frontend\src\app\admin\security\dept-authority\page.tsx","31","2","'Fingerprint' is defined but never used.","@typescript-eslint/no-unused-vars"
"D:\project\egov-enterprise\frontend\src\app\admin\security\dept-authority\page.tsx","32","2","'RotateCcw' is defined but never used.","@typescript-eslint/no-unused-vars"
"D:\project\egov-enterprise\frontend\src\app\admin\security\dept-authority\page.tsx","33","2","'ArrowRightCircle' is defined but never used.","@typescript-eslint/no-unused-vars"
"D:\project\egov-enterprise\frontend\src\app\admin\security\dept-authority\page.tsx","34","2","'Monitor' is defined but never used.","@typescript-eslint/no-unused-vars"
"D:\project\egov-enterprise\frontend\src\app\admin\security\dept-authority\page.tsx","36","2","'Contact2' is defined but never used.","@typescript-eslint/no-unused-vars"
"D:\project\egov-enterprise\frontend\src\app\admin\security\group\page.tsx","6","2","'Pencil' is defined but never used.","@typescript-eslint/no-unused-vars"
"D:\project\egov-enterprise\frontend\src\app\admin\security\group\page.tsx","11","2","'ShieldCheck' is defined but never used.","@typescript-eslint/no-unused-vars"
"D:\project\egov-enterprise\frontend\src\app\admin\security\group\page.tsx","16","2","'ArrowUpRight' is defined but never used.","@typescript-eslint/no-unused-vars"
"D:\project\egov-enterprise\frontend\src\app\admin\security\group\page.tsx","20","2","'Milestone' is defined but never used.","@typescript-eslint/no-unused-vars"
"D:\project\egov-enterprise\frontend\src\app\admin\security\group\page.tsx","22","2","'RotateCcw' is defined but never used.","@typescript-eslint/no-unused-vars"
"D:\project\egov-enterprise\frontend\src\app\admin\security\group\page.tsx","23","2","'ShieldAlert' is defined but never used.","@typescript-eslint/no-unused-vars"
"D:\project\egov-enterprise\frontend\src\app\admin\security\group\page.tsx","24","2","'Globe' is defined but never used.","@typescript-eslint/no-unused-vars"
"D:\project\egov-enterprise\frontend\src\app\admin\security\group\page.tsx","25","2","'Layers' is defined but never used.","@typescript-eslint/no-unused-vars"
"D:\project\egov-enterprise\frontend\src\app\admin\security\group\page.tsx","26","2","'Box' is defined but never used.","@typescript-eslint/no-unused-vars"
"D:\project\egov-enterprise\frontend\src\app\admin\security\group\page.tsx","28","2","'Workflow' is defined but never used.","@typescript-eslint/no-unused-vars"
"D:\project\egov-enterprise\frontend\src\app\admin\security\group\page.tsx","30","2","'SearchCode' is defined but never used.","@typescript-eslint/no-unused-vars"
"D:\project\egov-enterprise\frontend\src\app\admin\security\group\page.tsx","31","2","'Building2' is defined but never used.","@typescript-eslint/no-unused-vars"
"D:\project\egov-enterprise\frontend\src\app\admin\security\group\page.tsx","32","2","'Contact2' is defined but never used.","@typescript-eslint/no-unused-vars"
"D:\project\egov-enterprise\frontend\src\app\admin\security\group\page.tsx","43","10","'HubStatusBadge' is defined but never used.","@typescript-eslint/no-unused-vars"
"D:\project\egov-enterprise\frontend\src\app\admin\security\group\page.tsx","52","10","'motion' is defined but never used.","@typescript-eslint/no-unused-vars"
"D:\project\egov-enterprise\frontend\src\app\admin\security\group\page.tsx","52","18","'AnimatePresence' is defined but never used.","@typescript-eslint/no-unused-vars"
"D:\project\egov-enterprise\frontend\src\app\admin\security\login-policy\LoginPolicyAdminClient.tsx","13","10","'Label' is defined but never used.","@typescript-eslint/no-unused-vars"
"D:\project\egov-enterprise\frontend\src\app\admin\security\login-policy\LoginPolicyAdminClient.tsx","72","14","'error' is defined but never used.","@typescript-eslint/no-unused-vars"
"D:\project\egov-enterprise\frontend\src\app\admin\security\login-policy\LoginPolicyAdminClient.tsx","102","14","'error' is defined but never used.","@typescript-eslint/no-unused-vars"
"D:\project\egov-enterprise\frontend\src\app\admin\security\role\page.tsx","15","2","'ArrowUpRight' is defined but never used.","@typescript-eslint/no-unused-vars"
"D:\project\egov-enterprise\frontend\src\app\admin\security\role\page.tsx","17","2","'LayoutGrid' is defined but never used.","@typescript-eslint/no-unused-vars"
"D:\project\egov-enterprise\frontend\src\app\admin\security\role\page.tsx","18","2","'Box' is defined but never used.","@typescript-eslint/no-unused-vars"
"D:\project\egov-enterprise\frontend\src\app\admin\security\role\page.tsx","21","2","'Network' is defined but never used.","@typescript-eslint/no-unused-vars"
"D:\project\egov-enterprise\frontend\src\app\admin\security\role\page.tsx","23","2","'Building2' is defined but never used.","@typescript-eslint/no-unused-vars"
"D:\project\egov-enterprise\frontend\src\app\admin\security\role\page.tsx","24","2","'Contact2' is defined but never used.","@typescript-eslint/no-unused-vars"
"D:\project\egov-enterprise\frontend\src\app\admin\security\role\page.tsx","25","2","'Fingerprint' is defined but never used.","@typescript-eslint/no-unused-vars"
"D:\project\egov-enterprise\frontend\src\app\admin\security\role\page.tsx","26","2","'RotateCcw' is defined but never used.","@typescript-eslint/no-unused-vars"
"D:\project\egov-enterprise\frontend\src\app\admin\security\role\page.tsx","27","2","'ShieldAlert' is defined but never used.","@typescript-eslint/no-unused-vars"
"D:\project\egov-enterprise\frontend\src\app\admin\security\role\page.tsx","28","2","'Globe' is defined but never used.","@typescript-eslint/no-unused-vars"
"D:\project\egov-enterprise\frontend\src\app\admin\security\role\page.tsx","30","2","'Milestone' is defined but never used.","@typescript-eslint/no-unused-vars"
"D:\project\egov-enterprise\frontend\src\app\admin\security\role\page.tsx","31","2","'ArrowRightCircle' is defined but never used.","@typescript-eslint/no-unused-vars"
"D:\project\egov-enterprise\frontend\src\app\admin\security\role\page.tsx","32","2","'Monitor' is defined but never used.","@typescript-eslint/no-unused-vars"
"D:\project\egov-enterprise\frontend\src\app\admin\security\role\page.tsx","33","2","'Settings' is defined but never used.","@typescript-eslint/no-unused-vars"
"D:\project\egov-enterprise\frontend\src\app\admin\security\role\page.tsx","34","2","'Calendar' is defined but never used.","@typescript-eslint/no-unused-vars"
"D:\project\egov-enterprise\frontend\src\app\admin\security\role\page.tsx","45","10","'HubStatusBadge' is defined but never used.","@typescript-eslint/no-unused-vars"
"D:\project\egov-enterprise\frontend\src\app\admin\security\role\page.tsx","54","10","'motion' is defined but never used.","@typescript-eslint/no-unused-vars"
"D:\project\egov-enterprise\frontend\src\app\admin\security\role\page.tsx","54","18","'AnimatePresence' is defined but never used.","@typescript-eslint/no-unused-vars"
"D:\project\egov-enterprise\frontend\src\app\admin\stats\AdminStatsClient.tsx","14","3","'Users' is defined but never used.","@typescript-eslint/no-unused-vars"
"D:\project\egov-enterprise\frontend\src\app\admin\stats\AdminStatsClient.tsx","15","3","'FileText' is defined but never used.","@typescript-eslint/no-unused-vars"
"D:\project\egov-enterprise\frontend\src\app\admin\stats\AdminStatsClient.tsx","16","3","'MousePointer2' is defined but never used.","@typescript-eslint/no-unused-vars"
"D:\project\egov-enterprise\frontend\src\app\admin\stats\AdminStatsClient.tsx","17","3","'AlertTriangle' is defined but never used.","@typescript-eslint/no-unused-vars"
"D:\project\egov-enterprise\frontend\src\app\admin\stats\AdminStatsClient.tsx","18","3","'TrendingUp' is defined but never used.","@typescript-eslint/no-unused-vars"
"D:\project\egov-enterprise\frontend\src\app\admin\stats\AdminStatsClient.tsx","21","3","'Zap' is defined but never used.","@typescript-eslint/no-unused-vars"
"D:\project\egov-enterprise\frontend\src\app\admin\stats\AdminStatsClient.tsx","22","3","'Clock' is defined but never used.","@typescript-eslint/no-unused-vars"
"D:\project\egov-enterprise\frontend\src\app\admin\stats\AdminStatsClient.tsx","25","3","'BarChart' is defined but never used.","@typescript-eslint/no-unused-vars"
"D:\project\egov-enterprise\frontend\src\app\admin\stats\AdminStatsClient.tsx","30","3","'Server' is defined but never used.","@typescript-eslint/no-unused-vars"
"D:\project\egov-enterprise\frontend\src\app\admin\stats\AdminStatsClient.tsx","31","3","'ZapOff' is defined but never used.","@typescript-eslint/no-unused-vars"
"D:\project\egov-enterprise\frontend\src\app\admin\stats\AdminStatsClient.tsx","50","10","'motion' is defined but never used.","@typescript-eslint/no-unused-vars"
"D:\project\egov-enterprise\frontend\src\app\admin\stats\AdminStatsClient.tsx","50","18","'AnimatePresence' is defined but never used.","@typescript-eslint/no-unused-vars"
"D:\project\egov-enterprise\frontend\src\app\admin\stats\AdminStatsClient.tsx","295","9","'colorMap' is assigned a value but never used.","@typescript-eslint/no-unused-vars"
"D:\project\egov-enterprise\frontend\src\app\admin\stats\GenericStatsClient.tsx","14","2","'FileText' is defined but never used.","@typescript-eslint/no-unused-vars"
"D:\project\egov-enterprise\frontend\src\app\admin\stats\GenericStatsClient.tsx","15","2","'MousePointer2' is defined but never used.","@typescript-eslint/no-unused-vars"
"D:\project\egov-enterprise\frontend\src\app\admin\stats\IntelligenceHubClient.tsx","9","3","'PieChart' is defined but never used.","@typescript-eslint/no-unused-vars"
"D:\project\egov-enterprise\frontend\src\app\admin\stats\IntelligenceHubClient.tsx","10","3","'LineChart' is defined but never used.","@typescript-eslint/no-unused-vars"
"D:\project\egov-enterprise\frontend\src\app\admin\stats\IntelligenceHubClient.tsx","16","3","'TrendingUp' is defined but never used.","@typescript-eslint/no-unused-vars"
"D:\project\egov-enterprise\frontend\src\app\admin\stats\IntelligenceHubClient.tsx","20","3","'Search' is defined but never used.","@typescript-eslint/no-unused-vars"
"D:\project\egov-enterprise\frontend\src\app\admin\stats\IntelligenceHubClient.tsx","25","3","'ClipboardList' is defined but never used.","@typescript-eslint/no-unused-vars"
"D:\project\egov-enterprise\frontend\src\app\admin\stats\IntelligenceHubClient.tsx","30","29","'StatsDto' is defined but never used.","@typescript-eslint/no-unused-vars"
"D:\project\egov-enterprise\frontend\src\app\admin\stats\IntelligenceHubClient.tsx","33","3","'BarChart' is defined but never used.","@typescript-eslint/no-unused-vars"
"D:\project\egov-enterprise\frontend\src\app\admin\stats\IntelligenceHubClient.tsx","34","3","'Bar' is defined but never used.","@typescript-eslint/no-unused-vars"
"D:\project\egov-enterprise\frontend\src\app\admin\stats\IntelligenceHubClient.tsx","39","16","'RechartsLineChart' is defined but never used.","@typescript-eslint/no-unused-vars"
"D:\project\egov-enterprise\frontend\src\app\admin\stats\IntelligenceHubClient.tsx","40","3","'Line' is defined but never used.","@typescript-eslint/no-unused-vars"
"D:\project\egov-enterprise\frontend\src\app\admin\stats\IntelligenceHubClient.tsx","72","39","'isDataLoading' is assigned a value but never used.","@typescript-eslint/no-unused-vars"
"D:\project\egov-enterprise\frontend\src\app\admin\stats\IntelligenceHubClient.tsx","78","37","'isSurveyLoading' is assigned a value but never used.","@typescript-eslint/no-unused-vars"
"D:\project\egov-enterprise\frontend\src\app\admin\stats\page.tsx","38","12","'error' is defined but never used.","@typescript-eslint/no-unused-vars"
"D:\project\egov-enterprise\frontend\src\app\admin\survey\SurveyHubClient.tsx","4","10","'useQuery' is defined but never used.","@typescript-eslint/no-unused-vars"
"D:\project\egov-enterprise\frontend\src\app\admin\survey\SurveyHubClient.tsx","4","20","'useMutation' is defined but never used.","@typescript-eslint/no-unused-vars"
"D:\project\egov-enterprise\frontend\src\app\admin\survey\SurveyHubClient.tsx","5","10","'Card' is defined but never used.","@typescript-eslint/no-unused-vars"
"D:\project\egov-enterprise\frontend\src\app\admin\survey\SurveyHubClient.tsx","5","16","'CardHeader' is defined but never used.","@typescript-eslint/no-unused-vars"
"D:\project\egov-enterprise\frontend\src\app\admin\survey\SurveyHubClient.tsx","5","28","'CardTitle' is defined but never used.","@typescript-eslint/no-unused-vars"
"D:\project\egov-enterprise\frontend\src\app\admin\survey\SurveyHubClient.tsx","5","39","'CardContent' is defined but never used.","@typescript-eslint/no-unused-vars"
"D:\project\egov-enterprise\frontend\src\app\admin\survey\SurveyHubClient.tsx","15","3","'FileText' is defined but never used.","@typescript-eslint/no-unused-vars"
"D:\project\egov-enterprise\frontend\src\app\admin\survey\SurveyHubClient.tsx","19","3","'Filter' is defined but never used.","@typescript-eslint/no-unused-vars"
"D:\project\egov-enterprise\frontend\src\app\admin\survey\SurveyHubClient.tsx","22","3","'ChevronRight' is defined but never used.","@typescript-eslint/no-unused-vars"
"D:\project\egov-enterprise\frontend\src\app\admin\survey\SurveyHubClient.tsx","23","3","'Trophy' is defined but never used.","@typescript-eslint/no-unused-vars"
"D:\project\egov-enterprise\frontend\src\app\admin\survey\SurveyHubClient.tsx","30","3","'Settings' is defined but never used.","@typescript-eslint/no-unused-vars"
"D:\project\egov-enterprise\frontend\src\app\admin\survey\SurveyHubClient.tsx","33","3","'ArrowRight' is defined but never used.","@typescript-eslint/no-unused-vars"
"D:\project\egov-enterprise\frontend\src\app\admin\survey\SurveyHubClient.tsx","55","9","'queryClient' is assigned a value but never used.","@typescript-eslint/no-unused-vars"
"D:\project\egov-enterprise\frontend\src\app\admin\survey\SurveyHubClient.tsx","56","11","'toast' is assigned a value but never used.","@typescript-eslint/no-unused-vars"
"D:\project\egov-enterprise\frontend\src\app\admin\survey\SurveyHubClient.tsx","71","9","'selectedSurvey' is assigned a value but never used.","@typescript-eslint/no-unused-vars"
"D:\project\egov-enterprise\frontend\src\app\admin\survey\SurveyHubClient.tsx","305","33","'active' is assigned a value but never used.","@typescript-eslint/no-unused-vars"
"D:\project\egov-enterprise\frontend\src\app\admin\survey\hub\SurveyHubClient.tsx","3","10","'useState' is defined but never used.","@typescript-eslint/no-unused-vars"
"D:\project\egov-enterprise\frontend\src\app\admin\survey\hub\SurveyHubClient.tsx","3","20","'Suspense' is defined but never used.","@typescript-eslint/no-unused-vars"
"D:\project\egov-enterprise\frontend\src\app\admin\survey\hub\SurveyHubClient.tsx","7","10","'Card' is defined but never used.","@typescript-eslint/no-unused-vars"
"D:\project\egov-enterprise\frontend\src\app\admin\survey\hub\SurveyHubClient.tsx","7","16","'CardContent' is defined but never used.","@typescript-eslint/no-unused-vars"
"D:\project\egov-enterprise\frontend\src\app\admin\survey\hub\SurveyHubClient.tsx","7","29","'CardDescription' is defined but never used.","@typescript-eslint/no-unused-vars"
"D:\project\egov-enterprise\frontend\src\app\admin\survey\hub\SurveyHubClient.tsx","7","46","'CardHeader' is defined but never used.","@typescript-eslint/no-unused-vars"
"D:\project\egov-enterprise\frontend\src\app\admin\survey\hub\SurveyHubClient.tsx","7","58","'CardTitle' is defined but never used.","@typescript-eslint/no-unused-vars"
"D:\project\egov-enterprise\frontend\src\app\admin\survey\hub\SurveyHubClient.tsx","10","2","'PieChart' is defined but never used.","@typescript-eslint/no-unused-vars"
"D:\project\egov-enterprise\frontend\src\app\admin\survey\hub\SurveyHubClient.tsx","10","12","'Target' is defined but never used.","@typescript-eslint/no-unused-vars"
"D:\project\egov-enterprise\frontend\src\app\admin\survey\hub\SurveyHubClient.tsx","10","25","'ArrowUpRight' is defined but never used.","@typescript-eslint/no-unused-vars"
"D:\project\egov-enterprise\frontend\src\app\admin\survey\hub\SurveyHubClient.tsx","10","39","'Search' is defined but never used.","@typescript-eslint/no-unused-vars"
"D:\project\egov-enterprise\frontend\src\app\admin\survey\hub\SurveyHubClient.tsx","10","53","'Loader2' is defined but never used.","@typescript-eslint/no-unused-vars"
"D:\project\egov-enterprise\frontend\src\app\admin\survey\hub\SurveyHubClient.tsx","10","62","'Sparkles' is defined but never used.","@typescript-eslint/no-unused-vars"
"D:\project\egov-enterprise\frontend\src\app\admin\survey\hub\SurveyHubClient.tsx","11","10","'Clock' is defined but never used.","@typescript-eslint/no-unused-vars"
"D:\project\egov-enterprise\frontend\src\app\admin\survey\hub\SurveyHubClient.tsx","11","17","'ShieldCheck' is defined but never used.","@typescript-eslint/no-unused-vars"
"D:\project\egov-enterprise\frontend\src\app\admin\survey\manage\page.tsx","8","10","'Badge' is defined but never used.","@typescript-eslint/no-unused-vars"
"D:\project\egov-enterprise\frontend\src\app\admin\survey\manage\page.tsx","9","34","'Calendar' is defined but never used.","@typescript-eslint/no-unused-vars"
"D:\project\egov-enterprise\frontend\src\app\admin\survey\manage\page.tsx","9","44","'User' is defined but never used.","@typescript-eslint/no-unused-vars"
"D:\project\egov-enterprise\frontend\src\app\admin\survey\polls\OnlinePollAdminClient.tsx","6","49","'OnlinePollItemDto' is defined but never used.","@typescript-eslint/no-unused-vars"
"D:\project\egov-enterprise\frontend\src\app\admin\survey\polls\OnlinePollAdminClient.tsx","17","2","'CheckCircle2' is defined but never used.","@typescript-eslint/no-unused-vars"
"D:\project\egov-enterprise\frontend\src\app\admin\survey\polls\OnlinePollAdminClient.tsx","20","2","'Users' is defined but never used.","@typescript-eslint/no-unused-vars"
"D:\project\egov-enterprise\frontend\src\app\admin\survey\polls\OnlinePollAdminClient.tsx","23","2","'PieChart' is defined but never used.","@typescript-eslint/no-unused-vars"
"D:\project\egov-enterprise\frontend\src\app\admin\survey\polls\OnlinePollAdminClient.tsx","26","2","'Target' is defined but never used.","@typescript-eslint/no-unused-vars"
"D:\project\egov-enterprise\frontend\src\app\admin\survey\polls\OnlinePollAdminClient.tsx","27","2","'ChevronRight' is defined but never used.","@typescript-eslint/no-unused-vars"
"D:\project\egov-enterprise\frontend\src\app\admin\survey\polls\OnlinePollAdminClient.tsx","45","18","'AnimatePresence' is defined but never used.","@typescript-eslint/no-unused-vars"
"D:\project\egov-enterprise\frontend\src\app\admin\survey\polls\OnlinePollAdminClient.tsx","73","11","'error' is defined but never used.","@typescript-eslint/no-unused-vars"
"D:\project\egov-enterprise\frontend\src\app\admin\survey\polls\OnlinePollAdminClient.tsx","106","11","'error' is defined but never used.","@typescript-eslint/no-unused-vars"
"D:\project\egov-enterprise\frontend\src\app\admin\survey\polls\participate\OnlinePollParticipateClient.tsx","12","2","'BarChart3' is defined but never used.","@typescript-eslint/no-unused-vars"
"D:\project\egov-enterprise\frontend\src\app\admin\survey\polls\participate\OnlinePollParticipateClient.tsx","13","2","'Clock' is defined but never used.","@typescript-eslint/no-unused-vars"
"D:\project\egov-enterprise\frontend\src\app\admin\survey\polls\participate\OnlinePollParticipateClient.tsx","14","2","'AlertCircle' is defined but never used.","@typescript-eslint/no-unused-vars"
"D:\project\egov-enterprise\frontend\src\app\admin\survey\polls\participate\OnlinePollParticipateClient.tsx","20","10","'motion' is defined but never used.","@typescript-eslint/no-unused-vars"
"D:\project\egov-enterprise\frontend\src\app\admin\survey\polls\participate\OnlinePollParticipateClient.tsx","20","18","'AnimatePresence' is defined but never used.","@typescript-eslint/no-unused-vars"
"D:\project\egov-enterprise\frontend\src\app\admin\survey\polls\participate\OnlinePollParticipateClient.tsx","22","10","'Progress' is defined but never used.","@typescript-eslint/no-unused-vars"
"D:\project\egov-enterprise\frontend\src\app\admin\survey\polls\participate\OnlinePollParticipateClient.tsx","50","11","'error' is defined but never used.","@typescript-eslint/no-unused-vars"
"D:\project\egov-enterprise\frontend\src\app\admin\survey\stats\page.tsx","22","41","'CardTitle' is defined but never used.","@typescript-eslint/no-unused-vars"
"D:\project\egov-enterprise\frontend\src\app\admin\system\audit\AuditTimelineClient.tsx","24","10","'HubMetricGrid' is defined but never used.","@typescript-eslint/no-unused-vars"
"D:\project\egov-enterprise\frontend\src\app\admin\system\audit\AuditTimelineClient.tsx","34","16","'setPage' is assigned a value but never used.","@typescript-eslint/no-unused-vars"
"D:\project\egov-enterprise\frontend\src\app\admin\system\audit\TimelineItem.tsx","7","3","'LogIn' is defined but never used.","@typescript-eslint/no-unused-vars"
"D:\project\egov-enterprise\frontend\src\app\admin\system\audit\TimelineItem.tsx","8","3","'UserRound' is defined but never used.","@typescript-eslint/no-unused-vars"
"D:\project\egov-enterprise\frontend\src\app\admin\system\audit\TimelineItem.tsx","9","3","'Settings' is defined but never used.","@typescript-eslint/no-unused-vars"
"D:\project\egov-enterprise\frontend\src\app\admin\system\audit\TimelineItem.tsx","13","3","'SearchCode' is defined but never used.","@typescript-eslint/no-unused-vars"
"D:\project\egov-enterprise\frontend\src\app\admin\system\audit\TimelineItem.tsx","16","3","'CheckCircle2' is defined but never used.","@typescript-eslint/no-unused-vars"
"D:\project\egov-enterprise\frontend\src\app\admin\system\banner\BannerAdminClient.tsx","5","20","'useQueryClient' is defined but never used.","@typescript-eslint/no-unused-vars"
"D:\project\egov-enterprise\frontend\src\app\admin\system\banner\BannerAdminClient.tsx","15","10","'FormField' is defined but never used.","@typescript-eslint/no-unused-vars"
"D:\project\egov-enterprise\frontend\src\app\admin\system\banner\BannerAdminClient.tsx","29","2","'CheckCircle2' is defined but never used.","@typescript-eslint/no-unused-vars"
"D:\project\egov-enterprise\frontend\src\app\admin\system\banner\BannerAdminClient.tsx","31","2","'Clock' is defined but never used.","@typescript-eslint/no-unused-vars"
"D:\project\egov-enterprise\frontend\src\app\admin\system\banner\BannerAdminClient.tsx","90","6","'BannerFormValues' is defined but never used.","@typescript-eslint/no-unused-vars"
"D:\project\egov-enterprise\frontend\src\app\admin\system\banner\BannerAdminClient.tsx","91","6","'PopupFormValues' is defined but never used.","@typescript-eslint/no-unused-vars"
"D:\project\egov-enterprise\frontend\src\app\admin\system\banner\BannerAdminClient.tsx","204","11","'error' is defined but never used.","@typescript-eslint/no-unused-vars"
"D:\project\egov-enterprise\frontend\src\app\admin\system\banner\BannerAdminClient.tsx","240","11","'error' is defined but never used.","@typescript-eslint/no-unused-vars"
"D:\project\egov-enterprise\frontend\src\app\admin\system\banner\BannerAdminClient.tsx","297","11","'error' is defined but never used.","@typescript-eslint/no-unused-vars"
"D:\project\egov-enterprise\frontend\src\app\admin\system\banner\page.tsx","6","10","'Loader2' is defined but never used.","@typescript-eslint/no-unused-vars"
"D:\project\egov-enterprise\frontend\src\app\admin\system\codes\administ\AdministCodeClient.tsx","3","27","'useEffect' is defined but never used.","@typescript-eslint/no-unused-vars"
"D:\project\egov-enterprise\frontend\src\app\admin\system\codes\administ\AdministCodeClient.tsx","10","2","'Globe' is defined but never used.","@typescript-eslint/no-unused-vars"
"D:\project\egov-enterprise\frontend\src\app\admin\system\codes\administ\AdministCodeClient.tsx","11","2","'CheckCircle2' is defined but never used.","@typescript-eslint/no-unused-vars"
"D:\project\egov-enterprise\frontend\src\app\admin\system\codes\administ\AdministCodeClient.tsx","12","2","'XCircle' is defined but never used.","@typescript-eslint/no-unused-vars"
"D:\project\egov-enterprise\frontend\src\app\admin\system\codes\administ\AdministCodeClient.tsx","15","2","'Zap' is defined but never used.","@typescript-eslint/no-unused-vars"
"D:\project\egov-enterprise\frontend\src\app\admin\system\codes\administ\AdministCodeClient.tsx","21","2","'BarChart3' is defined but never used.","@typescript-eslint/no-unused-vars"
"D:\project\egov-enterprise\frontend\src\app\admin\system\codes\administ\AdministCodeClient.tsx","23","2","'Maximize2' is defined but never used.","@typescript-eslint/no-unused-vars"
"D:\project\egov-enterprise\frontend\src\app\admin\system\codes\administ\AdministCodeClient.tsx","24","2","'Settings' is defined but never used.","@typescript-eslint/no-unused-vars"
"D:\project\egov-enterprise\frontend\src\app\admin\system\codes\administ\AdministCodeClient.tsx","53","11","'error' is defined but never used.","@typescript-eslint/no-unused-vars"
"D:\project\egov-enterprise\frontend\src\app\admin\system\codes\institution\InstitutionCodeClient.tsx","8","2","'CheckCircle' is defined but never used.","@typescript-eslint/no-unused-vars"
"D:\project\egov-enterprise\frontend\src\app\admin\system\codes\institution\InstitutionCodeClient.tsx","14","2","'Filter' is defined but never used.","@typescript-eslint/no-unused-vars"
"D:\project\egov-enterprise\frontend\src\app\admin\system\codes\institution\InstitutionCodeClient.tsx","15","2","'Layers' is defined but never used.","@typescript-eslint/no-unused-vars"
"D:\project\egov-enterprise\frontend\src\app\admin\system\codes\institution\InstitutionCodeClient.tsx","16","2","'ArrowRight' is defined but never used.","@typescript-eslint/no-unused-vars"
"D:\project\egov-enterprise\frontend\src\app\admin\system\codes\institution\InstitutionCodeClient.tsx","18","2","'Activity' is defined but never used.","@typescript-eslint/no-unused-vars"
"D:\project\egov-enterprise\frontend\src\app\admin\system\codes\institution\InstitutionCodeClient.tsx","23","2","'FileCode' is defined but never used.","@typescript-eslint/no-unused-vars"
"D:\project\egov-enterprise\frontend\src\app\admin\system\codes\institution\InstitutionCodeClient.tsx","26","2","'ChevronRight' is defined but never used.","@typescript-eslint/no-unused-vars"
"D:\project\egov-enterprise\frontend\src\app\admin\system\codes\institution\InstitutionCodeClient.tsx","29","2","'XCircle' is defined but never used.","@typescript-eslint/no-unused-vars"
"D:\project\egov-enterprise\frontend\src\app\admin\system\codes\institution\InstitutionCodeClient.tsx","34","10","'HubStatusBadge' is defined but never used.","@typescript-eslint/no-unused-vars"
"D:\project\egov-enterprise\frontend\src\app\admin\system\codes\institution\InstitutionCodeClient.tsx","58","11","'error' is defined but never used.","@typescript-eslint/no-unused-vars"
"D:\project\egov-enterprise\frontend\src\app\admin\system\codes\institution\InstitutionCodeClient.tsx","72","11","'error' is defined but never used.","@typescript-eslint/no-unused-vars"
"D:\project\egov-enterprise\frontend\src\app\admin\system\codes\institution\InstitutionCodeClient.tsx","90","11","'error' is defined but never used.","@typescript-eslint/no-unused-vars"
"D:\project\egov-enterprise\frontend\src\app\admin\system\common-code\CommonCodeClient.tsx","11","2","'DragOverEvent' is defined but never used.","@typescript-eslint/no-unused-vars"
"D:\project\egov-enterprise\frontend\src\app\admin\system\common-code\CommonCodeClient.tsx","25","27","'rebuildCodeTree' is defined but never used.","@typescript-eslint/no-unused-vars"
"D:\project\egov-enterprise\frontend\src\app\admin\system\common-code\CommonCodeClient.tsx","37","2","'LayoutGrid' is defined but never used.","@typescript-eslint/no-unused-vars"
"D:\project\egov-enterprise\frontend\src\app\admin\system\common-code\CommonCodeClient.tsx","209","9","'isSaving' is assigned a value but never used.","@typescript-eslint/no-unused-vars"
"D:\project\egov-enterprise\frontend\src\app\admin\system\common-code\CommonCodeClient.tsx","354","11","'error' is defined but never used.","@typescript-eslint/no-unused-vars"
"D:\project\egov-enterprise\frontend\src\app\admin\system\common-code\CommonCodeClient.tsx","417","11","'error' is defined but never used.","@typescript-eslint/no-unused-vars"
"D:\project\egov-enterprise\frontend\src\app\admin\system\common-code\CommonCodeClient.tsx","447","11","'error' is defined but never used.","@typescript-eslint/no-unused-vars"
"D:\project\egov-enterprise\frontend\src\app\admin\system\common-code\CommonCodeHubClient.tsx","10","3","'ChevronRight' is defined but never used.","@typescript-eslint/no-unused-vars"
"D:\project\egov-enterprise\frontend\src\app\admin\system\common-code\CommonCodeHubClient.tsx","13","3","'Activity' is defined but never used.","@typescript-eslint/no-unused-vars"
"D:\project\egov-enterprise\frontend\src\app\admin\system\common-code\CommonCodeHubClient.tsx","14","3","'Server' is defined but never used.","@typescript-eslint/no-unused-vars"
"D:\project\egov-enterprise\frontend\src\app\admin\system\common-code\CommonCodeHubClient.tsx","15","3","'Network' is defined but never used.","@typescript-eslint/no-unused-vars"
"D:\project\egov-enterprise\frontend\src\app\admin\system\common-code\CommonCodeHubClient.tsx","17","3","'Layers' is defined but never used.","@typescript-eslint/no-unused-vars"
"D:\project\egov-enterprise\frontend\src\app\admin\system\common-code\CommonCodeHubClient.tsx","18","3","'SearchCode' is defined but never used.","@typescript-eslint/no-unused-vars"
"D:\project\egov-enterprise\frontend\src\app\admin\system\common-code\treeUtils.ts","1","25","'GroupCode' is defined but never used.","@typescript-eslint/no-unused-vars"
"D:\project\egov-enterprise\frontend\src\app\admin\system\common-code\treeUtils.ts","2","10","'arrayMove' is defined but never used.","@typescript-eslint/no-unused-vars"
"D:\project\egov-enterprise\frontend\src\app\admin\system\common-code\treeUtils.ts","69","3","'dragOffset' is defined but never used.","@typescript-eslint/no-unused-vars"
"D:\project\egov-enterprise\frontend\src\app\admin\system\common-code\treeUtils.ts","70","3","'indentationWidth' is defined but never used.","@typescript-eslint/no-unused-vars"
"D:\project\egov-enterprise\frontend\src\app\admin\system\hpcm\HpcmClient.tsx","9","10","'hpcmAdminService' is defined but never used.","@typescript-eslint/no-unused-vars"
"D:\project\egov-enterprise\frontend\src\app\admin\system\hpcm\HpcmClient.tsx","10","32","'Info' is defined but never used.","@typescript-eslint/no-unused-vars"
"D:\project\egov-enterprise\frontend\src\app\admin\system\hpcm\HpcmClient.tsx","14","18","'setLoading' is assigned a value but never used.","@typescript-eslint/no-unused-vars"
"D:\project\egov-enterprise\frontend\src\app\admin\system\ism\IsmClient.tsx","21","2","'Sparkles' is defined but never used.","@typescript-eslint/no-unused-vars"
"D:\project\egov-enterprise\frontend\src\app\admin\system\ism\IsmClient.tsx","22","2","'Info' is defined but never used.","@typescript-eslint/no-unused-vars"
"D:\project\egov-enterprise\frontend\src\app\admin\system\ism\IsmClient.tsx","23","2","'ArrowRightCircle' is defined but never used.","@typescript-eslint/no-unused-vars"
"D:\project\egov-enterprise\frontend\src\app\admin\system\ism\IsmClient.tsx","24","2","'ShieldAlert' is defined but never used.","@typescript-eslint/no-unused-vars"
"D:\project\egov-enterprise\frontend\src\app\admin\system\ism\IsmClient.tsx","32","2","'CheckCircle' is defined but never used.","@typescript-eslint/no-unused-vars"
"D:\project\egov-enterprise\frontend\src\app\admin\system\ism\IsmClient.tsx","35","10","'cn' is defined but never used.","@typescript-eslint/no-unused-vars"
"D:\project\egov-enterprise\frontend\src\app\admin\system\ism\IsmClient.tsx","61","8","'confirm' is assigned a value but never used.","@typescript-eslint/no-unused-vars"
"D:\project\egov-enterprise\frontend\src\app\admin\system\ism\IsmClient.tsx","91","11","'error' is defined but never used.","@typescript-eslint/no-unused-vars"
"D:\project\egov-enterprise\frontend\src\app\admin\system\layout\LayoutManagerClient.tsx","8","3","'Save' is defined but never used.","@typescript-eslint/no-unused-vars"
"D:\project\egov-enterprise\frontend\src\app\admin\system\layout\LayoutManagerClient.tsx","16","16","'CardHeader' is defined but never used.","@typescript-eslint/no-unused-vars"
"D:\project\egov-enterprise\frontend\src\app\admin\system\layout\LayoutManagerClient.tsx","16","28","'CardTitle' is defined but never used.","@typescript-eslint/no-unused-vars"
"D:\project\egov-enterprise\frontend\src\app\admin\system\logs\system\page.tsx","84","24","'_item' is defined but never used.","@typescript-eslint/no-unused-vars"
"D:\project\egov-enterprise\frontend\src\app\admin\system\lsm\LsmClient.tsx","9","10","'leaderScheduleAdminService' is defined but never used.","@typescript-eslint/no-unused-vars"
"D:\project\egov-enterprise\frontend\src\app\admin\system\lsm\LsmClient.tsx","10","46","'Search' is defined but never used.","@typescript-eslint/no-unused-vars"
"D:\project\egov-enterprise\frontend\src\app\admin\system\lsm\LsmClient.tsx","20","18","'setLoading' is assigned a value but never used.","@typescript-eslint/no-unused-vars"
"D:\project\egov-enterprise\frontend\src\app\admin\system\menus\MenuAdminClient.tsx","31","10","'Select' is defined but never used.","@typescript-eslint/no-unused-vars"
"D:\project\egov-enterprise\frontend\src\app\admin\system\menus\MenuAdminClient.tsx","31","18","'SelectContent' is defined but never used.","@typescript-eslint/no-unused-vars"
"D:\project\egov-enterprise\frontend\src\app\admin\system\menus\MenuAdminClient.tsx","31","33","'SelectItem' is defined but never used.","@typescript-eslint/no-unused-vars"
"D:\project\egov-enterprise\frontend\src\app\admin\system\menus\MenuAdminClient.tsx","31","45","'SelectTrigger' is defined but never used.","@typescript-eslint/no-unused-vars"
"D:\project\egov-enterprise\frontend\src\app\admin\system\menus\MenuAdminClient.tsx","31","60","'SelectValue' is defined but never used.","@typescript-eslint/no-unused-vars"
"D:\project\egov-enterprise\frontend\src\app\admin\system\menus\MenuAdminClient.tsx","75","23","'buildTree' is defined but never used.","@typescript-eslint/no-unused-vars"
"D:\project\egov-enterprise\frontend\src\app\admin\system\menus\MenuAdminClient.tsx","113","5","'isSaving' is defined but never used.","@typescript-eslint/no-unused-vars"
"D:\project\egov-enterprise\frontend\src\app\admin\system\menus\MenuAdminClient.tsx","286","9","'programs' is assigned a value but never used.","@typescript-eslint/no-unused-vars"
"D:\project\egov-enterprise\frontend\src\app\admin\system\menus\__tests__\MenuAdminClient.test.tsx","1","37","'waitFor' is defined but never used.","@typescript-eslint/no-unused-vars"
"D:\project\egov-enterprise\frontend\src\app\admin\system\menus\page.tsx","3","10","'redirect' is defined but never used.","@typescript-eslint/no-unused-vars"
"D:\project\egov-enterprise\frontend\src\app\admin\system\menus\treeUtils.ts","137","9","'nextItem' is assigned a value but never used.","@typescript-eslint/no-unused-vars"
"D:\project\egov-enterprise\frontend\src\app\admin\system\monitoring\MonitoringHubClient.tsx","5","10","'Card' is defined but never used.","@typescript-eslint/no-unused-vars"
"D:\project\egov-enterprise\frontend\src\app\admin\system\monitoring\MonitoringHubClient.tsx","5","16","'CardHeader' is defined but never used.","@typescript-eslint/no-unused-vars"
"D:\project\egov-enterprise\frontend\src\app\admin\system\monitoring\MonitoringHubClient.tsx","5","28","'CardTitle' is defined but never used.","@typescript-eslint/no-unused-vars"
"D:\project\egov-enterprise\frontend\src\app\admin\system\monitoring\MonitoringHubClient.tsx","5","39","'CardContent' is defined but never used.","@typescript-eslint/no-unused-vars"
"D:\project\egov-enterprise\frontend\src\app\admin\system\monitoring\MonitoringHubClient.tsx","10","10","'HubMetricGrid' is defined but never used.","@typescript-eslint/no-unused-vars"
"D:\project\egov-enterprise\frontend\src\app\admin\system\monitoring\MonitoringHubClient.tsx","10","25","'HubMetricCard' is defined but never used.","@typescript-eslint/no-unused-vars"
"D:\project\egov-enterprise\frontend\src\app\admin\system\monitoring\MonitoringHubClient.tsx","17","3","'Filter' is defined but never used.","@typescript-eslint/no-unused-vars"
"D:\project\egov-enterprise\frontend\src\app\admin\system\monitoring\MonitoringHubClient.tsx","22","3","'Cpu' is defined but never used.","@typescript-eslint/no-unused-vars"
"D:\project\egov-enterprise\frontend\src\app\admin\system\monitoring\MonitoringHubClient.tsx","23","3","'HardDrive' is defined but never used.","@typescript-eslint/no-unused-vars"
"D:\project\egov-enterprise\frontend\src\app\admin\system\monitoring\MonitoringHubClient.tsx","24","3","'Server' is defined but never used.","@typescript-eslint/no-unused-vars"
"D:\project\egov-enterprise\frontend\src\app\admin\system\monitoring\MonitoringHubClient.tsx","27","3","'Clock' is defined but never used.","@typescript-eslint/no-unused-vars"
"D:\project\egov-enterprise\frontend\src\app\admin\system\monitoring\MonitoringHubClient.tsx","31","3","'Globe' is defined but never used.","@typescript-eslint/no-unused-vars"
"D:\project\egov-enterprise\frontend\src\app\admin\system\monitoring\MonitoringHubClient.tsx","33","3","'SearchCode' is defined but never used.","@typescript-eslint/no-unused-vars"
"D:\project\egov-enterprise\frontend\src\app\admin\system\monitoring\MonitoringHubClient.tsx","36","3","'AlertCircle' is defined but never used.","@typescript-eslint/no-unused-vars"
"D:\project\egov-enterprise\frontend\src\app\admin\system\monitoring\MonitoringHubClient.tsx","81","10","'isPending' is assigned a value but never used.","@typescript-eslint/no-unused-vars"
"D:\project\egov-enterprise\frontend\src\app\admin\system\network\NetworkAdminClient.tsx","20","5","'Shield' is defined but never used.","@typescript-eslint/no-unused-vars"
"D:\project\egov-enterprise\frontend\src\app\admin\system\network\NetworkAdminClient.tsx","79","22","'error' is defined but never used.","@typescript-eslint/no-unused-vars"
"D:\project\egov-enterprise\frontend\src\app\admin\system\network\NetworkAdminClient.tsx","219","38","'error' is defined but never used.","@typescript-eslint/no-unused-vars"
"D:\project\egov-enterprise\frontend\src\app\admin\system\policies\PolicyAdminClient.tsx","10","10","'Label' is defined but never used.","@typescript-eslint/no-unused-vars"
"D:\project\egov-enterprise\frontend\src\app\admin\system\programs\ProgramAdminClient.tsx","20","2","'Globe' is defined but never used.","@typescript-eslint/no-unused-vars"
"D:\project\egov-enterprise\frontend\src\app\admin\system\programs\ProgramAdminClient.tsx","22","2","'FileCode' is defined but never used.","@typescript-eslint/no-unused-vars"
"D:\project\egov-enterprise\frontend\src\app\admin\system\programs\ProgramAdminClient.tsx","23","2","'Terminal' is defined but never used.","@typescript-eslint/no-unused-vars"
"D:\project\egov-enterprise\frontend\src\app\admin\system\programs\ProgramAdminClient.tsx","27","2","'Activity' is defined but never used.","@typescript-eslint/no-unused-vars"
"D:\project\egov-enterprise\frontend\src\app\admin\system\programs\ProgramAdminClient.tsx","31","2","'CheckCircle2' is defined but never used.","@typescript-eslint/no-unused-vars"
"D:\project\egov-enterprise\frontend\src\app\admin\system\programs\ProgramAdminClient.tsx","32","2","'ShieldAlert' is defined but never used.","@typescript-eslint/no-unused-vars"
"D:\project\egov-enterprise\frontend\src\app\admin\system\programs\ProgramAdminClient.tsx","34","2","'Database' is defined but never used.","@typescript-eslint/no-unused-vars"
"D:\project\egov-enterprise\frontend\src\app\admin\system\programs\ProgramAdminClient.tsx","43","10","'cn' is defined but never used.","@typescript-eslint/no-unused-vars"
"D:\project\egov-enterprise\frontend\src\app\admin\system\programs\ProgramAdminClient.tsx","69","6","'ProgramFormValues' is defined but never used.","@typescript-eslint/no-unused-vars"
"D:\project\egov-enterprise\frontend\src\app\admin\system\programs\ProgramAdminClient.tsx","109","11","'error' is defined but never used.","@typescript-eslint/no-unused-vars"
"D:\project\egov-enterprise\frontend\src\app\admin\system\programs\__tests__\ProgramAdminClient.test.tsx","1","46","'within' is defined but never used.","@typescript-eslint/no-unused-vars"
"D:\project\egov-enterprise\frontend\src\app\admin\user\UserOrgHubClient.tsx","5","10","'Card' is defined but never used.","@typescript-eslint/no-unused-vars"
"D:\project\egov-enterprise\frontend\src\app\admin\user\UserOrgHubClient.tsx","5","16","'CardHeader' is defined but never used.","@typescript-eslint/no-unused-vars"
"D:\project\egov-enterprise\frontend\src\app\admin\user\UserOrgHubClient.tsx","5","28","'CardTitle' is defined but never used.","@typescript-eslint/no-unused-vars"
"D:\project\egov-enterprise\frontend\src\app\admin\user\UserOrgHubClient.tsx","5","39","'CardContent' is defined but never used.","@typescript-eslint/no-unused-vars"
"D:\project\egov-enterprise\frontend\src\app\admin\user\UserOrgHubClient.tsx","11","10","'HubMetricGrid' is defined but never used.","@typescript-eslint/no-unused-vars"
"D:\project\egov-enterprise\frontend\src\app\admin\user\UserOrgHubClient.tsx","11","25","'HubMetricCard' is defined but never used.","@typescript-eslint/no-unused-vars"
"D:\project\egov-enterprise\frontend\src\app\admin\user\UserOrgHubClient.tsx","12","10","'HubStatusBadge' is defined but never used.","@typescript-eslint/no-unused-vars"
"D:\project\egov-enterprise\frontend\src\app\admin\user\UserOrgHubClient.tsx","19","3","'Plus' is defined but never used.","@typescript-eslint/no-unused-vars"
"D:\project\egov-enterprise\frontend\src\app\admin\user\UserOrgHubClient.tsx","23","3","'FileCheck' is defined but never used.","@typescript-eslint/no-unused-vars"
"D:\project\egov-enterprise\frontend\src\app\admin\user\UserOrgHubClient.tsx","26","3","'Lock' is defined but never used.","@typescript-eslint/no-unused-vars"
"D:\project\egov-enterprise\frontend\src\app\admin\user\UserOrgHubClient.tsx","39","3","'ArrowUpRight' is defined but never used.","@typescript-eslint/no-unused-vars"
"D:\project\egov-enterprise\frontend\src\app\admin\user\UserOrgHubClient.tsx","42","3","'Layers' is defined but never used.","@typescript-eslint/no-unused-vars"
"D:\project\egov-enterprise\frontend\src\app\admin\user\UserOrgHubClient.tsx","43","3","'Tag' is defined but never used.","@typescript-eslint/no-unused-vars"
"D:\project\egov-enterprise\frontend\src\app\admin\user\UserOrgHubClient.tsx","60","10","'PagePagination' is defined but never used.","@typescript-eslint/no-unused-vars"
"D:\project\egov-enterprise\frontend\src\app\admin\user\UserOrgHubClient.tsx","71","10","'z' is defined but never used.","@typescript-eslint/no-unused-vars"
"D:\project\egov-enterprise\frontend\src\app\admin\user\UserOrgHubClient.tsx","72","10","'useAppForm' is defined but never used.","@typescript-eslint/no-unused-vars"
"D:\project\egov-enterprise\frontend\src\app\admin\user\UserOrgHubClient.tsx","74","10","'FormField' is defined but never used.","@typescript-eslint/no-unused-vars"
"D:\project\egov-enterprise\frontend\src\app\admin\user\UserOrgHubClient.tsx","88","5","'DragStartEvent' is defined but never used.","@typescript-eslint/no-unused-vars"
"D:\project\egov-enterprise\frontend\src\app\admin\user\UserOrgHubClient.tsx","89","5","'DragOverEvent' is defined but never used.","@typescript-eslint/no-unused-vars"
"D:\project\egov-enterprise\frontend\src\app\admin\user\UserOrgHubClient.tsx","90","5","'DragEndEvent' is defined but never used.","@typescript-eslint/no-unused-vars"
"D:\project\egov-enterprise\frontend\src\app\admin\user\UserOrgHubClient.tsx","226","20","'setDeptPage' is assigned a value but never used.","@typescript-eslint/no-unused-vars"
"D:\project\egov-enterprise\frontend\src\app\admin\user\UserOrgHubClient.tsx","293","14","'error' is defined but never used.","@typescript-eslint/no-unused-vars"
"D:\project\egov-enterprise\frontend\src\app\admin\user\UserOrgHubClient.tsx","309","14","'error' is defined but never used.","@typescript-eslint/no-unused-vars"
"D:\project\egov-enterprise\frontend\src\app\admin\user\UserOrgHubClient.tsx","330","16","'error' is defined but never used.","@typescript-eslint/no-unused-vars"
"D:\project\egov-enterprise\frontend\src\app\admin\user\UserOrgHubClient.tsx","431","9","'deptColumns' is assigned a value but never used.","@typescript-eslint/no-unused-vars"
"D:\project\egov-enterprise\frontend\src\app\admin\user\UserOrgHubClient.tsx","902","26","'err' is defined but never used.","@typescript-eslint/no-unused-vars"
"D:\project\egov-enterprise\frontend\src\app\admin\user\UserOrgHubClient.tsx","978","26","'err' is defined but never used.","@typescript-eslint/no-unused-vars"
"D:\project\egov-enterprise\frontend\src\app\admin\user\UserOrgHubClient.tsx","1055","26","'err' is defined but never used.","@typescript-eslint/no-unused-vars"
"D:\project\egov-enterprise\frontend\src\app\admin\user\absences\AbsenceAdminClient.tsx","30","10","'Input' is defined but never used.","@typescript-eslint/no-unused-vars"
"D:\project\egov-enterprise\frontend\src\app\admin\user\absences\AbsenceAdminClient.tsx","41","19","'setLoading' is assigned a value but never used.","@typescript-eslint/no-unused-vars"
"D:\project\egov-enterprise\frontend\src\app\admin\user\absences\AbsenceAdminClient.tsx","42","17","'setUsers' is assigned a value but never used.","@typescript-eslint/no-unused-vars"
"D:\project\egov-enterprise\frontend\src\app\admin\user\departments\DeptAdminClient.tsx","8","10","'HubStatusBadge' is defined but never used.","@typescript-eslint/no-unused-vars"
"D:\project\egov-enterprise\frontend\src\app\admin\user\departments\DeptAdminClient.tsx","18","2","'LayoutGrid' is defined but never used.","@typescript-eslint/no-unused-vars"
"D:\project\egov-enterprise\frontend\src\app\admin\user\manage\UserManageClient.tsx","10","2","'Activity' is defined but never used.","@typescript-eslint/no-unused-vars"
"D:\project\egov-enterprise\frontend\src\app\admin\user\manage\UserManageClient.tsx","12","2","'Mail' is defined but never used.","@typescript-eslint/no-unused-vars"
"D:\project\egov-enterprise\frontend\src\app\admin\user\manage\UserManageClient.tsx","13","2","'Calendar' is defined but never used.","@typescript-eslint/no-unused-vars"
"D:\project\egov-enterprise\frontend\src\app\admin\user\manage\UserManageClient.tsx","14","2","'Filter' is defined but never used.","@typescript-eslint/no-unused-vars"
"D:\project\egov-enterprise\frontend\src\app\admin\user\manage\UserManageClient.tsx","42","10","'PageResponse' is defined but never used.","@typescript-eslint/no-unused-vars"
"D:\project\egov-enterprise\frontend\src\app\admin\user\manage\UserManageClient.tsx","43","10","'motion' is defined but never used.","@typescript-eslint/no-unused-vars"
"D:\project\egov-enterprise\frontend\src\app\admin\user\manage\UserManageClient.tsx","43","18","'AnimatePresence' is defined but never used.","@typescript-eslint/no-unused-vars"
"D:\project\egov-enterprise\frontend\src\app\admin\user\manage\__tests__\UserManageClient.test.tsx","9","26","'fireEvent' is defined but never used.","@typescript-eslint/no-unused-vars"
"D:\project\egov-enterprise\frontend\src\app\admin\user\manage\__tests__\UserManageClient.test.tsx","9","46","'within' is defined but never used.","@typescript-eslint/no-unused-vars"
"D:\project\egov-enterprise\frontend\src\app\admin\user\manage\__tests__\UserManageClient.test.tsx","24","63","'variant' is defined but never used.","@typescript-eslint/no-unused-vars"
"D:\project\egov-enterprise\frontend\src\app\admin\uss\ion\sms\SmsAdminClient.tsx","19","3","'User' is defined but never used.","@typescript-eslint/no-unused-vars"
"D:\project\egov-enterprise\frontend\src\app\admin\uss\ion\sms\SmsAdminClient.tsx","20","3","'CheckCircle2' is defined but never used.","@typescript-eslint/no-unused-vars"
"D:\project\egov-enterprise\frontend\src\app\admin\uss\ion\sms\SmsAdminClient.tsx","23","3","'TrendingUp' is defined but never used.","@typescript-eslint/no-unused-vars"
"D:\project\egov-enterprise\frontend\src\app\admin\uss\ion\sms\SmsAdminClient.tsx","24","3","'Mail' is defined but never used.","@typescript-eslint/no-unused-vars"
"D:\project\egov-enterprise\frontend\src\app\admin\uss\ion\sms\SmsAdminClient.tsx","27","3","'ChevronRight' is defined but never used.","@typescript-eslint/no-unused-vars"
"D:\project\egov-enterprise\frontend\src\app\admin\uss\ion\sms\SmsAdminClient.tsx","43","10","'motion' is defined but never used.","@typescript-eslint/no-unused-vars"
"D:\project\egov-enterprise\frontend\src\app\admin\uss\ion\sms\SmsAdminClient.tsx","43","18","'AnimatePresence' is defined but never used.","@typescript-eslint/no-unused-vars"
"D:\project\egov-enterprise\frontend\src\app\admin\uss\ion\sms\SmsAdminClient.tsx","81","14","'error' is defined but never used.","@typescript-eslint/no-unused-vars"
"D:\project\egov-enterprise\frontend\src\app\admin\uss\ion\sms\SmsAdminClient.tsx","96","14","'error' is defined but never used.","@typescript-eslint/no-unused-vars"
"D:\project\egov-enterprise\frontend\src\app\admin\uss\ion\sms\SmsAdminClient.tsx","358","7","'Smartphone' is assigned a value but never used.","@typescript-eslint/no-unused-vars"
"D:\project\egov-enterprise\frontend\src\app\admin\uss\olh\online-manual\ManualAdminClient.tsx","14","3","'CheckCircle2' is defined but never used.","@typescript-eslint/no-unused-vars"
"D:\project\egov-enterprise\frontend\src\app\admin\uss\olh\online-manual\ManualAdminClient.tsx","18","3","'Code' is defined but never used.","@typescript-eslint/no-unused-vars"
"D:\project\egov-enterprise\frontend\src\app\admin\uss\olh\online-manual\ManualAdminClient.tsx","45","10","'format' is defined but never used.","@typescript-eslint/no-unused-vars"
"D:\project\egov-enterprise\frontend\src\app\admin\uss\olh\online-manual\ManualAdminClient.tsx","46","18","'AnimatePresence' is defined but never used.","@typescript-eslint/no-unused-vars"
"D:\project\egov-enterprise\frontend\src\app\admin\uss\olh\online-manual\ManualAdminClient.tsx","56","10","'totalCount' is assigned a value but never used.","@typescript-eslint/no-unused-vars"
"D:\project\egov-enterprise\frontend\src\app\admin\uss\olh\online-manual\ManualAdminClient.tsx","77","14","'error' is defined but never used.","@typescript-eslint/no-unused-vars"
"D:\project\egov-enterprise\frontend\src\app\admin\uss\olh\online-manual\ManualAdminClient.tsx","114","14","'error' is defined but never used.","@typescript-eslint/no-unused-vars"
"D:\project\egov-enterprise\frontend\src\app\admin\uss\olh\online-manual\ManualAdminClient.tsx","127","16","'error' is defined but never used.","@typescript-eslint/no-unused-vars"
"D:\project\egov-enterprise\frontend\src\app\admin\work-hub\WorkHubClient.tsx","3","27","'useMemo' is defined but never used.","@typescript-eslint/no-unused-vars"
"D:\project\egov-enterprise\frontend\src\app\admin\work-hub\WorkHubClient.tsx","8","3","'Filter' is defined but never used.","@typescript-eslint/no-unused-vars"
"D:\project\egov-enterprise\frontend\src\app\admin\work-hub\WorkHubClient.tsx","9","3","'Calendar' is defined but never used.","@typescript-eslint/no-unused-vars"
"D:\project\egov-enterprise\frontend\src\app\admin\work-hub\WorkHubClient.tsx","10","3","'Clock' is defined but never used.","@typescript-eslint/no-unused-vars"
"D:\project\egov-enterprise\frontend\src\app\admin\work-hub\WorkHubClient.tsx","11","3","'CheckCircle2' is defined but never used.","@typescript-eslint/no-unused-vars"
"D:\project\egov-enterprise\frontend\src\app\admin\work-hub\WorkHubClient.tsx","16","3","'ChevronRight' is defined but never used.","@typescript-eslint/no-unused-vars"
"D:\project\egov-enterprise\frontend\src\app\admin\work-hub\WorkHubClient.tsx","17","3","'Database' is defined but never used.","@typescript-eslint/no-unused-vars"
"D:\project\egov-enterprise\frontend\src\app\admin\work-hub\WorkHubClient.tsx","19","3","'Sparkles' is defined but never used.","@typescript-eslint/no-unused-vars"
"D:\project\egov-enterprise\frontend\src\app\admin\work-hub\WorkHubClient.tsx","21","3","'ArrowUpRight' is defined but never used.","@typescript-eslint/no-unused-vars"
"D:\project\egov-enterprise\frontend\src\app\admin\work-hub\WorkHubClient.tsx","32","10","'motion' is defined but never used.","@typescript-eslint/no-unused-vars"
"D:\project\egov-enterprise\frontend\src\app\admin\work-hub\WorkHubClient.tsx","32","18","'AnimatePresence' is defined but never used.","@typescript-eslint/no-unused-vars"
"D:\project\egov-enterprise\frontend\src\app\admin\work-hub\WorkHubClient.tsx","34","10","'scheduleService' is defined but never used.","@typescript-eslint/no-unused-vars"
"D:\project\egov-enterprise\frontend\src\app\admin\work-hub\WorkHubClient.tsx","38","47","'initialJobs' is assigned a value but never used.","@typescript-eslint/no-unused-vars"
"D:\project\egov-enterprise\frontend\src\app\admin\work-hub\WorkHubClient.tsx","38","74","'initialReports' is assigned a value but never used.","@typescript-eslint/no-unused-vars"
"D:\project\egov-enterprise\frontend\src\app\admin\work-hub\WorkHubClient.tsx","41","9","'queryClient' is assigned a value but never used.","@typescript-eslint/no-unused-vars"
"D:\project\egov-enterprise\frontend\src\app\admin\work-hub\WorkHubClient.tsx","51","10","'currentDate' is assigned a value but never used.","@typescript-eslint/no-unused-vars"
"D:\project\egov-enterprise\frontend\src\app\admin\work-hub\WorkHubClient.tsx","51","23","'setCurrentDate' is assigned a value but never used.","@typescript-eslint/no-unused-vars"
"D:\project\egov-enterprise\frontend\src\app\admin\workflow\page.tsx","6","5","'Settings' is defined but never used.","@typescript-eslint/no-unused-vars"
"D:\project\egov-enterprise\frontend\src\app\admin\workflow\page.tsx","8","5","'Play' is defined but never used.","@typescript-eslint/no-unused-vars"
"D:\project\egov-enterprise\frontend\src\app\admin\workflow\page.tsx","10","5","'ArrowLeft' is defined but never used.","@typescript-eslint/no-unused-vars"
"D:\project\egov-enterprise\frontend\src\app\admin\workflow\page.tsx","11","5","'Search' is defined but never used.","@typescript-eslint/no-unused-vars"
"D:\project\egov-enterprise\frontend\src\app\admin\workflow\page.tsx","14","5","'MoreHorizontal' is defined but never used.","@typescript-eslint/no-unused-vars"
"D:\project\egov-enterprise\frontend\src\app\admin\workspace\my-page\page.tsx","7","20","'CheckCircle2' is defined but never used.","@typescript-eslint/no-unused-vars"
"D:\project\egov-enterprise\frontend\src\app\admin\workspace\my-page\page.tsx","7","34","'XCircle' is defined but never used.","@typescript-eslint/no-unused-vars"
"D:\project\egov-enterprise\frontend\src\app\admin\workspace\my-page\page.tsx","26","16","'error' is defined but never used.","@typescript-eslint/no-unused-vars"
"D:\project\egov-enterprise\frontend\src\app\admin\workspace\my-page\page.tsx","41","14","'error' is defined but never used.","@typescript-eslint/no-unused-vars"
"D:\project\egov-enterprise\frontend\src\app\approvals\ApprovalHubClient.tsx","10","3","'Send' is defined but never used.","@typescript-eslint/no-unused-vars"
"D:\project\egov-enterprise\frontend\src\app\approvals\ApprovalHubClient.tsx","15","3","'ClipboardCheck' is defined but never used.","@typescript-eslint/no-unused-vars"
"D:\project\egov-enterprise\frontend\src\app\approvals\ApprovalHubClient.tsx","21","3","'ArrowUpRight' is defined but never used.","@typescript-eslint/no-unused-vars"
"D:\project\egov-enterprise\frontend\src\app\approvals\ApprovalHubClient.tsx","25","3","'Clock' is defined but never used.","@typescript-eslint/no-unused-vars"
"D:\project\egov-enterprise\frontend\src\app\approvals\ApprovalHubClient.tsx","27","3","'ChevronRight' is defined but never used.","@typescript-eslint/no-unused-vars"
"D:\project\egov-enterprise\frontend\src\app\approvals\ApprovalHubClient.tsx","34","10","'hubContainerVariants' is defined but never used.","@typescript-eslint/no-unused-vars"
"D:\project\egov-enterprise\frontend\src\app\approvals\ApprovalHubClient.tsx","34","32","'hubItemVariants' is defined but never used.","@typescript-eslint/no-unused-vars"
"D:\project\egov-enterprise\frontend\src\app\approvals\ApprovalHubClient.tsx","44","9","'router' is assigned a value but never used.","@typescript-eslint/no-unused-vars"
"D:\project\egov-enterprise\frontend\src\app\approvals\ApprovalHubClient.tsx","81","14","'error' is defined but never used.","@typescript-eslint/no-unused-vars"
"D:\project\egov-enterprise\frontend\src\app\approvals\ApprovalStepper.tsx","42","17","'isPending' is assigned a value but never used.","@typescript-eslint/no-unused-vars"
"D:\project\egov-enterprise\frontend\src\app\approvals\draft\ApprovalDraftHubClient.tsx","10","3","'Search' is defined but never used.","@typescript-eslint/no-unused-vars"
"D:\project\egov-enterprise\frontend\src\app\approvals\draft\ApprovalDraftHubClient.tsx","24","16","'CardContent' is defined but never used.","@typescript-eslint/no-unused-vars"
"D:\project\egov-enterprise\frontend\src\app\components\dashboard\ActivityFeed.tsx","2","17","'useState' is defined but never used.","@typescript-eslint/no-unused-vars"
"D:\project\egov-enterprise\frontend\src\app\components\dashboard\ActivityFeed.tsx","2","27","'useEffect' is defined but never used.","@typescript-eslint/no-unused-vars"
"D:\project\egov-enterprise\frontend\src\app\components\dashboard\ActivityFeed.tsx","4","35","'FileText' is defined but never used.","@typescript-eslint/no-unused-vars"
"D:\project\egov-enterprise\frontend\src\app\components\dashboard\ActivityFeed.tsx","4","45","'CheckCircle2' is defined but never used.","@typescript-eslint/no-unused-vars"
"D:\project\egov-enterprise\frontend\src\app\components\layout\StandardAdminLayout.tsx","15","11","'isSidebarOpen' is assigned a value but never used.","@typescript-eslint/no-unused-vars"
"D:\project\egov-enterprise\frontend\src\app\components\layout\command-menu.tsx","5","3","'Settings' is defined but never used.","@typescript-eslint/no-unused-vars"
"D:\project\egov-enterprise\frontend\src\app\components\layout\command-menu.tsx","6","3","'User' is defined but never used.","@typescript-eslint/no-unused-vars"
"D:\project\egov-enterprise\frontend\src\app\components\layout\command-menu.tsx","13","3","'Monitor' is defined but never used.","@typescript-eslint/no-unused-vars"
"D:\project\egov-enterprise\frontend\src\app\components\layout\command-menu.tsx","18","3","'Lock' is defined but never used.","@typescript-eslint/no-unused-vars"
"D:\project\egov-enterprise\frontend\src\app\components\layout\command-menu.tsx","23","10","'motion' is defined but never used.","@typescript-eslint/no-unused-vars"
"D:\project\egov-enterprise\frontend\src\app\components\layout\command-menu.tsx","23","18","'AnimatePresence' is defined but never used.","@typescript-eslint/no-unused-vars"
"D:\project\egov-enterprise\frontend\src\app\components\layout\command-menu.tsx","35","10","'cn' is defined but never used.","@typescript-eslint/no-unused-vars"
"D:\project\egov-enterprise\frontend\src\app\components\layout\command-palette.tsx","27","7","'categoryIcons' is assigned a value but never used.","@typescript-eslint/no-unused-vars"
"D:\project\egov-enterprise\frontend\src\app\components\layout\command-palette.tsx","80","11","'handleOpen' is assigned a value but never used.","@typescript-eslint/no-unused-vars"
"D:\project\egov-enterprise\frontend\src\app\components\layout\header.tsx","31","10","'menuService' is defined but never used.","@typescript-eslint/no-unused-vars"
"D:\project\egov-enterprise\frontend\src\app\components\layout\header.tsx","167","29","'e' is defined but never used.","@typescript-eslint/no-unused-vars"
"D:\project\egov-enterprise\frontend\src\app\components\layout\sidebar.tsx","18","3","'Bell' is defined but never used.","@typescript-eslint/no-unused-vars"
"D:\project\egov-enterprise\frontend\src\app\components\layout\sidebar.tsx","20","3","'Search' is defined but never used.","@typescript-eslint/no-unused-vars"
"D:\project\egov-enterprise\frontend\src\app\components\layout\sidebar.tsx","28","3","'Cpu' is defined but never used.","@typescript-eslint/no-unused-vars"
"D:\project\egov-enterprise\frontend\src\app\components\layout\sidebar.tsx","123","9","'isAdmin' is assigned a value but never used.","@typescript-eslint/no-unused-vars"
"D:\project\egov-enterprise\frontend\src\app\components\layout\sidebar.tsx","313","9","'queryClient' is assigned a value but never used.","@typescript-eslint/no-unused-vars"
"D:\project\egov-enterprise\frontend\src\app\components\ui\__tests__\standard-modal.test.tsx","8","18","'screen' is defined but never used.","@typescript-eslint/no-unused-vars"
"D:\project\egov-enterprise\frontend\src\app\components\ui\app-notification-drawer.tsx","8","3","'Check' is defined but never used.","@typescript-eslint/no-unused-vars"
"D:\project\egov-enterprise\frontend\src\app\components\ui\app-notification-drawer.tsx","15","3","'Filter' is defined but never used.","@typescript-eslint/no-unused-vars"
"D:\project\egov-enterprise\frontend\src\app\components\ui\app-notification-drawer.tsx","16","3","'CheckCircle2' is defined but never used.","@typescript-eslint/no-unused-vars"
"D:\project\egov-enterprise\frontend\src\app\components\ui\global-command-center.tsx","6","14","'CommandIcon' is defined but never used.","@typescript-eslint/no-unused-vars"
"D:\project\egov-enterprise\frontend\src\app\components\ui\global-command-center.tsx","7","3","'X' is defined but never used.","@typescript-eslint/no-unused-vars"
"D:\project\egov-enterprise\frontend\src\app\components\ui\global-command-center.tsx","8","3","'ChevronRight' is defined but never used.","@typescript-eslint/no-unused-vars"
"D:\project\egov-enterprise\frontend\src\app\components\ui\global-command-center.tsx","14","3","'Mail' is defined but never used.","@typescript-eslint/no-unused-vars"
"D:\project\egov-enterprise\frontend\src\app\components\ui\global-command-center.tsx","15","3","'Calendar' is defined but never used.","@typescript-eslint/no-unused-vars"
"D:\project\egov-enterprise\frontend\src\app\components\ui\global-command-center.tsx","17","3","'Shield' is defined but never used.","@typescript-eslint/no-unused-vars"
"D:\project\egov-enterprise\frontend\src\app\components\ui\global-command-center.tsx","46","10","'isSearching' is assigned a value but never used.","@typescript-eslint/no-unused-vars"
"D:\project\egov-enterprise\frontend\src\app\components\ui\image-lightbox.tsx","2","17","'useState' is defined but never used.","@typescript-eslint/no-unused-vars"
"D:\project\egov-enterprise\frontend\src\app\components\ui\image-lightbox.tsx","3","13","'ZoomIn' is defined but never used.","@typescript-eslint/no-unused-vars"
"D:\project\egov-enterprise\frontend\src\app\components\ui\image-lightbox.tsx","3","21","'Download' is defined but never used.","@typescript-eslint/no-unused-vars"
"D:\project\egov-enterprise\frontend\src\app\components\ui\image-lightbox.tsx","4","10","'cn' is defined but never used.","@typescript-eslint/no-unused-vars"
"D:\project\egov-enterprise\frontend\src\app\components\ui\notification-sender.tsx","11","3","'X' is defined but never used.","@typescript-eslint/no-unused-vars"
"D:\project\egov-enterprise\frontend\src\app\components\ui\observability-charts.tsx","21","3","'Legend' is defined but never used.","@typescript-eslint/no-unused-vars"
"D:\project\egov-enterprise\frontend\src\app\components\ui\reorderable-list.tsx","4","24","'GripHorizontal' is defined but never used.","@typescript-eslint/no-unused-vars"
"D:\project\egov-enterprise\frontend\src\app\components\ui\smart-form-renderer.tsx","7","10","'FormField' is defined but never used.","@typescript-eslint/no-unused-vars"
"D:\project\egov-enterprise\frontend\src\app\components\ui\smart-notification-hub.tsx","3","27","'useEffect' is defined but never used.","@typescript-eslint/no-unused-vars"
"D:\project\egov-enterprise\frontend\src\app\components\ui\smart-notification-hub.tsx","9","3","'Cpu' is defined but never used.","@typescript-eslint/no-unused-vars"
"D:\project\egov-enterprise\frontend\src\app\components\ui\smart-notification-hub.tsx","10","3","'Globe' is defined but never used.","@typescript-eslint/no-unused-vars"
"D:\project\egov-enterprise\frontend\src\app\components\ui\smart-notification-hub.tsx","11","3","'Mail' is defined but never used.","@typescript-eslint/no-unused-vars"
"D:\project\egov-enterprise\frontend\src\app\components\ui\smart-notification-hub.tsx","12","3","'MessageSquare' is defined but never used.","@typescript-eslint/no-unused-vars"
"D:\project\egov-enterprise\frontend\src\app\components\ui\smart-notification-hub.tsx","13","3","'AlertCircle' is defined but never used.","@typescript-eslint/no-unused-vars"
"D:\project\egov-enterprise\frontend\src\app\components\ui\smart-notification-hub.tsx","14","3","'ArrowRight' is defined but never used.","@typescript-eslint/no-unused-vars"
"D:\project\egov-enterprise\frontend\src\app\components\ui\smart-notification-hub.tsx","15","3","'Sparkles' is defined but never used.","@typescript-eslint/no-unused-vars"
"D:\project\egov-enterprise\frontend\src\app\components\ui\smart-notification-hub.tsx","16","3","'Maximize2' is defined but never used.","@typescript-eslint/no-unused-vars"
"D:\project\egov-enterprise\frontend\src\app\components\ui\smart-notification-hub.tsx","18","3","'X' is defined but never used.","@typescript-eslint/no-unused-vars"
"D:\project\egov-enterprise\frontend\src\app\components\ui\smart-notification-hub.tsx","19","3","'ChevronRight' is defined but never used.","@typescript-eslint/no-unused-vars"
"D:\project\egov-enterprise\frontend\src\app\components\ui\smart-notification-hub.tsx","20","3","'Clock' is defined but never used.","@typescript-eslint/no-unused-vars"
"D:\project\egov-enterprise\frontend\src\app\components\ui\smart-notification-hub.tsx","21","3","'CheckCircle2' is defined but never used.","@typescript-eslint/no-unused-vars"
"D:\project\egov-enterprise\frontend\src\app\components\ui\smart-notification-hub.tsx","22","3","'Lock' is defined but never used.","@typescript-eslint/no-unused-vars"
"D:\project\egov-enterprise\frontend\src\app\components\ui\smart-notification-hub.tsx","28","10","'motion' is defined but never used.","@typescript-eslint/no-unused-vars"
"D:\project\egov-enterprise\frontend\src\app\components\ui\smart-notification-hub.tsx","28","18","'AnimatePresence' is defined but never used.","@typescript-eslint/no-unused-vars"
"D:\project\egov-enterprise\frontend\src\app\components\ui\smart-notification-hub.tsx","30","10","'Badge' is defined but never used.","@typescript-eslint/no-unused-vars"
"D:\project\egov-enterprise\frontend\src\app\components\ui\smart-notification-hub.tsx","31","10","'Progress' is defined but never used.","@typescript-eslint/no-unused-vars"
"D:\project\egov-enterprise\frontend\src\app\components\ui\smart-notification-hub.tsx","80","25","'setNotifications' is assigned a value but never used.","@typescript-eslint/no-unused-vars"
"D:\project\egov-enterprise\frontend\src\app\components\ui\smart-onboarding-hub.tsx","5","3","'ChevronRight' is defined but never used.","@typescript-eslint/no-unused-vars"
"D:\project\egov-enterprise\frontend\src\app\components\ui\smart-onboarding-hub.tsx","10","3","'Bell' is defined but never used.","@typescript-eslint/no-unused-vars"
"D:\project\egov-enterprise\frontend\src\app\components\ui\smart-onboarding-hub.tsx","11","3","'User' is defined but never used.","@typescript-eslint/no-unused-vars"
"D:\project\egov-enterprise\frontend\src\app\components\ui\standard-chart-wrapper.tsx","67","61","'idx' is defined but never used.","@typescript-eslint/no-unused-vars"
"D:\project\egov-enterprise\frontend\src\app\components\ui\standard-chart-wrapper.tsx","102","61","'idx' is defined but never used.","@typescript-eslint/no-unused-vars"
"D:\project\egov-enterprise\frontend\src\app\components\ui\standard-onboarding-tour.tsx","12","2","'User' is defined but never used.","@typescript-eslint/no-unused-vars"
"D:\project\egov-enterprise\frontend\src\app\components\ui\standard-summary-card.tsx","5","10","'LucideIcon' is defined but never used.","@typescript-eslint/no-unused-vars"
"D:\project\egov-enterprise\frontend\src\app\components\ui\topology-map.tsx","3","17","'useRef' is defined but never used.","@typescript-eslint/no-unused-vars"
"D:\project\egov-enterprise\frontend\src\app\components\ui\topology-map.tsx","3","25","'useEffect' is defined but never used.","@typescript-eslint/no-unused-vars"
"D:\project\egov-enterprise\frontend\src\app\components\ui\topology-map.tsx","9","3","'Network' is defined but never used.","@typescript-eslint/no-unused-vars"
"D:\project\egov-enterprise\frontend\src\app\components\ui\topology-map.tsx","10","3","'Cpu' is defined but never used.","@typescript-eslint/no-unused-vars"
"D:\project\egov-enterprise\frontend\src\app\components\ui\topology-map.tsx","13","3","'ShieldCheck' is defined but never used.","@typescript-eslint/no-unused-vars"
"D:\project\egov-enterprise\frontend\src\app\components\ui\user-picker.tsx","9","24","'Check' is defined but never used.","@typescript-eslint/no-unused-vars"
"D:\project\egov-enterprise\frontend\src\app\components\ui\user-picker.tsx","9","31","'X' is defined but never used.","@typescript-eslint/no-unused-vars"
"D:\project\egov-enterprise\frontend\src\app\components\ui\user-picker.tsx","10","10","'cn' is defined but never used.","@typescript-eslint/no-unused-vars"
"D:\project\egov-enterprise\frontend\src\app\components\ui\virtual-scroll-list.tsx","3","35","'useEffect' is defined but never used.","@typescript-eslint/no-unused-vars"
"D:\project\egov-enterprise\frontend\src\app\components\ui\visual-organization-chart.tsx","9","2","'MapPin' is defined but never used.","@typescript-eslint/no-unused-vars"
"D:\project\egov-enterprise\frontend\src\app\components\ui\workflow-canvas.tsx","9","3","'ChevronRight' is defined but never used.","@typescript-eslint/no-unused-vars"
"D:\project\egov-enterprise\frontend\src\app\components\ui\workflow-canvas.tsx","12","3","'Minus' is defined but never used.","@typescript-eslint/no-unused-vars"
"D:\project\egov-enterprise\frontend\src\app\cop\__tests__\cmy.test.tsx","9","36","'beforeEach' is defined but never used.","@typescript-eslint/no-unused-vars"
"D:\project\egov-enterprise\frontend\src\app\cop\cmy\selectCommunityDetail\[id]\CommunityDetailHubClient.tsx","3","17","'useState' is defined but never used.","@typescript-eslint/no-unused-vars"
"D:\project\egov-enterprise\frontend\src\app\cop\cmy\selectCommunityDetail\[id]\CommunityDetailHubClient.tsx","20","3","'ExternalLink' is defined but never used.","@typescript-eslint/no-unused-vars"
"D:\project\egov-enterprise\frontend\src\app\cop\cmy\selectCommunityDetail\[id]\CommunityDetailHubClient.tsx","24","10","'motion' is defined but never used.","@typescript-eslint/no-unused-vars"
"D:\project\egov-enterprise\frontend\src\app\cop\cmy\selectCommunityDetail\[id]\CommunityDetailHubClient.tsx","24","18","'AnimatePresence' is defined but never used.","@typescript-eslint/no-unused-vars"
"D:\project\egov-enterprise\frontend\src\app\cop\cmy\selectCommunityDetail\[id]\CommunityDetailHubClient.tsx","25","10","'cn' is defined but never used.","@typescript-eslint/no-unused-vars"
"D:\project\egov-enterprise\frontend\src\app\cop\cmy\selectCommunityDetail\[id]\CommunityDetailHubClient.tsx","39","11","'toast' is assigned a value but never used.","@typescript-eslint/no-unused-vars"
"D:\project\egov-enterprise\frontend\src\app\cop\cmy\selectCommunityDetail\[id]\CommunityDetailHubClient.tsx","40","10","'isPending' is assigned a value but never used.","@typescript-eslint/no-unused-vars"
"D:\project\egov-enterprise\frontend\src\app\cop\cmy\selectCommunityDetail\[id]\CommunityDetailHubClient.tsx","40","21","'startTransition' is assigned a value but never used.","@typescript-eslint/no-unused-vars"
"D:\project\egov-enterprise\frontend\src\app\cop\cmy\selectCommunityDetail\[id]\CommunityDetailHubClient.tsx","42","28","'isLoading' is assigned a value but never used.","@typescript-eslint/no-unused-vars"
"D:\project\egov-enterprise\frontend\src\app\cop\cmy\selectCommunityDetail\[id]\CommunityDetailHubClient.tsx","42","39","'error' is assigned a value but never used.","@typescript-eslint/no-unused-vars"
"D:\project\egov-enterprise\frontend\src\app\cop\cmy\selectCommunityList\CommunityHubClient.tsx","9","10","'HubStatusBadge' is defined but never used.","@typescript-eslint/no-unused-vars"
"D:\project\egov-enterprise\frontend\src\app\cop\cmy\selectCommunityList\CommunityHubClient.tsx","40","11","'toast' is assigned a value but never used.","@typescript-eslint/no-unused-vars"
"D:\project\egov-enterprise\frontend\src\app\cop\cmy\selectCommunityList\CommunityHubClient.tsx","41","10","'isPending' is assigned a value but never used.","@typescript-eslint/no-unused-vars"
"D:\project\egov-enterprise\frontend\src\app\cop\cmy\selectCommunityList\CommunityHubClient.tsx","41","21","'startTransition' is assigned a value but never used.","@typescript-eslint/no-unused-vars"
"D:\project\egov-enterprise\frontend\src\app\cop\sms\selectSmsList\SmsHubClient.tsx","3","36","'useTransition' is defined but never used.","@typescript-eslint/no-unused-vars"
"D:\project\egov-enterprise\frontend\src\app\cop\sms\selectSmsList\SmsHubClient.tsx","19","3","'Calendar' is defined but never used.","@typescript-eslint/no-unused-vars"
"D:\project\egov-enterprise\frontend\src\app\cop\sms\selectSmsList\SmsHubClient.tsx","24","3","'AlertCircle' is defined but never used.","@typescript-eslint/no-unused-vars"
"D:\project\egov-enterprise\frontend\src\app\cop\sms\selectSmsList\SmsHubClient.tsx","26","3","'ArrowUpRight' is defined but never used.","@typescript-eslint/no-unused-vars"
"D:\project\egov-enterprise\frontend\src\app\cop\sms\selectSmsList\SmsHubClient.tsx","27","3","'UserPlus' is defined but never used.","@typescript-eslint/no-unused-vars"
"D:\project\egov-enterprise\frontend\src\app\cop\sms\selectSmsList\SmsHubClient.tsx","39","3","'DialogFooter' is defined but never used.","@typescript-eslint/no-unused-vars"
"D:\project\egov-enterprise\frontend\src\app\help\page.tsx","7","50","'ChevronUp' is defined but never used.","@typescript-eslint/no-unused-vars"
"D:\project\egov-enterprise\frontend\src\app\help\page.tsx","7","91","'Hash' is defined but never used.","@typescript-eslint/no-unused-vars"
"D:\project\egov-enterprise\frontend\src\app\help\page.tsx","13","10","'ErrorStateDisplay' is defined but never used.","@typescript-eslint/no-unused-vars"
"D:\project\egov-enterprise\frontend\src\app\layout.tsx","72","14","'e' is defined but never used.","@typescript-eslint/no-unused-vars"
"D:\project\egov-enterprise\frontend\src\app\note\page.tsx","107","18","'item' is defined but never used.","@typescript-eslint/no-unused-vars"
"D:\project\egov-enterprise\frontend\src\app\smart-toolkit\dept-job\[id]\page.tsx","18","10","'DynamicBreadcrumb' is defined but never used.","@typescript-eslint/no-unused-vars"
"D:\project\egov-enterprise\frontend\src\app\smart-toolkit\dept-job\insertDeptJob\page.tsx","12","38","'Home' is defined but never used.","@typescript-eslint/no-unused-vars"
"D:\project\egov-enterprise\frontend\src\app\smart-toolkit\dept-job\insertDeptJob\page.tsx","12","44","'ChevronRight' is defined but never used.","@typescript-eslint/no-unused-vars"
"D:\project\egov-enterprise\frontend\src\app\smart-toolkit\dept-job\selectDeptJobList\page.tsx","17","35","'Home' is defined but never used.","@typescript-eslint/no-unused-vars"
"D:\project\egov-enterprise\frontend\src\app\smart-toolkit\dept-job\selectDeptJobList\page.tsx","17","41","'ChevronRight' is defined but never used.","@typescript-eslint/no-unused-vars"
"D:\project\egov-enterprise\frontend\src\app\smart-toolkit\schedule\dept\page.tsx","25","10","'Calendar' is defined but never used.","@typescript-eslint/no-unused-vars"
"D:\project\egov-enterprise\frontend\src\app\smart-toolkit\schedule\dept\page.tsx","26","10","'Popover' is defined but never used.","@typescript-eslint/no-unused-vars"
"D:\project\egov-enterprise\frontend\src\app\smart-toolkit\schedule\dept\page.tsx","26","19","'PopoverContent' is defined but never used.","@typescript-eslint/no-unused-vars"
"D:\project\egov-enterprise\frontend\src\app\smart-toolkit\schedule\dept\page.tsx","26","35","'PopoverTrigger' is defined but never used.","@typescript-eslint/no-unused-vars"
"D:\project\egov-enterprise\frontend\src\app\smart-toolkit\schedule\dept\page.tsx","27","10","'cn' is defined but never used.","@typescript-eslint/no-unused-vars"
"D:\project\egov-enterprise\frontend\src\app\smart-toolkit\schedule\dept\page.tsx","29","22","'CalendarIcon' is defined but never used.","@typescript-eslint/no-unused-vars"
"D:\project\egov-enterprise\frontend\src\app\survey\page.tsx","12","10","'cn' is defined but never used.","@typescript-eslint/no-unused-vars"
"D:\project\egov-enterprise\frontend\src\app\survey\page.tsx","26","16","'error' is defined but never used.","@typescript-eslint/no-unused-vars"
"D:\project\egov-enterprise\frontend\src\app\survey\response\[id]\page.tsx","7","10","'PageHeader' is defined but never used.","@typescript-eslint/no-unused-vars"
"D:\project\egov-enterprise\frontend\src\app\survey\response\page.tsx","3","10","'QustnrRespondInfo' is defined but never used.","@typescript-eslint/no-unused-vars"
"D:\project\egov-enterprise\frontend\src\app\survey\stats\page.tsx","16","41","'PieChart' is defined but never used.","@typescript-eslint/no-unused-vars"
"D:\project\egov-enterprise\frontend\src\app\survey\stats\page.tsx","16","51","'Activity' is defined but never used.","@typescript-eslint/no-unused-vars"
"D:\project\egov-enterprise\frontend\src\app\survey\stats\page.tsx","24","44","'refetch' is assigned a value but never used.","@typescript-eslint/no-unused-vars"
"D:\project\egov-enterprise\frontend\src\components\admin\system\CommonClCodeForm.tsx","6","10","'cn' is defined but never used.","@typescript-eslint/no-unused-vars"
"D:\project\egov-enterprise\frontend\src\components\admin\system\CommonCodeForm.tsx","6","10","'Pencil' is defined but never used.","@typescript-eslint/no-unused-vars"
"D:\project\egov-enterprise\frontend\src\components\admin\system\CommonCodeForm.tsx","6","18","'Plus' is defined but never used.","@typescript-eslint/no-unused-vars"
"D:\project\egov-enterprise\frontend\src\components\admin\system\CommonCodeForm.tsx","6","24","'Save' is defined but never used.","@typescript-eslint/no-unused-vars"
"D:\project\egov-enterprise\frontend\src\components\admin\system\CommonCodeForm.tsx","6","30","'Hash' is defined but never used.","@typescript-eslint/no-unused-vars"
"D:\project\egov-enterprise\frontend\src\components\admin\system\CommonCodeForm.tsx","6","36","'Type' is defined but never used.","@typescript-eslint/no-unused-vars"
"D:\project\egov-enterprise\frontend\src\components\admin\system\CommonCodeForm.tsx","6","42","'Code2' is defined but never used.","@typescript-eslint/no-unused-vars"
"D:\project\egov-enterprise\frontend\src\components\admin\system\CommonCodeForm.tsx","6","49","'CheckCircle2' is defined but never used.","@typescript-eslint/no-unused-vars"
"D:\project\egov-enterprise\frontend\src\components\admin\system\CommonCodeForm.tsx","7","10","'cn' is defined but never used.","@typescript-eslint/no-unused-vars"
"D:\project\egov-enterprise\frontend\src\components\admin\system\CommonDetailCodeForm.tsx","6","10","'cn' is defined but never used.","@typescript-eslint/no-unused-vars"
"D:\project\egov-enterprise\frontend\src\components\ui\calendar.tsx","4","10","'ChevronLeft' is defined but never used.","@typescript-eslint/no-unused-vars"
"D:\project\egov-enterprise\frontend\src\components\ui\calendar.tsx","4","23","'ChevronRight' is defined but never used.","@typescript-eslint/no-unused-vars"
"D:\project\egov-enterprise\frontend\src\components\ui\command.tsx","12","3","'DialogHeader' is defined but never used.","@typescript-eslint/no-unused-vars"
"D:\project\egov-enterprise\frontend\src\components\ui\hub\HubChartCard.tsx","4","18","'Variants' is defined but never used.","@typescript-eslint/no-unused-vars"
"D:\project\egov-enterprise\frontend\src\components\ui\hub\HubChartCard.tsx","6","10","'LucideIcon' is defined but never used.","@typescript-eslint/no-unused-vars"
"D:\project\egov-enterprise\frontend\src\components\ui\hub\HubMetrics.tsx","29","9","'colorMap' is assigned a value but never used.","@typescript-eslint/no-unused-vars"
"D:\project\egov-enterprise\frontend\src\contexts\__tests__\websocket-context.test.tsx","8","22","'act' is defined but never used.","@typescript-eslint/no-unused-vars"
"D:\project\egov-enterprise\frontend\src\contexts\__tests__\websocket-context.test.tsx","9","36","'beforeEach' is defined but never used.","@typescript-eslint/no-unused-vars"
"D:\project\egov-enterprise\frontend\src\hooks\api\use-board-list.ts","3","21","'BoardResponse' is defined but never used.","@typescript-eslint/no-unused-vars"
"D:\project\egov-enterprise\frontend\src\hooks\use-auto-save-draft.ts","30","11","'toast' is assigned a value but never used.","@typescript-eslint/no-unused-vars"
"D:\project\egov-enterprise\frontend\src\hooks\useAppForm.ts","7","10","'useCallback' is defined but never used.","@typescript-eslint/no-unused-vars"
"D:\project\egov-enterprise\frontend\src\lib\api\client.ts","42","16","'e' is defined but never used.","@typescript-eslint/no-unused-vars"
"D:\project\egov-enterprise\frontend\src\lib\api\menu-loader.ts","3","10","'MenuInfo' is defined but never used.","@typescript-eslint/no-unused-vars"
"D:\project\egov-enterprise\frontend\src\lib\validation\__tests__\schemas.test.ts","2","45","'boardMasterSchema' is defined but never used.","@typescript-eslint/no-unused-vars"
"D:\project\egov-enterprise\frontend\src\services\business\community\communityService.ts","4","10","'CommunityDto' is defined but never used.","@typescript-eslint/no-unused-vars"
"D:\project\egov-enterprise\frontend\src\services\foundation\system\IsmAdminService.ts","1","22","'AdminService' is defined but never used.","@typescript-eslint/no-unused-vars"
"D:\project\egov-enterprise\frontend\src\services\foundation\system\MonitoringAdminService.ts","73","14","'e' is defined but never used.","@typescript-eslint/no-unused-vars"
"D:\project\egov-enterprise\frontend\src\services\foundation\system\MonitoringAdminService.ts","89","14","'e' is defined but never used.","@typescript-eslint/no-unused-vars"
"D:\project\egov-enterprise\frontend\src\services\foundation\system\MonitoringAdminService.ts","101","14","'e' is defined but never used.","@typescript-eslint/no-unused-vars"
"D:\project\egov-enterprise\frontend\src\services\foundation\system\SystemLogAdminService.ts","2","59","'LoginLogType' is defined but never used.","@typescript-eslint/no-unused-vars"
"D:\project\egov-enterprise\frontend\src\types\foundation\program.ts","1","10","'PaginationInfo' is defined but never used.","@typescript-eslint/no-unused-vars"
