18-Dec-2025 08:29:10.957 정보 [main] org.apache.catalina.core.StandardServer.await 셧다운 포트를 통해 유효한 셧다운 명령을 받았습니다. 서버 인스턴스를 중지시킵니다.
18-Dec-2025 08:29:10.964 정보 [main] org.apache.coyote.AbstractProtocol.pause 프로토콜 핸들러 ["http-nio-8080"]을(를) 일시 정지 중
18-Dec-2025 08:29:10.992 정보 [main] org.apache.catalina.core.StandardService.stopInternal 서비스 [Catalina]을(를) 중지시킵니다.
18-Dec-2025 08:29:11.821 정보 [main] org.apache.coyote.AbstractProtocol.stop 프로토콜 핸들러 ["http-nio-8080"]을(를) 중지시킵니다.
18-Dec-2025 08:29:11.835 정보 [main] org.apache.coyote.AbstractProtocol.destroy 프로토콜 핸들러 ["http-nio-8080"]을(를) 소멸시킵니다.
18-Dec-2025 08:29:19.958 정보 [main] org.apache.catalina.startup.VersionLoggerListener.log 서버 버전 이름:    Apache Tomcat/10.1.50
18-Dec-2025 08:29:19.964 정보 [main] org.apache.catalina.startup.VersionLoggerListener.log Server 빌드 시각:  Dec 2 2025 22:57:41 UTC
18-Dec-2025 08:29:19.964 정보 [main] org.apache.catalina.startup.VersionLoggerListener.log Server 버전 번호:  10.1.50.0
18-Dec-2025 08:29:19.964 정보 [main] org.apache.catalina.startup.VersionLoggerListener.log 운영체제 이름:     Windows 11
18-Dec-2025 08:29:19.965 정보 [main] org.apache.catalina.startup.VersionLoggerListener.log 운영체제 버전:     10.0
18-Dec-2025 08:29:19.965 정보 [main] org.apache.catalina.startup.VersionLoggerListener.log 아키텍처:          amd64
18-Dec-2025 08:29:19.966 정보 [main] org.apache.catalina.startup.VersionLoggerListener.log 자바 홈:           C:\Program Files\Eclipse Adoptium\jdk-21.0.4.7-hotspot
18-Dec-2025 08:29:19.966 정보 [main] org.apache.catalina.startup.VersionLoggerListener.log JVM 버전:          21.0.4+7-LTS
18-Dec-2025 08:29:19.966 정보 [main] org.apache.catalina.startup.VersionLoggerListener.log JVM 벤더:          Eclipse Adoptium
18-Dec-2025 08:29:19.968 정보 [main] org.apache.catalina.startup.VersionLoggerListener.log CATALINA_BASE:     D:\project\egov-enterprise\apache-tomcat-10.1.50\apache-tomcat-10.1.50
18-Dec-2025 08:29:19.968 정보 [main] org.apache.catalina.startup.VersionLoggerListener.log CATALINA_HOME:     D:\project\egov-enterprise\apache-tomcat-10.1.50\apache-tomcat-10.1.50
18-Dec-2025 08:29:19.980 정보 [main] org.apache.catalina.startup.VersionLoggerListener.log 명령 행 아규먼트:  -Djava.util.logging.config.file=d:\project\egov-enterprise\apache-tomcat-10.1.50\apache-tomcat-10.1.50\conf\logging.properties
18-Dec-2025 08:29:19.981 정보 [main] org.apache.catalina.startup.VersionLoggerListener.log 명령 행 아규먼트:  -Djava.util.logging.manager=org.apache.juli.ClassLoaderLogManager
18-Dec-2025 08:29:19.981 정보 [main] org.apache.catalina.startup.VersionLoggerListener.log 명령 행 아규먼트:  -Djdk.tls.ephemeralDHKeySize=2048
18-Dec-2025 08:29:19.981 정보 [main] org.apache.catalina.startup.VersionLoggerListener.log 명령 행 아규먼트:  -Djava.protocol.handler.pkgs=org.apache.catalina.webresources
18-Dec-2025 08:29:19.982 정보 [main] org.apache.catalina.startup.VersionLoggerListener.log 명령 행 아규먼트:  -Dsun.io.useCanonCaches=false
18-Dec-2025 08:29:19.983 정보 [main] org.apache.catalina.startup.VersionLoggerListener.log 명령 행 아규먼트:  --add-opens=java.base/java.lang=ALL-UNNAMED
18-Dec-2025 08:29:19.983 정보 [main] org.apache.catalina.startup.VersionLoggerListener.log 명령 행 아규먼트:  --add-opens=java.base/java.lang.reflect=ALL-UNNAMED
18-Dec-2025 08:29:19.983 정보 [main] org.apache.catalina.startup.VersionLoggerListener.log 명령 행 아규먼트:  --add-opens=java.base/java.io=ALL-UNNAMED
18-Dec-2025 08:29:19.984 정보 [main] org.apache.catalina.startup.VersionLoggerListener.log 명령 행 아규먼트:  --add-opens=java.base/java.util=ALL-UNNAMED
18-Dec-2025 08:29:19.984 정보 [main] org.apache.catalina.startup.VersionLoggerListener.log 명령 행 아규먼트:  --add-opens=java.base/java.util.concurrent=ALL-UNNAMED
18-Dec-2025 08:29:19.985 정보 [main] org.apache.catalina.startup.VersionLoggerListener.log 명령 행 아규먼트:  --add-opens=java.rmi/sun.rmi.transport=ALL-UNNAMED
18-Dec-2025 08:29:19.985 정보 [main] org.apache.catalina.startup.VersionLoggerListener.log 명령 행 아규먼트:  -Dcatalina.base=d:\project\egov-enterprise\apache-tomcat-10.1.50\apache-tomcat-10.1.50
18-Dec-2025 08:29:19.985 정보 [main] org.apache.catalina.startup.VersionLoggerListener.log 명령 행 아규먼트:  -Dcatalina.home=d:\project\egov-enterprise\apache-tomcat-10.1.50\apache-tomcat-10.1.50
18-Dec-2025 08:29:19.987 정보 [main] org.apache.catalina.startup.VersionLoggerListener.log 명령 행 아규먼트:  -Djava.io.tmpdir=d:\project\egov-enterprise\apache-tomcat-10.1.50\apache-tomcat-10.1.50\temp
18-Dec-2025 08:29:20.003 정보 [main] org.apache.catalina.core.AprLifecycleListener.lifecycleEvent 프로덕션 환경들에서 최적의 성능을 제공하는, APR 기반 Apache Tomcat Native 라이브러리가, 다음 java.library.path에서 발견되지 않습니다: [C:\Program Files\Eclipse Adoptium\jdk-21.0.4.7-hotspot\bin;C:\WINDOWS\Sun\Java\bin;C:\WINDOWS\system32;C:\WINDOWS;C:\Python313\Scripts\;C:\Python313\;C:\Program Files\Microsoft\jdk-11.0.25.9-hotspot\bin;C:\Program Files\Common Files\Oracle\Java\javapath;C:\Program Files (x86)\Common Files\Oracle\Java\java8path;C:\Program Files (x86)\Common Files\Oracle\Java\javapath;C:\Program Files\Eclipse Adoptium\jdk-21.0.4.7-hotspot\bin;C:\WINDOWS\system32;C:\WINDOWS;C:\WINDOWS\System32\Wbem;C:\WINDOWS\System32\WindowsPowerShell\v1.0\;C:\WINDOWS\System32\OpenSSH\;C:\Program Files\Bandizip\;C:\Program Files\dotnet\;%JAVA_HOME%\bin;C:\Program Files\nodejs\;C:\ProgramData\chocolatey\bin;C:\Program Files\Git\cmd;C:\Users\lkind\AppData\Roaming\npm;C:\Users\lkind\AppData\Local\Pandoc;C:\Program Files\Docker\Docker\resources\bin;C:\Program Files\Apache\apache-maven-3.9.11\bin;C:\Program Files\Apache\apache-maven-3.9.11\bin;C:\Python313\Scripts\;C:\Python313\;C:\Program Files\Microsoft\jdk-11.0.25.9-hotspot\bin;C:\Program Files\Common Files\Oracle\Java\javapath;C:\Program Files (x86)\Common Files\Oracle\Java\java8path;C:\Program Files (x86)\Common Files\Oracle\Java\javapath;C:\Program Files\Eclipse Adoptium\jdk-21.0.4.7-hotspot\bin;C:\WINDOWS\system32;C:\WINDOWS;C:\WINDOWS\System32\Wbem;C:\WINDOWS\System32\WindowsPowerShell\v1.0\;C:\WINDOWS\System32\OpenSSH\;C:\Program Files\Bandizip\;C:\Program Files\dotnet\;C:\Program Files\Eclipse Adoptium\jdk-21.0.4.7-hotspot\bin;C:\Program Files\nodejs\;C:\ProgramData\chocolatey\bin;C:\Program Files\Docker\Docker\resources\bin;C:\Program Files\Git\cmd;C:\Users\lkind\AppData\Local\Programs\Python\Launcher\;C:\Users\lkind\AppData\Local\Microsoft\WindowsApps;C:\Users\lkind\AppData\Local\Programs\cursor\resources\app\bin;C:\Users\lkind\AppData\Roaming\npm;C:\Users\lkind\AppData\Local\GitHubDesktop\bin;C:\Users\lkind\AppData\Local\Programs\Microsoft VS Code\bin;C:\Users\lkind\AppData\Local\Microsoft\WinGet\Packages\astral-sh.uv_Microsoft;C:\Users\lkind\AppData\Local\Pandoc\;C:\Users\lkind\AppData\Local\Programs\Antigravity\bin;C:\Program Files\Apache\apache-maven-3.9.11\bin;c:\Users\lkind\.antigravity\extensions\vscjava.vscode-java-debug-0.58.3-universal\bundled\scripts\noConfigScripts;.]
18-Dec-2025 08:29:20.371 정보 [main] org.apache.coyote.AbstractProtocol.init 프로토콜 핸들러 ["http-nio-8080"]을(를) 초기화합니다.
18-Dec-2025 08:29:20.422 정보 [main] org.apache.catalina.startup.Catalina.load [714] 밀리초 내에 서버가 초기화되었습니다.
18-Dec-2025 08:29:20.519 정보 [main] org.apache.catalina.core.StandardService.startInternal 서비스 [Catalina]을(를) 시작합니다.
18-Dec-2025 08:29:20.520 정보 [main] org.apache.catalina.core.StandardEngine.startInternal 서버 엔진을 시작합니다: [Apache Tomcat/10.1.50]
18-Dec-2025 08:29:20.593 정보 [main] org.apache.catalina.startup.HostConfig.deployWAR 웹 애플리케이션 아카이브 [D:\project\egov-enterprise\apache-tomcat-10.1.50\apache-tomcat-10.1.50\webapps\ROOT.war]을(를) 배치합니다.
18-Dec-2025 08:29:36.662 정보 [main] org.apache.jasper.servlet.TldScanner.scanJars 적어도 하나의 JAR가 TLD들을 찾기 위해 스캔되었으나 아무 것도 찾지 못했습니다. 스캔했으나 TLD가 없는 JAR들의 전체 목록을 보시려면, 로그 레벨을 디버그 레벨로 설정하십시오. 스캔 과정에서 불필요한 JAR들을 건너뛰면, 시스템 시작 시간과 JSP 컴파일 시간을 단축시킬 수 있습니다.
18-Dec-2025 08:29:42.937 심각 [main] org.apache.catalina.core.StandardContext.startInternal 하나 이상의 리스너들이 시작하지 못했습니다. 상세 내역은 적절한 컨테이너 로그 파일에서 찾을 수 있습니다.
18-Dec-2025 08:29:42.952 심각 [main] org.apache.catalina.core.StandardContext.startInternal 이전 오류들로 인해 컨텍스트 []의 시작이 실패했습니다.
18-Dec-2025 08:29:43.006 경고 [main] org.apache.catalina.loader.WebappClassLoaderBase.clearReferencesJdbc 웹 애플리케이션 [ROOT]이(가) JDBC 드라이버 [cubrid.jdbc.driver.CUBRIDDriver]을(를) 등록했지만, 웹 애플리케이션이 중지될 때, 해당 JDBC 드라이버의 등록을 제거하지 못했습니다. 메모리 누수를 방지하기 위하여, 등록을 강제로 제거했습니다.
18-Dec-2025 08:29:43.007 경고 [main] org.apache.catalina.loader.WebappClassLoaderBase.clearReferencesThreads 웹 애플리케이션 [ROOT]이(가) [sysLogScheduler_Worker-1](이)라는 이름의 쓰레드를 시작시킨 것으로 보이지만, 해당 쓰레드를 중지시키지 못했습니다. 이는 메모리 누수를 유발할 가능성이 큽니다. 해당 쓰레드의 스택 트레이스:
 java.base/java.lang.Object.wait0(Native Method)
 java.base/java.lang.Object.wait(Object.java:366)
 org.quartz.simpl.SimpleThreadPool$WorkerThread.run(SimpleThreadPool.java:561)
18-Dec-2025 08:29:43.009 경고 [main] org.apache.catalina.loader.WebappClassLoaderBase.clearReferencesThreads 웹 애플리케이션 [ROOT]이(가) [sysLogScheduler_Worker-2](이)라는 이름의 쓰레드를 시작시킨 것으로 보이지만, 해당 쓰레드를 중지시키지 못했습니다. 이는 메모리 누수를 유발할 가능성이 큽니다. 해당 쓰레드의 스택 트레이스:
 java.base/java.lang.Object.wait0(Native Method)
 java.base/java.lang.Object.wait(Object.java:366)
 org.quartz.simpl.SimpleThreadPool$WorkerThread.run(SimpleThreadPool.java:561)
18-Dec-2025 08:29:43.009 경고 [main] org.apache.catalina.loader.WebappClassLoaderBase.clearReferencesThreads 웹 애플리케이션 [ROOT]이(가) [sysLogScheduler_Worker-3](이)라는 이름의 쓰레드를 시작시킨 것으로 보이지만, 해당 쓰레드를 중지시키지 못했습니다. 이는 메모리 누수를 유발할 가능성이 큽니다. 해당 쓰레드의 스택 트레이스:
 java.base/java.lang.Object.wait0(Native Method)
 java.base/java.lang.Object.wait(Object.java:366)
 org.quartz.simpl.SimpleThreadPool$WorkerThread.run(SimpleThreadPool.java:561)
18-Dec-2025 08:29:43.009 경고 [main] org.apache.catalina.loader.WebappClassLoaderBase.clearReferencesThreads 웹 애플리케이션 [ROOT]이(가) [sysLogScheduler_Worker-4](이)라는 이름의 쓰레드를 시작시킨 것으로 보이지만, 해당 쓰레드를 중지시키지 못했습니다. 이는 메모리 누수를 유발할 가능성이 큽니다. 해당 쓰레드의 스택 트레이스:
 java.base/java.lang.Object.wait0(Native Method)
 java.base/java.lang.Object.wait(Object.java:366)
 org.quartz.simpl.SimpleThreadPool$WorkerThread.run(SimpleThreadPool.java:561)
18-Dec-2025 08:29:43.010 경고 [main] org.apache.catalina.loader.WebappClassLoaderBase.clearReferencesThreads 웹 애플리케이션 [ROOT]이(가) [sysLogScheduler_Worker-5](이)라는 이름의 쓰레드를 시작시킨 것으로 보이지만, 해당 쓰레드를 중지시키지 못했습니다. 이는 메모리 누수를 유발할 가능성이 큽니다. 해당 쓰레드의 스택 트레이스:
 java.base/java.lang.Object.wait0(Native Method)
 java.base/java.lang.Object.wait(Object.java:366)
 org.quartz.simpl.SimpleThreadPool$WorkerThread.run(SimpleThreadPool.java:561)
18-Dec-2025 08:29:43.011 경고 [main] org.apache.catalina.loader.WebappClassLoaderBase.clearReferencesThreads 웹 애플리케이션 [ROOT]이(가) [sysLogScheduler_Worker-6](이)라는 이름의 쓰레드를 시작시킨 것으로 보이지만, 해당 쓰레드를 중지시키지 못했습니다. 이는 메모리 누수를 유발할 가능성이 큽니다. 해당 쓰레드의 스택 트레이스:
 java.base/java.lang.Object.wait0(Native Method)
 java.base/java.lang.Object.wait(Object.java:366)
 org.quartz.simpl.SimpleThreadPool$WorkerThread.run(SimpleThreadPool.java:561)
18-Dec-2025 08:29:43.011 경고 [main] org.apache.catalina.loader.WebappClassLoaderBase.clearReferencesThreads 웹 애플리케이션 [ROOT]이(가) [sysLogScheduler_Worker-7](이)라는 이름의 쓰레드를 시작시킨 것으로 보이지만, 해당 쓰레드를 중지시키지 못했습니다. 이는 메모리 누수를 유발할 가능성이 큽니다. 해당 쓰레드의 스택 트레이스:
 java.base/java.lang.Object.wait0(Native Method)
 java.base/java.lang.Object.wait(Object.java:366)
 org.quartz.simpl.SimpleThreadPool$WorkerThread.run(SimpleThreadPool.java:561)
18-Dec-2025 08:29:43.012 경고 [main] org.apache.catalina.loader.WebappClassLoaderBase.clearReferencesThreads 웹 애플리케이션 [ROOT]이(가) [sysLogScheduler_Worker-8](이)라는 이름의 쓰레드를 시작시킨 것으로 보이지만, 해당 쓰레드를 중지시키지 못했습니다. 이는 메모리 누수를 유발할 가능성이 큽니다. 해당 쓰레드의 스택 트레이스:
 java.base/java.lang.Object.wait0(Native Method)
 java.base/java.lang.Object.wait(Object.java:366)
 org.quartz.simpl.SimpleThreadPool$WorkerThread.run(SimpleThreadPool.java:561)
18-Dec-2025 08:29:43.013 경고 [main] org.apache.catalina.loader.WebappClassLoaderBase.clearReferencesThreads 웹 애플리케이션 [ROOT]이(가) [sysLogScheduler_Worker-9](이)라는 이름의 쓰레드를 시작시킨 것으로 보이지만, 해당 쓰레드를 중지시키지 못했습니다. 이는 메모리 누수를 유발할 가능성이 큽니다. 해당 쓰레드의 스택 트레이스:
 java.base/java.lang.Object.wait0(Native Method)
 java.base/java.lang.Object.wait(Object.java:366)
 org.quartz.simpl.SimpleThreadPool$WorkerThread.run(SimpleThreadPool.java:561)
18-Dec-2025 08:29:43.013 경고 [main] org.apache.catalina.loader.WebappClassLoaderBase.clearReferencesThreads 웹 애플리케이션 [ROOT]이(가) [sysLogScheduler_Worker-10](이)라는 이름의 쓰레드를 시작시킨 것으로 보이지만, 해당 쓰레드를 중지시키지 못했습니다. 이는 메모리 누수를 유발할 가능성이 큽니다. 해당 쓰레드의 스택 트레이스:
 java.base/java.lang.Object.wait0(Native Method)
 java.base/java.lang.Object.wait(Object.java:366)
 org.quartz.simpl.SimpleThreadPool$WorkerThread.run(SimpleThreadPool.java:561)
18-Dec-2025 08:29:43.030 정보 [main] org.apache.catalina.startup.HostConfig.deployWAR 웹 애플리케이션 아카이브 [D:\project\egov-enterprise\apache-tomcat-10.1.50\apache-tomcat-10.1.50\webapps\ROOT.war]의 배치가 [22,429] 밀리초에 완료되었습니다.
18-Dec-2025 08:29:43.032 정보 [main] org.apache.catalina.startup.HostConfig.deployDirectory 웹 애플리케이션 디렉토리 [D:\project\egov-enterprise\apache-tomcat-10.1.50\apache-tomcat-10.1.50\webapps\docs]을(를) 배치합니다.
18-Dec-2025 08:29:43.133 정보 [main] org.apache.jasper.servlet.TldScanner.scanJars 적어도 하나의 JAR가 TLD들을 찾기 위해 스캔되었으나 아무 것도 찾지 못했습니다. 스캔했으나 TLD가 없는 JAR들의 전체 목록을 보시려면, 로그 레벨을 디버그 레벨로 설정하십시오. 스캔 과정에서 불필요한 JAR들을 건너뛰면, 시스템 시작 시간과 JSP 컴파일 시간을 단축시킬 수 있습니다.
18-Dec-2025 08:29:43.167 정보 [main] org.apache.catalina.startup.HostConfig.deployDirectory 웹 애플리케이션 디렉토리 [D:\project\egov-enterprise\apache-tomcat-10.1.50\apache-tomcat-10.1.50\webapps\docs]에 대한 배치가 [134] 밀리초에 완료되었습니다.
18-Dec-2025 08:29:43.167 정보 [main] org.apache.catalina.startup.HostConfig.deployDirectory 웹 애플리케이션 디렉토리 [D:\project\egov-enterprise\apache-tomcat-10.1.50\apache-tomcat-10.1.50\webapps\examples]을(를) 배치합니다.
18-Dec-2025 08:29:43.600 정보 [main] org.apache.jasper.servlet.TldScanner.scanJars 적어도 하나의 JAR가 TLD들을 찾기 위해 스캔되었으나 아무 것도 찾지 못했습니다. 스캔했으나 TLD가 없는 JAR들의 전체 목록을 보시려면, 로그 레벨을 디버그 레벨로 설정하십시오. 스캔 과정에서 불필요한 JAR들을 건너뛰면, 시스템 시작 시간과 JSP 컴파일 시간을 단축시킬 수 있습니다.
18-Dec-2025 08:29:43.668 정보 [main] org.apache.catalina.startup.HostConfig.deployDirectory 웹 애플리케이션 디렉토리 [D:\project\egov-enterprise\apache-tomcat-10.1.50\apache-tomcat-10.1.50\webapps\examples]에 대한 배치가 [500] 밀리초에 완료되었습니다.
18-Dec-2025 08:29:43.669 정보 [main] org.apache.catalina.startup.HostConfig.deployDirectory 웹 애플리케이션 디렉토리 [D:\project\egov-enterprise\apache-tomcat-10.1.50\apache-tomcat-10.1.50\webapps\host-manager]을(를) 배치합니다.
18-Dec-2025 08:29:43.766 정보 [main] org.apache.jasper.servlet.TldScanner.scanJars 적어도 하나의 JAR가 TLD들을 찾기 위해 스캔되었으나 아무 것도 찾지 못했습니다. 스캔했으나 TLD가 없는 JAR들의 전체 목록을 보시려면, 로그 레벨을 디버그 레벨로 설정하십시오. 스캔 과정에서 불필요한 JAR들을 건너뛰면, 시스템 시작 시간과 JSP 컴파일 시간을 단축시킬 수 있습니다.
18-Dec-2025 08:29:43.773 정보 [main] org.apache.catalina.startup.HostConfig.deployDirectory 웹 애플리케이션 디렉토리 [D:\project\egov-enterprise\apache-tomcat-10.1.50\apache-tomcat-10.1.50\webapps\host-manager]에 대한 배치가 [103] 밀리초에 완료되었습니다.
18-Dec-2025 08:29:43.774 정보 [main] org.apache.catalina.startup.HostConfig.deployDirectory 웹 애플리케이션 디렉토리 [D:\project\egov-enterprise\apache-tomcat-10.1.50\apache-tomcat-10.1.50\webapps\manager]을(를) 배치합니다.
18-Dec-2025 08:29:43.846 정보 [main] org.apache.jasper.servlet.TldScanner.scanJars 적어도 하나의 JAR가 TLD들을 찾기 위해 스캔되었으나 아무 것도 찾지 못했습니다. 스캔했으나 TLD가 없는 JAR들의 전체 목록을 보시려면, 로그 레벨을 디버그 레벨로 설정하십시오. 스캔 과정에서 불필요한 JAR들을 건너뛰면, 시스템 시작 시간과 JSP 컴파일 시간을 단축시킬 수 있습니다.
18-Dec-2025 08:29:43.851 정보 [main] org.apache.catalina.startup.HostConfig.deployDirectory 웹 애플리케이션 디렉토리 [D:\project\egov-enterprise\apache-tomcat-10.1.50\apache-tomcat-10.1.50\webapps\manager]에 대한 배치가 [76] 밀리초에 완료되었습니다.
18-Dec-2025 08:29:43.858 정보 [main] org.apache.coyote.AbstractProtocol.start 프로토콜 핸들러 ["http-nio-8080"]을(를) 시작합니다.
18-Dec-2025 08:29:43.888 정보 [main] org.apache.catalina.startup.Catalina.start 서버가 [23463] 밀리초 내에 시작되었습니다.
18-Dec-2025 08:32:59.744 정보 [main] org.apache.catalina.startup.VersionLoggerListener.log 서버 버전 이름:    Apache Tomcat/10.1.50
18-Dec-2025 08:32:59.749 정보 [main] org.apache.catalina.startup.VersionLoggerListener.log Server 빌드 시각:  Dec 2 2025 22:57:41 UTC
18-Dec-2025 08:32:59.749 정보 [main] org.apache.catalina.startup.VersionLoggerListener.log Server 버전 번호:  10.1.50.0
18-Dec-2025 08:32:59.750 정보 [main] org.apache.catalina.startup.VersionLoggerListener.log 운영체제 이름:     Windows 11
18-Dec-2025 08:32:59.750 정보 [main] org.apache.catalina.startup.VersionLoggerListener.log 운영체제 버전:     10.0
18-Dec-2025 08:32:59.750 정보 [main] org.apache.catalina.startup.VersionLoggerListener.log 아키텍처:          amd64
18-Dec-2025 08:32:59.750 정보 [main] org.apache.catalina.startup.VersionLoggerListener.log 자바 홈:           C:\Program Files\Eclipse Adoptium\jdk-21.0.4.7-hotspot
18-Dec-2025 08:32:59.751 정보 [main] org.apache.catalina.startup.VersionLoggerListener.log JVM 버전:          21.0.4+7-LTS
18-Dec-2025 08:32:59.751 정보 [main] org.apache.catalina.startup.VersionLoggerListener.log JVM 벤더:          Eclipse Adoptium
18-Dec-2025 08:32:59.751 정보 [main] org.apache.catalina.startup.VersionLoggerListener.log CATALINA_BASE:     D:\project\egov-enterprise\apache-tomcat-10.1.50\apache-tomcat-10.1.50
18-Dec-2025 08:32:59.751 정보 [main] org.apache.catalina.startup.VersionLoggerListener.log CATALINA_HOME:     D:\project\egov-enterprise\apache-tomcat-10.1.50\apache-tomcat-10.1.50
18-Dec-2025 08:32:59.760 정보 [main] org.apache.catalina.startup.VersionLoggerListener.log 명령 행 아규먼트:  -Djava.util.logging.config.file=d:\project\egov-enterprise\apache-tomcat-10.1.50\apache-tomcat-10.1.50\conf\logging.properties
18-Dec-2025 08:32:59.760 정보 [main] org.apache.catalina.startup.VersionLoggerListener.log 명령 행 아규먼트:  -Djava.util.logging.manager=org.apache.juli.ClassLoaderLogManager
18-Dec-2025 08:32:59.760 정보 [main] org.apache.catalina.startup.VersionLoggerListener.log 명령 행 아규먼트:  -Djdk.tls.ephemeralDHKeySize=2048
18-Dec-2025 08:32:59.760 정보 [main] org.apache.catalina.startup.VersionLoggerListener.log 명령 행 아규먼트:  -Djava.protocol.handler.pkgs=org.apache.catalina.webresources
18-Dec-2025 08:32:59.761 정보 [main] org.apache.catalina.startup.VersionLoggerListener.log 명령 행 아규먼트:  -Dsun.io.useCanonCaches=false
18-Dec-2025 08:32:59.761 정보 [main] org.apache.catalina.startup.VersionLoggerListener.log 명령 행 아규먼트:  --add-opens=java.base/java.lang=ALL-UNNAMED
18-Dec-2025 08:32:59.762 정보 [main] org.apache.catalina.startup.VersionLoggerListener.log 명령 행 아규먼트:  --add-opens=java.base/java.lang.reflect=ALL-UNNAMED
18-Dec-2025 08:32:59.762 정보 [main] org.apache.catalina.startup.VersionLoggerListener.log 명령 행 아규먼트:  --add-opens=java.base/java.io=ALL-UNNAMED
18-Dec-2025 08:32:59.762 정보 [main] org.apache.catalina.startup.VersionLoggerListener.log 명령 행 아규먼트:  --add-opens=java.base/java.util=ALL-UNNAMED
18-Dec-2025 08:32:59.762 정보 [main] org.apache.catalina.startup.VersionLoggerListener.log 명령 행 아규먼트:  --add-opens=java.base/java.util.concurrent=ALL-UNNAMED
18-Dec-2025 08:32:59.763 정보 [main] org.apache.catalina.startup.VersionLoggerListener.log 명령 행 아규먼트:  --add-opens=java.rmi/sun.rmi.transport=ALL-UNNAMED
18-Dec-2025 08:32:59.763 정보 [main] org.apache.catalina.startup.VersionLoggerListener.log 명령 행 아규먼트:  -Dcatalina.base=d:\project\egov-enterprise\apache-tomcat-10.1.50\apache-tomcat-10.1.50
18-Dec-2025 08:32:59.764 정보 [main] org.apache.catalina.startup.VersionLoggerListener.log 명령 행 아규먼트:  -Dcatalina.home=d:\project\egov-enterprise\apache-tomcat-10.1.50\apache-tomcat-10.1.50
18-Dec-2025 08:32:59.764 정보 [main] org.apache.catalina.startup.VersionLoggerListener.log 명령 행 아규먼트:  -Djava.io.tmpdir=d:\project\egov-enterprise\apache-tomcat-10.1.50\apache-tomcat-10.1.50\temp
18-Dec-2025 08:32:59.784 정보 [main] org.apache.catalina.core.AprLifecycleListener.lifecycleEvent 프로덕션 환경들에서 최적의 성능을 제공하는, APR 기반 Apache Tomcat Native 라이브러리가, 다음 java.library.path에서 발견되지 않습니다: [C:\Program Files\Eclipse Adoptium\jdk-21.0.4.7-hotspot\bin;C:\WINDOWS\Sun\Java\bin;C:\WINDOWS\system32;C:\WINDOWS;C:\Python313\Scripts\;C:\Python313\;C:\Program Files\Microsoft\jdk-11.0.25.9-hotspot\bin;C:\Program Files\Common Files\Oracle\Java\javapath;C:\Program Files (x86)\Common Files\Oracle\Java\java8path;C:\Program Files (x86)\Common Files\Oracle\Java\javapath;C:\Program Files\Eclipse Adoptium\jdk-21.0.4.7-hotspot\bin;C:\WINDOWS\system32;C:\WINDOWS;C:\WINDOWS\System32\Wbem;C:\WINDOWS\System32\WindowsPowerShell\v1.0\;C:\WINDOWS\System32\OpenSSH\;C:\Program Files\Bandizip\;C:\Program Files\dotnet\;%JAVA_HOME%\bin;C:\Program Files\nodejs\;C:\ProgramData\chocolatey\bin;C:\Program Files\Git\cmd;C:\Users\lkind\AppData\Roaming\npm;C:\Users\lkind\AppData\Local\Pandoc;C:\Program Files\Docker\Docker\resources\bin;C:\Program Files\Apache\apache-maven-3.9.11\bin;C:\Program Files\Apache\apache-maven-3.9.11\bin;C:\Python313\Scripts\;C:\Python313\;C:\Program Files\Microsoft\jdk-11.0.25.9-hotspot\bin;C:\Program Files\Common Files\Oracle\Java\javapath;C:\Program Files (x86)\Common Files\Oracle\Java\java8path;C:\Program Files (x86)\Common Files\Oracle\Java\javapath;C:\Program Files\Eclipse Adoptium\jdk-21.0.4.7-hotspot\bin;C:\WINDOWS\system32;C:\WINDOWS;C:\WINDOWS\System32\Wbem;C:\WINDOWS\System32\WindowsPowerShell\v1.0\;C:\WINDOWS\System32\OpenSSH\;C:\Program Files\Bandizip\;C:\Program Files\dotnet\;C:\Program Files\Eclipse Adoptium\jdk-21.0.4.7-hotspot\bin;C:\Program Files\nodejs\;C:\ProgramData\chocolatey\bin;C:\Program Files\Docker\Docker\resources\bin;C:\Program Files\Git\cmd;C:\Users\lkind\AppData\Local\Programs\Python\Launcher\;C:\Users\lkind\AppData\Local\Microsoft\WindowsApps;C:\Users\lkind\AppData\Local\Programs\cursor\resources\app\bin;C:\Users\lkind\AppData\Roaming\npm;C:\Users\lkind\AppData\Local\GitHubDesktop\bin;C:\Users\lkind\AppData\Local\Programs\Microsoft VS Code\bin;C:\Users\lkind\AppData\Local\Microsoft\WinGet\Packages\astral-sh.uv_Microsoft;C:\Users\lkind\AppData\Local\Pandoc\;C:\Users\lkind\AppData\Local\Programs\Antigravity\bin;C:\Program Files\Apache\apache-maven-3.9.11\bin;c:\Users\lkind\.antigravity\extensions\vscjava.vscode-java-debug-0.58.3-universal\bundled\scripts\noConfigScripts;.]
18-Dec-2025 08:33:00.109 정보 [main] org.apache.coyote.AbstractProtocol.init 프로토콜 핸들러 ["http-nio-8080"]을(를) 초기화합니다.
18-Dec-2025 08:33:00.169 정보 [main] org.apache.catalina.startup.Catalina.load [605] 밀리초 내에 서버가 초기화되었습니다.
18-Dec-2025 08:33:00.234 정보 [main] org.apache.catalina.core.StandardService.startInternal 서비스 [Catalina]을(를) 시작합니다.
18-Dec-2025 08:33:00.235 정보 [main] org.apache.catalina.core.StandardEngine.startInternal 서버 엔진을 시작합니다: [Apache Tomcat/10.1.50]
18-Dec-2025 08:33:00.292 정보 [main] org.apache.catalina.startup.HostConfig.deployWAR 웹 애플리케이션 아카이브 [D:\project\egov-enterprise\apache-tomcat-10.1.50\apache-tomcat-10.1.50\webapps\ROOT.war]을(를) 배치합니다.
18-Dec-2025 08:33:03.421 정보 [main] org.apache.jasper.servlet.TldScanner.scanJars 적어도 하나의 JAR가 TLD들을 찾기 위해 스캔되었으나 아무 것도 찾지 못했습니다. 스캔했으나 TLD가 없는 JAR들의 전체 목록을 보시려면, 로그 레벨을 디버그 레벨로 설정하십시오. 스캔 과정에서 불필요한 JAR들을 건너뛰면, 시스템 시작 시간과 JSP 컴파일 시간을 단축시킬 수 있습니다.
18-Dec-2025 08:33:08.453 심각 [main] org.apache.catalina.core.StandardContext.startInternal 하나 이상의 리스너들이 시작하지 못했습니다. 상세 내역은 적절한 컨테이너 로그 파일에서 찾을 수 있습니다.
18-Dec-2025 08:33:08.465 심각 [main] org.apache.catalina.core.StandardContext.startInternal 이전 오류들로 인해 컨텍스트 []의 시작이 실패했습니다.
18-Dec-2025 08:33:08.509 경고 [main] org.apache.catalina.loader.WebappClassLoaderBase.clearReferencesJdbc 웹 애플리케이션 [ROOT]이(가) JDBC 드라이버 [cubrid.jdbc.driver.CUBRIDDriver]을(를) 등록했지만, 웹 애플리케이션이 중지될 때, 해당 JDBC 드라이버의 등록을 제거하지 못했습니다. 메모리 누수를 방지하기 위하여, 등록을 강제로 제거했습니다.
18-Dec-2025 08:33:08.510 경고 [main] org.apache.catalina.loader.WebappClassLoaderBase.clearReferencesThreads 웹 애플리케이션 [ROOT]이(가) [sysLogScheduler_Worker-1](이)라는 이름의 쓰레드를 시작시킨 것으로 보이지만, 해당 쓰레드를 중지시키지 못했습니다. 이는 메모리 누수를 유발할 가능성이 큽니다. 해당 쓰레드의 스택 트레이스:
 java.base/java.lang.Object.wait0(Native Method)
 java.base/java.lang.Object.wait(Object.java:366)
 org.quartz.simpl.SimpleThreadPool$WorkerThread.run(SimpleThreadPool.java:561)
18-Dec-2025 08:33:08.511 경고 [main] org.apache.catalina.loader.WebappClassLoaderBase.clearReferencesThreads 웹 애플리케이션 [ROOT]이(가) [sysLogScheduler_Worker-2](이)라는 이름의 쓰레드를 시작시킨 것으로 보이지만, 해당 쓰레드를 중지시키지 못했습니다. 이는 메모리 누수를 유발할 가능성이 큽니다. 해당 쓰레드의 스택 트레이스:
 java.base/java.lang.Object.wait0(Native Method)
 java.base/java.lang.Object.wait(Object.java:366)
 org.quartz.simpl.SimpleThreadPool$WorkerThread.run(SimpleThreadPool.java:561)
18-Dec-2025 08:33:08.512 경고 [main] org.apache.catalina.loader.WebappClassLoaderBase.clearReferencesThreads 웹 애플리케이션 [ROOT]이(가) [sysLogScheduler_Worker-3](이)라는 이름의 쓰레드를 시작시킨 것으로 보이지만, 해당 쓰레드를 중지시키지 못했습니다. 이는 메모리 누수를 유발할 가능성이 큽니다. 해당 쓰레드의 스택 트레이스:
 java.base/java.lang.Object.wait0(Native Method)
 java.base/java.lang.Object.wait(Object.java:366)
 org.quartz.simpl.SimpleThreadPool$WorkerThread.run(SimpleThreadPool.java:561)
18-Dec-2025 08:33:08.513 경고 [main] org.apache.catalina.loader.WebappClassLoaderBase.clearReferencesThreads 웹 애플리케이션 [ROOT]이(가) [sysLogScheduler_Worker-4](이)라는 이름의 쓰레드를 시작시킨 것으로 보이지만, 해당 쓰레드를 중지시키지 못했습니다. 이는 메모리 누수를 유발할 가능성이 큽니다. 해당 쓰레드의 스택 트레이스:
 java.base/java.lang.Object.wait0(Native Method)
 java.base/java.lang.Object.wait(Object.java:366)
 org.quartz.simpl.SimpleThreadPool$WorkerThread.run(SimpleThreadPool.java:561)
18-Dec-2025 08:33:08.514 경고 [main] org.apache.catalina.loader.WebappClassLoaderBase.clearReferencesThreads 웹 애플리케이션 [ROOT]이(가) [sysLogScheduler_Worker-5](이)라는 이름의 쓰레드를 시작시킨 것으로 보이지만, 해당 쓰레드를 중지시키지 못했습니다. 이는 메모리 누수를 유발할 가능성이 큽니다. 해당 쓰레드의 스택 트레이스:
 java.base/java.lang.Object.wait0(Native Method)
 java.base/java.lang.Object.wait(Object.java:366)
 org.quartz.simpl.SimpleThreadPool$WorkerThread.run(SimpleThreadPool.java:561)
18-Dec-2025 08:33:08.514 경고 [main] org.apache.catalina.loader.WebappClassLoaderBase.clearReferencesThreads 웹 애플리케이션 [ROOT]이(가) [sysLogScheduler_Worker-6](이)라는 이름의 쓰레드를 시작시킨 것으로 보이지만, 해당 쓰레드를 중지시키지 못했습니다. 이는 메모리 누수를 유발할 가능성이 큽니다. 해당 쓰레드의 스택 트레이스:
 java.base/java.lang.Object.wait0(Native Method)
 java.base/java.lang.Object.wait(Object.java:366)
 org.quartz.simpl.SimpleThreadPool$WorkerThread.run(SimpleThreadPool.java:561)
18-Dec-2025 08:33:08.514 경고 [main] org.apache.catalina.loader.WebappClassLoaderBase.clearReferencesThreads 웹 애플리케이션 [ROOT]이(가) [sysLogScheduler_Worker-7](이)라는 이름의 쓰레드를 시작시킨 것으로 보이지만, 해당 쓰레드를 중지시키지 못했습니다. 이는 메모리 누수를 유발할 가능성이 큽니다. 해당 쓰레드의 스택 트레이스:
 java.base/java.lang.Object.wait0(Native Method)
 java.base/java.lang.Object.wait(Object.java:366)
 org.quartz.simpl.SimpleThreadPool$WorkerThread.run(SimpleThreadPool.java:561)
18-Dec-2025 08:33:08.514 경고 [main] org.apache.catalina.loader.WebappClassLoaderBase.clearReferencesThreads 웹 애플리케이션 [ROOT]이(가) [sysLogScheduler_Worker-8](이)라는 이름의 쓰레드를 시작시킨 것으로 보이지만, 해당 쓰레드를 중지시키지 못했습니다. 이는 메모리 누수를 유발할 가능성이 큽니다. 해당 쓰레드의 스택 트레이스:
 java.base/java.lang.Object.wait0(Native Method)
 java.base/java.lang.Object.wait(Object.java:366)
 org.quartz.simpl.SimpleThreadPool$WorkerThread.run(SimpleThreadPool.java:561)
18-Dec-2025 08:33:08.516 경고 [main] org.apache.catalina.loader.WebappClassLoaderBase.clearReferencesThreads 웹 애플리케이션 [ROOT]이(가) [sysLogScheduler_Worker-9](이)라는 이름의 쓰레드를 시작시킨 것으로 보이지만, 해당 쓰레드를 중지시키지 못했습니다. 이는 메모리 누수를 유발할 가능성이 큽니다. 해당 쓰레드의 스택 트레이스:
 java.base/java.lang.Object.wait0(Native Method)
 java.base/java.lang.Object.wait(Object.java:366)
 org.quartz.simpl.SimpleThreadPool$WorkerThread.run(SimpleThreadPool.java:561)
18-Dec-2025 08:33:08.516 경고 [main] org.apache.catalina.loader.WebappClassLoaderBase.clearReferencesThreads 웹 애플리케이션 [ROOT]이(가) [sysLogScheduler_Worker-10](이)라는 이름의 쓰레드를 시작시킨 것으로 보이지만, 해당 쓰레드를 중지시키지 못했습니다. 이는 메모리 누수를 유발할 가능성이 큽니다. 해당 쓰레드의 스택 트레이스:
 java.base/java.lang.Object.wait0(Native Method)
 java.base/java.lang.Object.wait(Object.java:366)
 org.quartz.simpl.SimpleThreadPool$WorkerThread.run(SimpleThreadPool.java:561)
18-Dec-2025 08:33:08.539 정보 [main] org.apache.catalina.startup.HostConfig.deployWAR 웹 애플리케이션 아카이브 [D:\project\egov-enterprise\apache-tomcat-10.1.50\apache-tomcat-10.1.50\webapps\ROOT.war]의 배치가 [8,241] 밀리초에 완료되었습니다.
18-Dec-2025 08:33:08.541 정보 [main] org.apache.catalina.startup.HostConfig.deployDirectory 웹 애플리케이션 디렉토리 [D:\project\egov-enterprise\apache-tomcat-10.1.50\apache-tomcat-10.1.50\webapps\docs]을(를) 배치합니다.
18-Dec-2025 08:33:08.628 정보 [main] org.apache.jasper.servlet.TldScanner.scanJars 적어도 하나의 JAR가 TLD들을 찾기 위해 스캔되었으나 아무 것도 찾지 못했습니다. 스캔했으나 TLD가 없는 JAR들의 전체 목록을 보시려면, 로그 레벨을 디버그 레벨로 설정하십시오. 스캔 과정에서 불필요한 JAR들을 건너뛰면, 시스템 시작 시간과 JSP 컴파일 시간을 단축시킬 수 있습니다.
18-Dec-2025 08:33:08.658 정보 [main] org.apache.catalina.startup.HostConfig.deployDirectory 웹 애플리케이션 디렉토리 [D:\project\egov-enterprise\apache-tomcat-10.1.50\apache-tomcat-10.1.50\webapps\docs]에 대한 배치가 [117] 밀리초에 완료되었습니다.
18-Dec-2025 08:33:08.659 정보 [main] org.apache.catalina.startup.HostConfig.deployDirectory 웹 애플리케이션 디렉토리 [D:\project\egov-enterprise\apache-tomcat-10.1.50\apache-tomcat-10.1.50\webapps\examples]을(를) 배치합니다.
18-Dec-2025 08:33:09.040 정보 [main] org.apache.jasper.servlet.TldScanner.scanJars 적어도 하나의 JAR가 TLD들을 찾기 위해 스캔되었으나 아무 것도 찾지 못했습니다. 스캔했으나 TLD가 없는 JAR들의 전체 목록을 보시려면, 로그 레벨을 디버그 레벨로 설정하십시오. 스캔 과정에서 불필요한 JAR들을 건너뛰면, 시스템 시작 시간과 JSP 컴파일 시간을 단축시킬 수 있습니다.
18-Dec-2025 08:33:09.122 정보 [main] org.apache.catalina.startup.HostConfig.deployDirectory 웹 애플리케이션 디렉토리 [D:\project\egov-enterprise\apache-tomcat-10.1.50\apache-tomcat-10.1.50\webapps\examples]에 대한 배치가 [463] 밀리초에 완료되었습니다.
18-Dec-2025 08:33:09.123 정보 [main] org.apache.catalina.startup.HostConfig.deployDirectory 웹 애플리케이션 디렉토리 [D:\project\egov-enterprise\apache-tomcat-10.1.50\apache-tomcat-10.1.50\webapps\host-manager]을(를) 배치합니다.
18-Dec-2025 08:33:09.182 정보 [main] org.apache.jasper.servlet.TldScanner.scanJars 적어도 하나의 JAR가 TLD들을 찾기 위해 스캔되었으나 아무 것도 찾지 못했습니다. 스캔했으나 TLD가 없는 JAR들의 전체 목록을 보시려면, 로그 레벨을 디버그 레벨로 설정하십시오. 스캔 과정에서 불필요한 JAR들을 건너뛰면, 시스템 시작 시간과 JSP 컴파일 시간을 단축시킬 수 있습니다.
18-Dec-2025 08:33:09.191 정보 [main] org.apache.catalina.startup.HostConfig.deployDirectory 웹 애플리케이션 디렉토리 [D:\project\egov-enterprise\apache-tomcat-10.1.50\apache-tomcat-10.1.50\webapps\host-manager]에 대한 배치가 [68] 밀리초에 완료되었습니다.
18-Dec-2025 08:33:09.192 정보 [main] org.apache.catalina.startup.HostConfig.deployDirectory 웹 애플리케이션 디렉토리 [D:\project\egov-enterprise\apache-tomcat-10.1.50\apache-tomcat-10.1.50\webapps\manager]을(를) 배치합니다.
18-Dec-2025 08:33:09.267 정보 [main] org.apache.jasper.servlet.TldScanner.scanJars 적어도 하나의 JAR가 TLD들을 찾기 위해 스캔되었으나 아무 것도 찾지 못했습니다. 스캔했으나 TLD가 없는 JAR들의 전체 목록을 보시려면, 로그 레벨을 디버그 레벨로 설정하십시오. 스캔 과정에서 불필요한 JAR들을 건너뛰면, 시스템 시작 시간과 JSP 컴파일 시간을 단축시킬 수 있습니다.
18-Dec-2025 08:33:09.272 정보 [main] org.apache.catalina.startup.HostConfig.deployDirectory 웹 애플리케이션 디렉토리 [D:\project\egov-enterprise\apache-tomcat-10.1.50\apache-tomcat-10.1.50\webapps\manager]에 대한 배치가 [80] 밀리초에 완료되었습니다.
18-Dec-2025 08:33:09.282 정보 [main] org.apache.coyote.AbstractProtocol.start 프로토콜 핸들러 ["http-nio-8080"]을(를) 시작합니다.
18-Dec-2025 08:33:09.315 정보 [main] org.apache.catalina.startup.Catalina.start 서버가 [9145] 밀리초 내에 시작되었습니다.
18-Dec-2025 08:36:27.004 정보 [main] org.apache.catalina.core.StandardServer.await 셧다운 포트를 통해 유효한 셧다운 명령을 받았습니다. 서버 인스턴스를 중지시킵니다.
18-Dec-2025 08:36:27.004 정보 [main] org.apache.coyote.AbstractProtocol.pause 프로토콜 핸들러 ["http-nio-8080"]을(를) 일시 정지 중
18-Dec-2025 08:36:27.019 정보 [main] org.apache.catalina.core.StandardService.stopInternal 서비스 [Catalina]을(를) 중지시킵니다.
18-Dec-2025 08:36:27.042 정보 [main] org.apache.coyote.AbstractProtocol.stop 프로토콜 핸들러 ["http-nio-8080"]을(를) 중지시킵니다.
18-Dec-2025 08:36:27.055 정보 [main] org.apache.coyote.AbstractProtocol.destroy 프로토콜 핸들러 ["http-nio-8080"]을(를) 소멸시킵니다.
18-Dec-2025 08:36:45.860 정보 [main] org.apache.catalina.startup.VersionLoggerListener.log 서버 버전 이름:    Apache Tomcat/10.1.50
18-Dec-2025 08:36:45.872 정보 [main] org.apache.catalina.startup.VersionLoggerListener.log Server 빌드 시각:  Dec 2 2025 22:57:41 UTC
18-Dec-2025 08:36:45.877 정보 [main] org.apache.catalina.startup.VersionLoggerListener.log Server 버전 번호:  10.1.50.0
18-Dec-2025 08:36:45.881 정보 [main] org.apache.catalina.startup.VersionLoggerListener.log 운영체제 이름:     Windows 11
18-Dec-2025 08:36:45.882 정보 [main] org.apache.catalina.startup.VersionLoggerListener.log 운영체제 버전:     10.0
18-Dec-2025 08:36:45.887 정보 [main] org.apache.catalina.startup.VersionLoggerListener.log 아키텍처:          amd64
18-Dec-2025 08:36:45.893 정보 [main] org.apache.catalina.startup.VersionLoggerListener.log 자바 홈:           C:\Program Files\Eclipse Adoptium\jdk-21.0.4.7-hotspot
18-Dec-2025 08:36:45.909 정보 [main] org.apache.catalina.startup.VersionLoggerListener.log JVM 버전:          21.0.4+7-LTS
18-Dec-2025 08:36:45.911 정보 [main] org.apache.catalina.startup.VersionLoggerListener.log JVM 벤더:          Eclipse Adoptium
18-Dec-2025 08:36:45.913 정보 [main] org.apache.catalina.startup.VersionLoggerListener.log CATALINA_BASE:     D:\project\egov-enterprise\apache-tomcat-10.1.50\apache-tomcat-10.1.50
18-Dec-2025 08:36:45.914 정보 [main] org.apache.catalina.startup.VersionLoggerListener.log CATALINA_HOME:     D:\project\egov-enterprise\apache-tomcat-10.1.50\apache-tomcat-10.1.50
18-Dec-2025 08:36:45.916 정보 [main] org.apache.catalina.startup.VersionLoggerListener.log 명령 행 아규먼트:  -Djava.util.logging.config.file=d:\project\egov-enterprise\apache-tomcat-10.1.50\apache-tomcat-10.1.50\conf\logging.properties
18-Dec-2025 08:36:45.916 정보 [main] org.apache.catalina.startup.VersionLoggerListener.log 명령 행 아규먼트:  -Djava.util.logging.manager=org.apache.juli.ClassLoaderLogManager
18-Dec-2025 08:36:45.917 정보 [main] org.apache.catalina.startup.VersionLoggerListener.log 명령 행 아규먼트:  -Djdk.tls.ephemeralDHKeySize=2048
18-Dec-2025 08:36:45.919 정보 [main] org.apache.catalina.startup.VersionLoggerListener.log 명령 행 아규먼트:  -Djava.protocol.handler.pkgs=org.apache.catalina.webresources
18-Dec-2025 08:36:45.920 정보 [main] org.apache.catalina.startup.VersionLoggerListener.log 명령 행 아규먼트:  -Dsun.io.useCanonCaches=false
18-Dec-2025 08:36:45.921 정보 [main] org.apache.catalina.startup.VersionLoggerListener.log 명령 행 아규먼트:  --add-opens=java.base/java.lang=ALL-UNNAMED
18-Dec-2025 08:36:45.922 정보 [main] org.apache.catalina.startup.VersionLoggerListener.log 명령 행 아규먼트:  --add-opens=java.base/java.lang.reflect=ALL-UNNAMED
18-Dec-2025 08:36:45.924 정보 [main] org.apache.catalina.startup.VersionLoggerListener.log 명령 행 아규먼트:  --add-opens=java.base/java.io=ALL-UNNAMED
18-Dec-2025 08:36:45.925 정보 [main] org.apache.catalina.startup.VersionLoggerListener.log 명령 행 아규먼트:  --add-opens=java.base/java.util=ALL-UNNAMED
18-Dec-2025 08:36:45.926 정보 [main] org.apache.catalina.startup.VersionLoggerListener.log 명령 행 아규먼트:  --add-opens=java.base/java.util.concurrent=ALL-UNNAMED
18-Dec-2025 08:36:45.926 정보 [main] org.apache.catalina.startup.VersionLoggerListener.log 명령 행 아규먼트:  --add-opens=java.rmi/sun.rmi.transport=ALL-UNNAMED
18-Dec-2025 08:36:45.927 정보 [main] org.apache.catalina.startup.VersionLoggerListener.log 명령 행 아규먼트:  -Dcatalina.base=d:\project\egov-enterprise\apache-tomcat-10.1.50\apache-tomcat-10.1.50
18-Dec-2025 08:36:45.927 정보 [main] org.apache.catalina.startup.VersionLoggerListener.log 명령 행 아규먼트:  -Dcatalina.home=d:\project\egov-enterprise\apache-tomcat-10.1.50\apache-tomcat-10.1.50
18-Dec-2025 08:36:45.928 정보 [main] org.apache.catalina.startup.VersionLoggerListener.log 명령 행 아규먼트:  -Djava.io.tmpdir=d:\project\egov-enterprise\apache-tomcat-10.1.50\apache-tomcat-10.1.50\temp
18-Dec-2025 08:36:45.964 정보 [main] org.apache.catalina.core.AprLifecycleListener.lifecycleEvent 프로덕션 환경들에서 최적의 성능을 제공하는, APR 기반 Apache Tomcat Native 라이브러리가, 다음 java.library.path에서 발견되지 않습니다: [C:\Program Files\Eclipse Adoptium\jdk-21.0.4.7-hotspot\bin;C:\WINDOWS\Sun\Java\bin;C:\WINDOWS\system32;C:\WINDOWS;C:\Python313\Scripts\;C:\Python313\;C:\Program Files\Microsoft\jdk-11.0.25.9-hotspot\bin;C:\Program Files\Common Files\Oracle\Java\javapath;C:\Program Files (x86)\Common Files\Oracle\Java\java8path;C:\Program Files (x86)\Common Files\Oracle\Java\javapath;C:\Program Files\Eclipse Adoptium\jdk-21.0.4.7-hotspot\bin;C:\WINDOWS\system32;C:\WINDOWS;C:\WINDOWS\System32\Wbem;C:\WINDOWS\System32\WindowsPowerShell\v1.0\;C:\WINDOWS\System32\OpenSSH\;C:\Program Files\Bandizip\;C:\Program Files\dotnet\;%JAVA_HOME%\bin;C:\Program Files\nodejs\;C:\ProgramData\chocolatey\bin;C:\Program Files\Git\cmd;C:\Users\lkind\AppData\Roaming\npm;C:\Users\lkind\AppData\Local\Pandoc;C:\Program Files\Docker\Docker\resources\bin;C:\Program Files\Apache\apache-maven-3.9.11\bin;C:\Program Files\Apache\apache-maven-3.9.11\bin;C:\Python313\Scripts\;C:\Python313\;C:\Program Files\Microsoft\jdk-11.0.25.9-hotspot\bin;C:\Program Files\Common Files\Oracle\Java\javapath;C:\Program Files (x86)\Common Files\Oracle\Java\java8path;C:\Program Files (x86)\Common Files\Oracle\Java\javapath;C:\Program Files\Eclipse Adoptium\jdk-21.0.4.7-hotspot\bin;C:\WINDOWS\system32;C:\WINDOWS;C:\WINDOWS\System32\Wbem;C:\WINDOWS\System32\WindowsPowerShell\v1.0\;C:\WINDOWS\System32\OpenSSH\;C:\Program Files\Bandizip\;C:\Program Files\dotnet\;C:\Program Files\Eclipse Adoptium\jdk-21.0.4.7-hotspot\bin;C:\Program Files\nodejs\;C:\ProgramData\chocolatey\bin;C:\Program Files\Docker\Docker\resources\bin;C:\Program Files\Git\cmd;C:\Users\lkind\AppData\Local\Programs\Python\Launcher\;C:\Users\lkind\AppData\Local\Microsoft\WindowsApps;C:\Users\lkind\AppData\Local\Programs\cursor\resources\app\bin;C:\Users\lkind\AppData\Roaming\npm;C:\Users\lkind\AppData\Local\GitHubDesktop\bin;C:\Users\lkind\AppData\Local\Programs\Microsoft VS Code\bin;C:\Users\lkind\AppData\Local\Microsoft\WinGet\Packages\astral-sh.uv_Microsoft;C:\Users\lkind\AppData\Local\Pandoc\;C:\Users\lkind\AppData\Local\Programs\Antigravity\bin;C:\Program Files\Apache\apache-maven-3.9.11\bin;c:\Users\lkind\.antigravity\extensions\vscjava.vscode-java-debug-0.58.3-universal\bundled\scripts\noConfigScripts;.]
18-Dec-2025 08:36:46.343 정보 [main] org.apache.coyote.AbstractProtocol.init 프로토콜 핸들러 ["http-nio-8080"]을(를) 초기화합니다.
18-Dec-2025 08:36:46.378 정보 [main] org.apache.catalina.startup.Catalina.load [770] 밀리초 내에 서버가 초기화되었습니다.
18-Dec-2025 08:36:46.473 정보 [main] org.apache.catalina.core.StandardService.startInternal 서비스 [Catalina]을(를) 시작합니다.
18-Dec-2025 08:36:46.474 정보 [main] org.apache.catalina.core.StandardEngine.startInternal 서버 엔진을 시작합니다: [Apache Tomcat/10.1.50]
18-Dec-2025 08:36:46.542 정보 [main] org.apache.catalina.startup.HostConfig.deployWAR 웹 애플리케이션 아카이브 [D:\project\egov-enterprise\apache-tomcat-10.1.50\apache-tomcat-10.1.50\webapps\ROOT.war]을(를) 배치합니다.
18-Dec-2025 08:37:02.171 정보 [main] org.apache.jasper.servlet.TldScanner.scanJars 적어도 하나의 JAR가 TLD들을 찾기 위해 스캔되었으나 아무 것도 찾지 못했습니다. 스캔했으나 TLD가 없는 JAR들의 전체 목록을 보시려면, 로그 레벨을 디버그 레벨로 설정하십시오. 스캔 과정에서 불필요한 JAR들을 건너뛰면, 시스템 시작 시간과 JSP 컴파일 시간을 단축시킬 수 있습니다.
18-Dec-2025 08:37:08.577 심각 [main] org.apache.catalina.core.StandardContext.startInternal 하나 이상의 리스너들이 시작하지 못했습니다. 상세 내역은 적절한 컨테이너 로그 파일에서 찾을 수 있습니다.
18-Dec-2025 08:37:08.593 심각 [main] org.apache.catalina.core.StandardContext.startInternal 이전 오류들로 인해 컨텍스트 []의 시작이 실패했습니다.
18-Dec-2025 08:37:08.643 경고 [main] org.apache.catalina.loader.WebappClassLoaderBase.clearReferencesJdbc 웹 애플리케이션 [ROOT]이(가) JDBC 드라이버 [cubrid.jdbc.driver.CUBRIDDriver]을(를) 등록했지만, 웹 애플리케이션이 중지될 때, 해당 JDBC 드라이버의 등록을 제거하지 못했습니다. 메모리 누수를 방지하기 위하여, 등록을 강제로 제거했습니다.
18-Dec-2025 08:37:08.644 경고 [main] org.apache.catalina.loader.WebappClassLoaderBase.clearReferencesThreads 웹 애플리케이션 [ROOT]이(가) [sysLogScheduler_Worker-1](이)라는 이름의 쓰레드를 시작시킨 것으로 보이지만, 해당 쓰레드를 중지시키지 못했습니다. 이는 메모리 누수를 유발할 가능성이 큽니다. 해당 쓰레드의 스택 트레이스:
 java.base/java.lang.Object.wait0(Native Method)
 java.base/java.lang.Object.wait(Object.java:366)
 org.quartz.simpl.SimpleThreadPool$WorkerThread.run(SimpleThreadPool.java:561)
18-Dec-2025 08:37:08.644 경고 [main] org.apache.catalina.loader.WebappClassLoaderBase.clearReferencesThreads 웹 애플리케이션 [ROOT]이(가) [sysLogScheduler_Worker-2](이)라는 이름의 쓰레드를 시작시킨 것으로 보이지만, 해당 쓰레드를 중지시키지 못했습니다. 이는 메모리 누수를 유발할 가능성이 큽니다. 해당 쓰레드의 스택 트레이스:
 java.base/java.lang.Object.wait0(Native Method)
 java.base/java.lang.Object.wait(Object.java:366)
 org.quartz.simpl.SimpleThreadPool$WorkerThread.run(SimpleThreadPool.java:561)
18-Dec-2025 08:37:08.645 경고 [main] org.apache.catalina.loader.WebappClassLoaderBase.clearReferencesThreads 웹 애플리케이션 [ROOT]이(가) [sysLogScheduler_Worker-3](이)라는 이름의 쓰레드를 시작시킨 것으로 보이지만, 해당 쓰레드를 중지시키지 못했습니다. 이는 메모리 누수를 유발할 가능성이 큽니다. 해당 쓰레드의 스택 트레이스:
 java.base/java.lang.Object.wait0(Native Method)
 java.base/java.lang.Object.wait(Object.java:366)
 org.quartz.simpl.SimpleThreadPool$WorkerThread.run(SimpleThreadPool.java:561)
18-Dec-2025 08:37:08.645 경고 [main] org.apache.catalina.loader.WebappClassLoaderBase.clearReferencesThreads 웹 애플리케이션 [ROOT]이(가) [sysLogScheduler_Worker-4](이)라는 이름의 쓰레드를 시작시킨 것으로 보이지만, 해당 쓰레드를 중지시키지 못했습니다. 이는 메모리 누수를 유발할 가능성이 큽니다. 해당 쓰레드의 스택 트레이스:
 java.base/java.lang.Object.wait0(Native Method)
 java.base/java.lang.Object.wait(Object.java:366)
 org.quartz.simpl.SimpleThreadPool$WorkerThread.run(SimpleThreadPool.java:561)
18-Dec-2025 08:37:08.646 경고 [main] org.apache.catalina.loader.WebappClassLoaderBase.clearReferencesThreads 웹 애플리케이션 [ROOT]이(가) [sysLogScheduler_Worker-5](이)라는 이름의 쓰레드를 시작시킨 것으로 보이지만, 해당 쓰레드를 중지시키지 못했습니다. 이는 메모리 누수를 유발할 가능성이 큽니다. 해당 쓰레드의 스택 트레이스:
 java.base/java.lang.Object.wait0(Native Method)
 java.base/java.lang.Object.wait(Object.java:366)
 org.quartz.simpl.SimpleThreadPool$WorkerThread.run(SimpleThreadPool.java:561)
18-Dec-2025 08:37:08.646 경고 [main] org.apache.catalina.loader.WebappClassLoaderBase.clearReferencesThreads 웹 애플리케이션 [ROOT]이(가) [sysLogScheduler_Worker-6](이)라는 이름의 쓰레드를 시작시킨 것으로 보이지만, 해당 쓰레드를 중지시키지 못했습니다. 이는 메모리 누수를 유발할 가능성이 큽니다. 해당 쓰레드의 스택 트레이스:
 java.base/java.lang.Object.wait0(Native Method)
 java.base/java.lang.Object.wait(Object.java:366)
 org.quartz.simpl.SimpleThreadPool$WorkerThread.run(SimpleThreadPool.java:561)
18-Dec-2025 08:37:08.646 경고 [main] org.apache.catalina.loader.WebappClassLoaderBase.clearReferencesThreads 웹 애플리케이션 [ROOT]이(가) [sysLogScheduler_Worker-7](이)라는 이름의 쓰레드를 시작시킨 것으로 보이지만, 해당 쓰레드를 중지시키지 못했습니다. 이는 메모리 누수를 유발할 가능성이 큽니다. 해당 쓰레드의 스택 트레이스:
 java.base/java.lang.Object.wait0(Native Method)
 java.base/java.lang.Object.wait(Object.java:366)
 org.quartz.simpl.SimpleThreadPool$WorkerThread.run(SimpleThreadPool.java:561)
18-Dec-2025 08:37:08.647 경고 [main] org.apache.catalina.loader.WebappClassLoaderBase.clearReferencesThreads 웹 애플리케이션 [ROOT]이(가) [sysLogScheduler_Worker-8](이)라는 이름의 쓰레드를 시작시킨 것으로 보이지만, 해당 쓰레드를 중지시키지 못했습니다. 이는 메모리 누수를 유발할 가능성이 큽니다. 해당 쓰레드의 스택 트레이스:
 java.base/java.lang.Object.wait0(Native Method)
 java.base/java.lang.Object.wait(Object.java:366)
 org.quartz.simpl.SimpleThreadPool$WorkerThread.run(SimpleThreadPool.java:561)
18-Dec-2025 08:37:08.647 경고 [main] org.apache.catalina.loader.WebappClassLoaderBase.clearReferencesThreads 웹 애플리케이션 [ROOT]이(가) [sysLogScheduler_Worker-9](이)라는 이름의 쓰레드를 시작시킨 것으로 보이지만, 해당 쓰레드를 중지시키지 못했습니다. 이는 메모리 누수를 유발할 가능성이 큽니다. 해당 쓰레드의 스택 트레이스:
 java.base/java.lang.Object.wait0(Native Method)
 java.base/java.lang.Object.wait(Object.java:366)
 org.quartz.simpl.SimpleThreadPool$WorkerThread.run(SimpleThreadPool.java:561)
18-Dec-2025 08:37:08.648 경고 [main] org.apache.catalina.loader.WebappClassLoaderBase.clearReferencesThreads 웹 애플리케이션 [ROOT]이(가) [sysLogScheduler_Worker-10](이)라는 이름의 쓰레드를 시작시킨 것으로 보이지만, 해당 쓰레드를 중지시키지 못했습니다. 이는 메모리 누수를 유발할 가능성이 큽니다. 해당 쓰레드의 스택 트레이스:
 java.base/java.lang.Object.wait0(Native Method)
 java.base/java.lang.Object.wait(Object.java:366)
 org.quartz.simpl.SimpleThreadPool$WorkerThread.run(SimpleThreadPool.java:561)
18-Dec-2025 08:37:08.666 정보 [main] org.apache.catalina.startup.HostConfig.deployWAR 웹 애플리케이션 아카이브 [D:\project\egov-enterprise\apache-tomcat-10.1.50\apache-tomcat-10.1.50\webapps\ROOT.war]의 배치가 [22,117] 밀리초에 완료되었습니다.
18-Dec-2025 08:37:08.667 정보 [main] org.apache.catalina.startup.HostConfig.deployDirectory 웹 애플리케이션 디렉토리 [D:\project\egov-enterprise\apache-tomcat-10.1.50\apache-tomcat-10.1.50\webapps\docs]을(를) 배치합니다.
18-Dec-2025 08:37:08.768 정보 [main] org.apache.jasper.servlet.TldScanner.scanJars 적어도 하나의 JAR가 TLD들을 찾기 위해 스캔되었으나 아무 것도 찾지 못했습니다. 스캔했으나 TLD가 없는 JAR들의 전체 목록을 보시려면, 로그 레벨을 디버그 레벨로 설정하십시오. 스캔 과정에서 불필요한 JAR들을 건너뛰면, 시스템 시작 시간과 JSP 컴파일 시간을 단축시킬 수 있습니다.
18-Dec-2025 08:37:08.804 정보 [main] org.apache.catalina.startup.HostConfig.deployDirectory 웹 애플리케이션 디렉토리 [D:\project\egov-enterprise\apache-tomcat-10.1.50\apache-tomcat-10.1.50\webapps\docs]에 대한 배치가 [136] 밀리초에 완료되었습니다.
18-Dec-2025 08:37:08.805 정보 [main] org.apache.catalina.startup.HostConfig.deployDirectory 웹 애플리케이션 디렉토리 [D:\project\egov-enterprise\apache-tomcat-10.1.50\apache-tomcat-10.1.50\webapps\examples]을(를) 배치합니다.
18-Dec-2025 08:37:09.374 정보 [main] org.apache.jasper.servlet.TldScanner.scanJars 적어도 하나의 JAR가 TLD들을 찾기 위해 스캔되었으나 아무 것도 찾지 못했습니다. 스캔했으나 TLD가 없는 JAR들의 전체 목록을 보시려면, 로그 레벨을 디버그 레벨로 설정하십시오. 스캔 과정에서 불필요한 JAR들을 건너뛰면, 시스템 시작 시간과 JSP 컴파일 시간을 단축시킬 수 있습니다.
18-Dec-2025 08:37:09.471 정보 [main] org.apache.catalina.startup.HostConfig.deployDirectory 웹 애플리케이션 디렉토리 [D:\project\egov-enterprise\apache-tomcat-10.1.50\apache-tomcat-10.1.50\webapps\examples]에 대한 배치가 [665] 밀리초에 완료되었습니다.
18-Dec-2025 08:37:09.472 정보 [main] org.apache.catalina.startup.HostConfig.deployDirectory 웹 애플리케이션 디렉토리 [D:\project\egov-enterprise\apache-tomcat-10.1.50\apache-tomcat-10.1.50\webapps\host-manager]을(를) 배치합니다.
18-Dec-2025 08:37:09.601 정보 [main] org.apache.jasper.servlet.TldScanner.scanJars 적어도 하나의 JAR가 TLD들을 찾기 위해 스캔되었으나 아무 것도 찾지 못했습니다. 스캔했으나 TLD가 없는 JAR들의 전체 목록을 보시려면, 로그 레벨을 디버그 레벨로 설정하십시오. 스캔 과정에서 불필요한 JAR들을 건너뛰면, 시스템 시작 시간과 JSP 컴파일 시간을 단축시킬 수 있습니다.
18-Dec-2025 08:37:09.609 정보 [main] org.apache.catalina.startup.HostConfig.deployDirectory 웹 애플리케이션 디렉토리 [D:\project\egov-enterprise\apache-tomcat-10.1.50\apache-tomcat-10.1.50\webapps\host-manager]에 대한 배치가 [136] 밀리초에 완료되었습니다.
18-Dec-2025 08:37:09.610 정보 [main] org.apache.catalina.startup.HostConfig.deployDirectory 웹 애플리케이션 디렉토리 [D:\project\egov-enterprise\apache-tomcat-10.1.50\apache-tomcat-10.1.50\webapps\manager]을(를) 배치합니다.
18-Dec-2025 08:37:09.736 정보 [main] org.apache.jasper.servlet.TldScanner.scanJars 적어도 하나의 JAR가 TLD들을 찾기 위해 스캔되었으나 아무 것도 찾지 못했습니다. 스캔했으나 TLD가 없는 JAR들의 전체 목록을 보시려면, 로그 레벨을 디버그 레벨로 설정하십시오. 스캔 과정에서 불필요한 JAR들을 건너뛰면, 시스템 시작 시간과 JSP 컴파일 시간을 단축시킬 수 있습니다.
18-Dec-2025 08:37:09.749 정보 [main] org.apache.catalina.startup.HostConfig.deployDirectory 웹 애플리케이션 디렉토리 [D:\project\egov-enterprise\apache-tomcat-10.1.50\apache-tomcat-10.1.50\webapps\manager]에 대한 배치가 [139] 밀리초에 완료되었습니다.
18-Dec-2025 08:37:09.761 정보 [main] org.apache.coyote.AbstractProtocol.start 프로토콜 핸들러 ["http-nio-8080"]을(를) 시작합니다.
18-Dec-2025 08:37:09.814 정보 [main] org.apache.catalina.startup.Catalina.start 서버가 [23433] 밀리초 내에 시작되었습니다.
18-Dec-2025 08:39:43.263 정보 [main] org.apache.catalina.startup.VersionLoggerListener.log 서버 버전 이름:    Apache Tomcat/10.1.50
18-Dec-2025 08:39:43.403 정보 [main] org.apache.catalina.startup.VersionLoggerListener.log Server 빌드 시각:  Dec 2 2025 22:57:41 UTC
18-Dec-2025 08:39:43.514 정보 [main] org.apache.catalina.startup.VersionLoggerListener.log Server 버전 번호:  10.1.50.0
18-Dec-2025 08:39:43.531 정보 [main] org.apache.catalina.startup.VersionLoggerListener.log 운영체제 이름:     Windows 11
18-Dec-2025 08:39:43.542 정보 [main] org.apache.catalina.startup.VersionLoggerListener.log 운영체제 버전:     10.0
18-Dec-2025 08:39:43.549 정보 [main] org.apache.catalina.startup.VersionLoggerListener.log 아키텍처:          amd64
18-Dec-2025 08:39:43.554 정보 [main] org.apache.catalina.startup.VersionLoggerListener.log 자바 홈:           C:\Program Files\Eclipse Adoptium\jdk-21.0.4.7-hotspot
18-Dec-2025 08:39:43.558 정보 [main] org.apache.catalina.startup.VersionLoggerListener.log JVM 버전:          21.0.4+7-LTS
18-Dec-2025 08:39:43.566 정보 [main] org.apache.catalina.startup.VersionLoggerListener.log JVM 벤더:          Eclipse Adoptium
18-Dec-2025 08:39:43.568 정보 [main] org.apache.catalina.startup.VersionLoggerListener.log CATALINA_BASE:     D:\project\egov-enterprise\apache-tomcat-10.1.50\apache-tomcat-10.1.50
18-Dec-2025 08:39:43.569 정보 [main] org.apache.catalina.startup.VersionLoggerListener.log CATALINA_HOME:     D:\project\egov-enterprise\apache-tomcat-10.1.50\apache-tomcat-10.1.50
18-Dec-2025 08:39:43.573 정보 [main] org.apache.catalina.startup.VersionLoggerListener.log 명령 행 아규먼트:  -Djava.util.logging.config.file=d:\project\egov-enterprise\apache-tomcat-10.1.50\apache-tomcat-10.1.50\conf\logging.properties
18-Dec-2025 08:39:43.580 정보 [main] org.apache.catalina.startup.VersionLoggerListener.log 명령 행 아규먼트:  -Djava.util.logging.manager=org.apache.juli.ClassLoaderLogManager
18-Dec-2025 08:39:43.662 정보 [main] org.apache.catalina.startup.VersionLoggerListener.log 명령 행 아규먼트:  -Djdk.tls.ephemeralDHKeySize=2048
18-Dec-2025 08:39:43.699 정보 [main] org.apache.catalina.startup.VersionLoggerListener.log 명령 행 아규먼트:  -Djava.protocol.handler.pkgs=org.apache.catalina.webresources
18-Dec-2025 08:39:43.716 정보 [main] org.apache.catalina.startup.VersionLoggerListener.log 명령 행 아규먼트:  -Dsun.io.useCanonCaches=false
18-Dec-2025 08:39:43.730 정보 [main] org.apache.catalina.startup.VersionLoggerListener.log 명령 행 아규먼트:  --add-opens=java.base/java.lang=ALL-UNNAMED
18-Dec-2025 08:39:43.738 정보 [main] org.apache.catalina.startup.VersionLoggerListener.log 명령 행 아규먼트:  --add-opens=java.base/java.lang.reflect=ALL-UNNAMED
18-Dec-2025 08:39:43.740 정보 [main] org.apache.catalina.startup.VersionLoggerListener.log 명령 행 아규먼트:  --add-opens=java.base/java.io=ALL-UNNAMED
18-Dec-2025 08:39:43.754 정보 [main] org.apache.catalina.startup.VersionLoggerListener.log 명령 행 아규먼트:  --add-opens=java.base/java.util=ALL-UNNAMED
18-Dec-2025 08:39:43.776 정보 [main] org.apache.catalina.startup.VersionLoggerListener.log 명령 행 아규먼트:  --add-opens=java.base/java.util.concurrent=ALL-UNNAMED
18-Dec-2025 08:39:43.789 정보 [main] org.apache.catalina.startup.VersionLoggerListener.log 명령 행 아규먼트:  --add-opens=java.rmi/sun.rmi.transport=ALL-UNNAMED
18-Dec-2025 08:39:43.802 정보 [main] org.apache.catalina.startup.VersionLoggerListener.log 명령 행 아규먼트:  -Dcatalina.base=d:\project\egov-enterprise\apache-tomcat-10.1.50\apache-tomcat-10.1.50
18-Dec-2025 08:39:43.812 정보 [main] org.apache.catalina.startup.VersionLoggerListener.log 명령 행 아규먼트:  -Dcatalina.home=d:\project\egov-enterprise\apache-tomcat-10.1.50\apache-tomcat-10.1.50
18-Dec-2025 08:39:43.821 정보 [main] org.apache.catalina.startup.VersionLoggerListener.log 명령 행 아규먼트:  -Djava.io.tmpdir=d:\project\egov-enterprise\apache-tomcat-10.1.50\apache-tomcat-10.1.50\temp
18-Dec-2025 08:39:43.908 정보 [main] org.apache.catalina.core.AprLifecycleListener.lifecycleEvent 프로덕션 환경들에서 최적의 성능을 제공하는, APR 기반 Apache Tomcat Native 라이브러리가, 다음 java.library.path에서 발견되지 않습니다: [C:\Program Files\Eclipse Adoptium\jdk-21.0.4.7-hotspot\bin;C:\WINDOWS\Sun\Java\bin;C:\WINDOWS\system32;C:\WINDOWS;C:\Python313\Scripts\;C:\Python313\;C:\Program Files\Microsoft\jdk-11.0.25.9-hotspot\bin;C:\Program Files\Common Files\Oracle\Java\javapath;C:\Program Files (x86)\Common Files\Oracle\Java\java8path;C:\Program Files (x86)\Common Files\Oracle\Java\javapath;C:\Program Files\Eclipse Adoptium\jdk-21.0.4.7-hotspot\bin;C:\WINDOWS\system32;C:\WINDOWS;C:\WINDOWS\System32\Wbem;C:\WINDOWS\System32\WindowsPowerShell\v1.0\;C:\WINDOWS\System32\OpenSSH\;C:\Program Files\Bandizip\;C:\Program Files\dotnet\;%JAVA_HOME%\bin;C:\Program Files\nodejs\;C:\ProgramData\chocolatey\bin;C:\Program Files\Git\cmd;C:\Users\lkind\AppData\Roaming\npm;C:\Users\lkind\AppData\Local\Pandoc;C:\Program Files\Docker\Docker\resources\bin;C:\Program Files\Apache\apache-maven-3.9.11\bin;C:\Program Files\Apache\apache-maven-3.9.11\bin;C:\Python313\Scripts\;C:\Python313\;C:\Program Files\Microsoft\jdk-11.0.25.9-hotspot\bin;C:\Program Files\Common Files\Oracle\Java\javapath;C:\Program Files (x86)\Common Files\Oracle\Java\java8path;C:\Program Files (x86)\Common Files\Oracle\Java\javapath;C:\Program Files\Eclipse Adoptium\jdk-21.0.4.7-hotspot\bin;C:\WINDOWS\system32;C:\WINDOWS;C:\WINDOWS\System32\Wbem;C:\WINDOWS\System32\WindowsPowerShell\v1.0\;C:\WINDOWS\System32\OpenSSH\;C:\Program Files\Bandizip\;C:\Program Files\dotnet\;C:\Program Files\Eclipse Adoptium\jdk-21.0.4.7-hotspot\bin;C:\Program Files\nodejs\;C:\ProgramData\chocolatey\bin;C:\Program Files\Docker\Docker\resources\bin;C:\Program Files\Git\cmd;C:\Users\lkind\AppData\Local\Programs\Python\Launcher\;C:\Users\lkind\AppData\Local\Microsoft\WindowsApps;C:\Users\lkind\AppData\Local\Programs\cursor\resources\app\bin;C:\Users\lkind\AppData\Roaming\npm;C:\Users\lkind\AppData\Local\GitHubDesktop\bin;C:\Users\lkind\AppData\Local\Programs\Microsoft VS Code\bin;C:\Users\lkind\AppData\Local\Microsoft\WinGet\Packages\astral-sh.uv_Microsoft;C:\Users\lkind\AppData\Local\Pandoc\;C:\Users\lkind\AppData\Local\Programs\Antigravity\bin;C:\Program Files\Apache\apache-maven-3.9.11\bin;c:\Users\lkind\.antigravity\extensions\vscjava.vscode-java-debug-0.58.3-universal\bundled\scripts\noConfigScripts;.]
18-Dec-2025 08:39:44.707 정보 [main] org.apache.coyote.AbstractProtocol.init 프로토콜 핸들러 ["http-nio-8080"]을(를) 초기화합니다.
18-Dec-2025 08:39:44.773 정보 [main] org.apache.catalina.startup.Catalina.load [2409] 밀리초 내에 서버가 초기화되었습니다.
18-Dec-2025 08:39:44.944 정보 [main] org.apache.catalina.core.StandardService.startInternal 서비스 [Catalina]을(를) 시작합니다.
18-Dec-2025 08:39:44.955 정보 [main] org.apache.catalina.core.StandardEngine.startInternal 서버 엔진을 시작합니다: [Apache Tomcat/10.1.50]
18-Dec-2025 08:39:45.250 정보 [main] org.apache.catalina.startup.HostConfig.deployWAR 웹 애플리케이션 아카이브 [D:\project\egov-enterprise\apache-tomcat-10.1.50\apache-tomcat-10.1.50\webapps\ROOT.war]을(를) 배치합니다.
18-Dec-2025 08:40:05.261 정보 [main] org.apache.jasper.servlet.TldScanner.scanJars 적어도 하나의 JAR가 TLD들을 찾기 위해 스캔되었으나 아무 것도 찾지 못했습니다. 스캔했으나 TLD가 없는 JAR들의 전체 목록을 보시려면, 로그 레벨을 디버그 레벨로 설정하십시오. 스캔 과정에서 불필요한 JAR들을 건너뛰면, 시스템 시작 시간과 JSP 컴파일 시간을 단축시킬 수 있습니다.
18-Dec-2025 08:40:13.464 심각 [main] org.apache.catalina.core.StandardContext.startInternal 하나 이상의 리스너들이 시작하지 못했습니다. 상세 내역은 적절한 컨테이너 로그 파일에서 찾을 수 있습니다.
18-Dec-2025 08:40:13.480 심각 [main] org.apache.catalina.core.StandardContext.startInternal 이전 오류들로 인해 컨텍스트 []의 시작이 실패했습니다.
18-Dec-2025 08:40:13.533 경고 [main] org.apache.catalina.loader.WebappClassLoaderBase.clearReferencesJdbc 웹 애플리케이션 [ROOT]이(가) JDBC 드라이버 [cubrid.jdbc.driver.CUBRIDDriver]을(를) 등록했지만, 웹 애플리케이션이 중지될 때, 해당 JDBC 드라이버의 등록을 제거하지 못했습니다. 메모리 누수를 방지하기 위하여, 등록을 강제로 제거했습니다.
18-Dec-2025 08:40:13.534 경고 [main] org.apache.catalina.loader.WebappClassLoaderBase.clearReferencesThreads 웹 애플리케이션 [ROOT]이(가) [sysLogScheduler_Worker-1](이)라는 이름의 쓰레드를 시작시킨 것으로 보이지만, 해당 쓰레드를 중지시키지 못했습니다. 이는 메모리 누수를 유발할 가능성이 큽니다. 해당 쓰레드의 스택 트레이스:
 java.base/java.lang.Object.wait0(Native Method)
 java.base/java.lang.Object.wait(Object.java:366)
 org.quartz.simpl.SimpleThreadPool$WorkerThread.run(SimpleThreadPool.java:561)
18-Dec-2025 08:40:13.535 경고 [main] org.apache.catalina.loader.WebappClassLoaderBase.clearReferencesThreads 웹 애플리케이션 [ROOT]이(가) [sysLogScheduler_Worker-2](이)라는 이름의 쓰레드를 시작시킨 것으로 보이지만, 해당 쓰레드를 중지시키지 못했습니다. 이는 메모리 누수를 유발할 가능성이 큽니다. 해당 쓰레드의 스택 트레이스:
 java.base/java.lang.Object.wait0(Native Method)
 java.base/java.lang.Object.wait(Object.java:366)
 org.quartz.simpl.SimpleThreadPool$WorkerThread.run(SimpleThreadPool.java:561)
18-Dec-2025 08:40:13.535 경고 [main] org.apache.catalina.loader.WebappClassLoaderBase.clearReferencesThreads 웹 애플리케이션 [ROOT]이(가) [sysLogScheduler_Worker-3](이)라는 이름의 쓰레드를 시작시킨 것으로 보이지만, 해당 쓰레드를 중지시키지 못했습니다. 이는 메모리 누수를 유발할 가능성이 큽니다. 해당 쓰레드의 스택 트레이스:
 java.base/java.lang.Object.wait0(Native Method)
 java.base/java.lang.Object.wait(Object.java:366)
 org.quartz.simpl.SimpleThreadPool$WorkerThread.run(SimpleThreadPool.java:561)
18-Dec-2025 08:40:13.536 경고 [main] org.apache.catalina.loader.WebappClassLoaderBase.clearReferencesThreads 웹 애플리케이션 [ROOT]이(가) [sysLogScheduler_Worker-4](이)라는 이름의 쓰레드를 시작시킨 것으로 보이지만, 해당 쓰레드를 중지시키지 못했습니다. 이는 메모리 누수를 유발할 가능성이 큽니다. 해당 쓰레드의 스택 트레이스:
 java.base/java.lang.Object.wait0(Native Method)
 java.base/java.lang.Object.wait(Object.java:366)
 org.quartz.simpl.SimpleThreadPool$WorkerThread.run(SimpleThreadPool.java:561)
18-Dec-2025 08:40:13.536 경고 [main] org.apache.catalina.loader.WebappClassLoaderBase.clearReferencesThreads 웹 애플리케이션 [ROOT]이(가) [sysLogScheduler_Worker-5](이)라는 이름의 쓰레드를 시작시킨 것으로 보이지만, 해당 쓰레드를 중지시키지 못했습니다. 이는 메모리 누수를 유발할 가능성이 큽니다. 해당 쓰레드의 스택 트레이스:
 java.base/java.lang.Object.wait0(Native Method)
 java.base/java.lang.Object.wait(Object.java:366)
 org.quartz.simpl.SimpleThreadPool$WorkerThread.run(SimpleThreadPool.java:561)
18-Dec-2025 08:40:13.538 경고 [main] org.apache.catalina.loader.WebappClassLoaderBase.clearReferencesThreads 웹 애플리케이션 [ROOT]이(가) [sysLogScheduler_Worker-6](이)라는 이름의 쓰레드를 시작시킨 것으로 보이지만, 해당 쓰레드를 중지시키지 못했습니다. 이는 메모리 누수를 유발할 가능성이 큽니다. 해당 쓰레드의 스택 트레이스:
 java.base/java.lang.Object.wait0(Native Method)
 java.base/java.lang.Object.wait(Object.java:366)
 org.quartz.simpl.SimpleThreadPool$WorkerThread.run(SimpleThreadPool.java:561)
18-Dec-2025 08:40:13.538 경고 [main] org.apache.catalina.loader.WebappClassLoaderBase.clearReferencesThreads 웹 애플리케이션 [ROOT]이(가) [sysLogScheduler_Worker-7](이)라는 이름의 쓰레드를 시작시킨 것으로 보이지만, 해당 쓰레드를 중지시키지 못했습니다. 이는 메모리 누수를 유발할 가능성이 큽니다. 해당 쓰레드의 스택 트레이스:
 java.base/java.lang.Object.wait0(Native Method)
 java.base/java.lang.Object.wait(Object.java:366)
 org.quartz.simpl.SimpleThreadPool$WorkerThread.run(SimpleThreadPool.java:561)
18-Dec-2025 08:40:13.539 경고 [main] org.apache.catalina.loader.WebappClassLoaderBase.clearReferencesThreads 웹 애플리케이션 [ROOT]이(가) [sysLogScheduler_Worker-8](이)라는 이름의 쓰레드를 시작시킨 것으로 보이지만, 해당 쓰레드를 중지시키지 못했습니다. 이는 메모리 누수를 유발할 가능성이 큽니다. 해당 쓰레드의 스택 트레이스:
 java.base/java.lang.Object.wait0(Native Method)
 java.base/java.lang.Object.wait(Object.java:366)
 org.quartz.simpl.SimpleThreadPool$WorkerThread.run(SimpleThreadPool.java:561)
18-Dec-2025 08:40:13.540 경고 [main] org.apache.catalina.loader.WebappClassLoaderBase.clearReferencesThreads 웹 애플리케이션 [ROOT]이(가) [sysLogScheduler_Worker-9](이)라는 이름의 쓰레드를 시작시킨 것으로 보이지만, 해당 쓰레드를 중지시키지 못했습니다. 이는 메모리 누수를 유발할 가능성이 큽니다. 해당 쓰레드의 스택 트레이스:
 java.base/java.lang.Object.wait0(Native Method)
 java.base/java.lang.Object.wait(Object.java:366)
 org.quartz.simpl.SimpleThreadPool$WorkerThread.run(SimpleThreadPool.java:561)
18-Dec-2025 08:40:13.540 경고 [main] org.apache.catalina.loader.WebappClassLoaderBase.clearReferencesThreads 웹 애플리케이션 [ROOT]이(가) [sysLogScheduler_Worker-10](이)라는 이름의 쓰레드를 시작시킨 것으로 보이지만, 해당 쓰레드를 중지시키지 못했습니다. 이는 메모리 누수를 유발할 가능성이 큽니다. 해당 쓰레드의 스택 트레이스:
 java.base/java.lang.Object.wait0(Native Method)
 java.base/java.lang.Object.wait(Object.java:366)
 org.quartz.simpl.SimpleThreadPool$WorkerThread.run(SimpleThreadPool.java:561)
18-Dec-2025 08:40:13.559 정보 [main] org.apache.catalina.startup.HostConfig.deployWAR 웹 애플리케이션 아카이브 [D:\project\egov-enterprise\apache-tomcat-10.1.50\apache-tomcat-10.1.50\webapps\ROOT.war]의 배치가 [28,301] 밀리초에 완료되었습니다.
18-Dec-2025 08:40:13.559 정보 [main] org.apache.catalina.startup.HostConfig.deployDirectory 웹 애플리케이션 디렉토리 [D:\project\egov-enterprise\apache-tomcat-10.1.50\apache-tomcat-10.1.50\webapps\docs]을(를) 배치합니다.
18-Dec-2025 08:40:13.657 정보 [main] org.apache.jasper.servlet.TldScanner.scanJars 적어도 하나의 JAR가 TLD들을 찾기 위해 스캔되었으나 아무 것도 찾지 못했습니다. 스캔했으나 TLD가 없는 JAR들의 전체 목록을 보시려면, 로그 레벨을 디버그 레벨로 설정하십시오. 스캔 과정에서 불필요한 JAR들을 건너뛰면, 시스템 시작 시간과 JSP 컴파일 시간을 단축시킬 수 있습니다.
18-Dec-2025 08:40:13.688 정보 [main] org.apache.catalina.startup.HostConfig.deployDirectory 웹 애플리케이션 디렉토리 [D:\project\egov-enterprise\apache-tomcat-10.1.50\apache-tomcat-10.1.50\webapps\docs]에 대한 배치가 [129] 밀리초에 완료되었습니다.
18-Dec-2025 08:40:13.689 정보 [main] org.apache.catalina.startup.HostConfig.deployDirectory 웹 애플리케이션 디렉토리 [D:\project\egov-enterprise\apache-tomcat-10.1.50\apache-tomcat-10.1.50\webapps\examples]을(를) 배치합니다.
18-Dec-2025 08:40:14.163 정보 [main] org.apache.jasper.servlet.TldScanner.scanJars 적어도 하나의 JAR가 TLD들을 찾기 위해 스캔되었으나 아무 것도 찾지 못했습니다. 스캔했으나 TLD가 없는 JAR들의 전체 목록을 보시려면, 로그 레벨을 디버그 레벨로 설정하십시오. 스캔 과정에서 불필요한 JAR들을 건너뛰면, 시스템 시작 시간과 JSP 컴파일 시간을 단축시킬 수 있습니다.
18-Dec-2025 08:40:14.356 정보 [main] org.apache.catalina.startup.HostConfig.deployDirectory 웹 애플리케이션 디렉토리 [D:\project\egov-enterprise\apache-tomcat-10.1.50\apache-tomcat-10.1.50\webapps\examples]에 대한 배치가 [667] 밀리초에 완료되었습니다.
18-Dec-2025 08:40:14.356 정보 [main] org.apache.catalina.startup.HostConfig.deployDirectory 웹 애플리케이션 디렉토리 [D:\project\egov-enterprise\apache-tomcat-10.1.50\apache-tomcat-10.1.50\webapps\host-manager]을(를) 배치합니다.
18-Dec-2025 08:40:14.459 정보 [main] org.apache.jasper.servlet.TldScanner.scanJars 적어도 하나의 JAR가 TLD들을 찾기 위해 스캔되었으나 아무 것도 찾지 못했습니다. 스캔했으나 TLD가 없는 JAR들의 전체 목록을 보시려면, 로그 레벨을 디버그 레벨로 설정하십시오. 스캔 과정에서 불필요한 JAR들을 건너뛰면, 시스템 시작 시간과 JSP 컴파일 시간을 단축시킬 수 있습니다.
18-Dec-2025 08:40:14.469 정보 [main] org.apache.catalina.startup.HostConfig.deployDirectory 웹 애플리케이션 디렉토리 [D:\project\egov-enterprise\apache-tomcat-10.1.50\apache-tomcat-10.1.50\webapps\host-manager]에 대한 배치가 [112] 밀리초에 완료되었습니다.
18-Dec-2025 08:40:14.470 정보 [main] org.apache.catalina.startup.HostConfig.deployDirectory 웹 애플리케이션 디렉토리 [D:\project\egov-enterprise\apache-tomcat-10.1.50\apache-tomcat-10.1.50\webapps\manager]을(를) 배치합니다.
18-Dec-2025 08:40:14.578 정보 [main] org.apache.jasper.servlet.TldScanner.scanJars 적어도 하나의 JAR가 TLD들을 찾기 위해 스캔되었으나 아무 것도 찾지 못했습니다. 스캔했으나 TLD가 없는 JAR들의 전체 목록을 보시려면, 로그 레벨을 디버그 레벨로 설정하십시오. 스캔 과정에서 불필요한 JAR들을 건너뛰면, 시스템 시작 시간과 JSP 컴파일 시간을 단축시킬 수 있습니다.
18-Dec-2025 08:40:14.584 정보 [main] org.apache.catalina.startup.HostConfig.deployDirectory 웹 애플리케이션 디렉토리 [D:\project\egov-enterprise\apache-tomcat-10.1.50\apache-tomcat-10.1.50\webapps\manager]에 대한 배치가 [112] 밀리초에 완료되었습니다.
18-Dec-2025 08:40:14.594 정보 [main] org.apache.coyote.AbstractProtocol.start 프로토콜 핸들러 ["http-nio-8080"]을(를) 시작합니다.
18-Dec-2025 08:40:14.637 정보 [main] org.apache.catalina.startup.Catalina.start 서버가 [29832] 밀리초 내에 시작되었습니다.
18-Dec-2025 08:45:05.995 정보 [main] org.apache.catalina.startup.VersionLoggerListener.log 서버 버전 이름:    Apache Tomcat/10.1.50
18-Dec-2025 08:45:06.001 정보 [main] org.apache.catalina.startup.VersionLoggerListener.log Server 빌드 시각:  Dec 2 2025 22:57:41 UTC
18-Dec-2025 08:45:06.002 정보 [main] org.apache.catalina.startup.VersionLoggerListener.log Server 버전 번호:  10.1.50.0
18-Dec-2025 08:45:06.002 정보 [main] org.apache.catalina.startup.VersionLoggerListener.log 운영체제 이름:     Windows 11
18-Dec-2025 08:45:06.003 정보 [main] org.apache.catalina.startup.VersionLoggerListener.log 운영체제 버전:     10.0
18-Dec-2025 08:45:06.004 정보 [main] org.apache.catalina.startup.VersionLoggerListener.log 아키텍처:          amd64
18-Dec-2025 08:45:06.004 정보 [main] org.apache.catalina.startup.VersionLoggerListener.log 자바 홈:           C:\Program Files\Eclipse Adoptium\jdk-21.0.4.7-hotspot
18-Dec-2025 08:45:06.004 정보 [main] org.apache.catalina.startup.VersionLoggerListener.log JVM 버전:          21.0.4+7-LTS
18-Dec-2025 08:45:06.004 정보 [main] org.apache.catalina.startup.VersionLoggerListener.log JVM 벤더:          Eclipse Adoptium
18-Dec-2025 08:45:06.004 정보 [main] org.apache.catalina.startup.VersionLoggerListener.log CATALINA_BASE:     D:\project\egov-enterprise\apache-tomcat-10.1.50\apache-tomcat-10.1.50
18-Dec-2025 08:45:06.005 정보 [main] org.apache.catalina.startup.VersionLoggerListener.log CATALINA_HOME:     D:\project\egov-enterprise\apache-tomcat-10.1.50\apache-tomcat-10.1.50
18-Dec-2025 08:45:06.020 정보 [main] org.apache.catalina.startup.VersionLoggerListener.log 명령 행 아규먼트:  -Djava.util.logging.config.file=d:\project\egov-enterprise\apache-tomcat-10.1.50\apache-tomcat-10.1.50\conf\logging.properties
18-Dec-2025 08:45:06.020 정보 [main] org.apache.catalina.startup.VersionLoggerListener.log 명령 행 아규먼트:  -Djava.util.logging.manager=org.apache.juli.ClassLoaderLogManager
18-Dec-2025 08:45:06.021 정보 [main] org.apache.catalina.startup.VersionLoggerListener.log 명령 행 아규먼트:  -Djdk.tls.ephemeralDHKeySize=2048
18-Dec-2025 08:45:06.021 정보 [main] org.apache.catalina.startup.VersionLoggerListener.log 명령 행 아규먼트:  -Djava.protocol.handler.pkgs=org.apache.catalina.webresources
18-Dec-2025 08:45:06.021 정보 [main] org.apache.catalina.startup.VersionLoggerListener.log 명령 행 아규먼트:  -Dsun.io.useCanonCaches=false
18-Dec-2025 08:45:06.022 정보 [main] org.apache.catalina.startup.VersionLoggerListener.log 명령 행 아규먼트:  --add-opens=java.base/java.lang=ALL-UNNAMED
18-Dec-2025 08:45:06.022 정보 [main] org.apache.catalina.startup.VersionLoggerListener.log 명령 행 아규먼트:  --add-opens=java.base/java.lang.reflect=ALL-UNNAMED
18-Dec-2025 08:45:06.022 정보 [main] org.apache.catalina.startup.VersionLoggerListener.log 명령 행 아규먼트:  --add-opens=java.base/java.io=ALL-UNNAMED
18-Dec-2025 08:45:06.022 정보 [main] org.apache.catalina.startup.VersionLoggerListener.log 명령 행 아규먼트:  --add-opens=java.base/java.util=ALL-UNNAMED
18-Dec-2025 08:45:06.024 정보 [main] org.apache.catalina.startup.VersionLoggerListener.log 명령 행 아규먼트:  --add-opens=java.base/java.util.concurrent=ALL-UNNAMED
18-Dec-2025 08:45:06.025 정보 [main] org.apache.catalina.startup.VersionLoggerListener.log 명령 행 아규먼트:  --add-opens=java.rmi/sun.rmi.transport=ALL-UNNAMED
18-Dec-2025 08:45:06.025 정보 [main] org.apache.catalina.startup.VersionLoggerListener.log 명령 행 아규먼트:  -Dcatalina.base=d:\project\egov-enterprise\apache-tomcat-10.1.50\apache-tomcat-10.1.50
18-Dec-2025 08:45:06.026 정보 [main] org.apache.catalina.startup.VersionLoggerListener.log 명령 행 아규먼트:  -Dcatalina.home=d:\project\egov-enterprise\apache-tomcat-10.1.50\apache-tomcat-10.1.50
18-Dec-2025 08:45:06.026 정보 [main] org.apache.catalina.startup.VersionLoggerListener.log 명령 행 아규먼트:  -Djava.io.tmpdir=d:\project\egov-enterprise\apache-tomcat-10.1.50\apache-tomcat-10.1.50\temp
18-Dec-2025 08:45:06.049 정보 [main] org.apache.catalina.core.AprLifecycleListener.lifecycleEvent 프로덕션 환경들에서 최적의 성능을 제공하는, APR 기반 Apache Tomcat Native 라이브러리가, 다음 java.library.path에서 발견되지 않습니다: [C:\Program Files\Eclipse Adoptium\jdk-21.0.4.7-hotspot\bin;C:\WINDOWS\Sun\Java\bin;C:\WINDOWS\system32;C:\WINDOWS;C:\Python313\Scripts\;C:\Python313\;C:\Program Files\Microsoft\jdk-11.0.25.9-hotspot\bin;C:\Program Files\Common Files\Oracle\Java\javapath;C:\Program Files (x86)\Common Files\Oracle\Java\java8path;C:\Program Files (x86)\Common Files\Oracle\Java\javapath;C:\Program Files\Eclipse Adoptium\jdk-21.0.4.7-hotspot\bin;C:\WINDOWS\system32;C:\WINDOWS;C:\WINDOWS\System32\Wbem;C:\WINDOWS\System32\WindowsPowerShell\v1.0\;C:\WINDOWS\System32\OpenSSH\;C:\Program Files\Bandizip\;C:\Program Files\dotnet\;%JAVA_HOME%\bin;C:\Program Files\nodejs\;C:\ProgramData\chocolatey\bin;C:\Program Files\Git\cmd;C:\Users\lkind\AppData\Roaming\npm;C:\Users\lkind\AppData\Local\Pandoc;C:\Program Files\Docker\Docker\resources\bin;C:\Program Files\Apache\apache-maven-3.9.11\bin;C:\Program Files\Apache\apache-maven-3.9.11\bin;C:\Python313\Scripts\;C:\Python313\;C:\Program Files\Microsoft\jdk-11.0.25.9-hotspot\bin;C:\Program Files\Common Files\Oracle\Java\javapath;C:\Program Files (x86)\Common Files\Oracle\Java\java8path;C:\Program Files (x86)\Common Files\Oracle\Java\javapath;C:\Program Files\Eclipse Adoptium\jdk-21.0.4.7-hotspot\bin;C:\WINDOWS\system32;C:\WINDOWS;C:\WINDOWS\System32\Wbem;C:\WINDOWS\System32\WindowsPowerShell\v1.0\;C:\WINDOWS\System32\OpenSSH\;C:\Program Files\Bandizip\;C:\Program Files\dotnet\;C:\Program Files\Eclipse Adoptium\jdk-21.0.4.7-hotspot\bin;C:\Program Files\nodejs\;C:\ProgramData\chocolatey\bin;C:\Program Files\Docker\Docker\resources\bin;C:\Program Files\Git\cmd;C:\Users\lkind\AppData\Local\Programs\Python\Launcher\;C:\Users\lkind\AppData\Local\Microsoft\WindowsApps;C:\Users\lkind\AppData\Local\Programs\cursor\resources\app\bin;C:\Users\lkind\AppData\Roaming\npm;C:\Users\lkind\AppData\Local\GitHubDesktop\bin;C:\Users\lkind\AppData\Local\Programs\Microsoft VS Code\bin;C:\Users\lkind\AppData\Local\Microsoft\WinGet\Packages\astral-sh.uv_Microsoft;C:\Users\lkind\AppData\Local\Pandoc\;C:\Users\lkind\AppData\Local\Programs\Antigravity\bin;C:\Program Files\Apache\apache-maven-3.9.11\bin;c:\Users\lkind\.antigravity\extensions\vscjava.vscode-java-debug-0.58.3-universal\bundled\scripts\noConfigScripts;.]
18-Dec-2025 08:45:06.431 정보 [main] org.apache.coyote.AbstractProtocol.init 프로토콜 핸들러 ["http-nio-8080"]을(를) 초기화합니다.
18-Dec-2025 08:45:06.467 정보 [main] org.apache.catalina.startup.Catalina.load [739] 밀리초 내에 서버가 초기화되었습니다.
18-Dec-2025 08:45:06.559 정보 [main] org.apache.catalina.core.StandardService.startInternal 서비스 [Catalina]을(를) 시작합니다.
18-Dec-2025 08:45:06.561 정보 [main] org.apache.catalina.core.StandardEngine.startInternal 서버 엔진을 시작합니다: [Apache Tomcat/10.1.50]
18-Dec-2025 08:45:06.730 정보 [main] org.apache.catalina.startup.HostConfig.deployWAR 웹 애플리케이션 아카이브 [D:\project\egov-enterprise\apache-tomcat-10.1.50\apache-tomcat-10.1.50\webapps\ROOT.war]을(를) 배치합니다.
18-Dec-2025 08:45:23.709 정보 [main] org.apache.jasper.servlet.TldScanner.scanJars 적어도 하나의 JAR가 TLD들을 찾기 위해 스캔되었으나 아무 것도 찾지 못했습니다. 스캔했으나 TLD가 없는 JAR들의 전체 목록을 보시려면, 로그 레벨을 디버그 레벨로 설정하십시오. 스캔 과정에서 불필요한 JAR들을 건너뛰면, 시스템 시작 시간과 JSP 컴파일 시간을 단축시킬 수 있습니다.
18-Dec-2025 08:45:31.633 심각 [main] org.apache.catalina.core.StandardContext.startInternal 하나 이상의 리스너들이 시작하지 못했습니다. 상세 내역은 적절한 컨테이너 로그 파일에서 찾을 수 있습니다.
18-Dec-2025 08:45:31.645 심각 [main] org.apache.catalina.core.StandardContext.startInternal 이전 오류들로 인해 컨텍스트 []의 시작이 실패했습니다.
18-Dec-2025 08:45:31.704 경고 [main] org.apache.catalina.loader.WebappClassLoaderBase.clearReferencesJdbc 웹 애플리케이션 [ROOT]이(가) JDBC 드라이버 [cubrid.jdbc.driver.CUBRIDDriver]을(를) 등록했지만, 웹 애플리케이션이 중지될 때, 해당 JDBC 드라이버의 등록을 제거하지 못했습니다. 메모리 누수를 방지하기 위하여, 등록을 강제로 제거했습니다.
18-Dec-2025 08:45:31.705 경고 [main] org.apache.catalina.loader.WebappClassLoaderBase.clearReferencesThreads 웹 애플리케이션 [ROOT]이(가) [sysLogScheduler_Worker-1](이)라는 이름의 쓰레드를 시작시킨 것으로 보이지만, 해당 쓰레드를 중지시키지 못했습니다. 이는 메모리 누수를 유발할 가능성이 큽니다. 해당 쓰레드의 스택 트레이스:
 java.base/java.lang.Object.wait0(Native Method)
 java.base/java.lang.Object.wait(Object.java:366)
 org.quartz.simpl.SimpleThreadPool$WorkerThread.run(SimpleThreadPool.java:561)
18-Dec-2025 08:45:31.705 경고 [main] org.apache.catalina.loader.WebappClassLoaderBase.clearReferencesThreads 웹 애플리케이션 [ROOT]이(가) [sysLogScheduler_Worker-2](이)라는 이름의 쓰레드를 시작시킨 것으로 보이지만, 해당 쓰레드를 중지시키지 못했습니다. 이는 메모리 누수를 유발할 가능성이 큽니다. 해당 쓰레드의 스택 트레이스:
 java.base/java.lang.Object.wait0(Native Method)
 java.base/java.lang.Object.wait(Object.java:366)
 org.quartz.simpl.SimpleThreadPool$WorkerThread.run(SimpleThreadPool.java:561)
18-Dec-2025 08:45:31.706 경고 [main] org.apache.catalina.loader.WebappClassLoaderBase.clearReferencesThreads 웹 애플리케이션 [ROOT]이(가) [sysLogScheduler_Worker-3](이)라는 이름의 쓰레드를 시작시킨 것으로 보이지만, 해당 쓰레드를 중지시키지 못했습니다. 이는 메모리 누수를 유발할 가능성이 큽니다. 해당 쓰레드의 스택 트레이스:
 java.base/java.lang.Object.wait0(Native Method)
 java.base/java.lang.Object.wait(Object.java:366)
 org.quartz.simpl.SimpleThreadPool$WorkerThread.run(SimpleThreadPool.java:561)
18-Dec-2025 08:45:31.706 경고 [main] org.apache.catalina.loader.WebappClassLoaderBase.clearReferencesThreads 웹 애플리케이션 [ROOT]이(가) [sysLogScheduler_Worker-4](이)라는 이름의 쓰레드를 시작시킨 것으로 보이지만, 해당 쓰레드를 중지시키지 못했습니다. 이는 메모리 누수를 유발할 가능성이 큽니다. 해당 쓰레드의 스택 트레이스:
 java.base/java.lang.Object.wait0(Native Method)
 java.base/java.lang.Object.wait(Object.java:366)
 org.quartz.simpl.SimpleThreadPool$WorkerThread.run(SimpleThreadPool.java:561)
18-Dec-2025 08:45:31.707 경고 [main] org.apache.catalina.loader.WebappClassLoaderBase.clearReferencesThreads 웹 애플리케이션 [ROOT]이(가) [sysLogScheduler_Worker-5](이)라는 이름의 쓰레드를 시작시킨 것으로 보이지만, 해당 쓰레드를 중지시키지 못했습니다. 이는 메모리 누수를 유발할 가능성이 큽니다. 해당 쓰레드의 스택 트레이스:
 java.base/java.lang.Object.wait0(Native Method)
 java.base/java.lang.Object.wait(Object.java:366)
 org.quartz.simpl.SimpleThreadPool$WorkerThread.run(SimpleThreadPool.java:561)
18-Dec-2025 08:45:31.708 경고 [main] org.apache.catalina.loader.WebappClassLoaderBase.clearReferencesThreads 웹 애플리케이션 [ROOT]이(가) [sysLogScheduler_Worker-6](이)라는 이름의 쓰레드를 시작시킨 것으로 보이지만, 해당 쓰레드를 중지시키지 못했습니다. 이는 메모리 누수를 유발할 가능성이 큽니다. 해당 쓰레드의 스택 트레이스:
 java.base/java.lang.Object.wait0(Native Method)
 java.base/java.lang.Object.wait(Object.java:366)
 org.quartz.simpl.SimpleThreadPool$WorkerThread.run(SimpleThreadPool.java:561)
18-Dec-2025 08:45:31.709 경고 [main] org.apache.catalina.loader.WebappClassLoaderBase.clearReferencesThreads 웹 애플리케이션 [ROOT]이(가) [sysLogScheduler_Worker-7](이)라는 이름의 쓰레드를 시작시킨 것으로 보이지만, 해당 쓰레드를 중지시키지 못했습니다. 이는 메모리 누수를 유발할 가능성이 큽니다. 해당 쓰레드의 스택 트레이스:
 java.base/java.lang.Object.wait0(Native Method)
 java.base/java.lang.Object.wait(Object.java:366)
 org.quartz.simpl.SimpleThreadPool$WorkerThread.run(SimpleThreadPool.java:561)
18-Dec-2025 08:45:31.710 경고 [main] org.apache.catalina.loader.WebappClassLoaderBase.clearReferencesThreads 웹 애플리케이션 [ROOT]이(가) [sysLogScheduler_Worker-8](이)라는 이름의 쓰레드를 시작시킨 것으로 보이지만, 해당 쓰레드를 중지시키지 못했습니다. 이는 메모리 누수를 유발할 가능성이 큽니다. 해당 쓰레드의 스택 트레이스:
 java.base/java.lang.Object.wait0(Native Method)
 java.base/java.lang.Object.wait(Object.java:366)
 org.quartz.simpl.SimpleThreadPool$WorkerThread.run(SimpleThreadPool.java:561)
18-Dec-2025 08:45:31.711 경고 [main] org.apache.catalina.loader.WebappClassLoaderBase.clearReferencesThreads 웹 애플리케이션 [ROOT]이(가) [sysLogScheduler_Worker-9](이)라는 이름의 쓰레드를 시작시킨 것으로 보이지만, 해당 쓰레드를 중지시키지 못했습니다. 이는 메모리 누수를 유발할 가능성이 큽니다. 해당 쓰레드의 스택 트레이스:
 java.base/java.lang.Object.wait0(Native Method)
 java.base/java.lang.Object.wait(Object.java:366)
 org.quartz.simpl.SimpleThreadPool$WorkerThread.run(SimpleThreadPool.java:561)
18-Dec-2025 08:45:31.712 경고 [main] org.apache.catalina.loader.WebappClassLoaderBase.clearReferencesThreads 웹 애플리케이션 [ROOT]이(가) [sysLogScheduler_Worker-10](이)라는 이름의 쓰레드를 시작시킨 것으로 보이지만, 해당 쓰레드를 중지시키지 못했습니다. 이는 메모리 누수를 유발할 가능성이 큽니다. 해당 쓰레드의 스택 트레이스:
 java.base/java.lang.Object.wait0(Native Method)
 java.base/java.lang.Object.wait(Object.java:366)
 org.quartz.simpl.SimpleThreadPool$WorkerThread.run(SimpleThreadPool.java:561)
18-Dec-2025 08:45:31.738 정보 [main] org.apache.catalina.startup.HostConfig.deployWAR 웹 애플리케이션 아카이브 [D:\project\egov-enterprise\apache-tomcat-10.1.50\apache-tomcat-10.1.50\webapps\ROOT.war]의 배치가 [25,001] 밀리초에 완료되었습니다.
18-Dec-2025 08:45:31.740 정보 [main] org.apache.catalina.startup.HostConfig.deployDirectory 웹 애플리케이션 디렉토리 [D:\project\egov-enterprise\apache-tomcat-10.1.50\apache-tomcat-10.1.50\webapps\docs]을(를) 배치합니다.
18-Dec-2025 08:45:31.869 정보 [main] org.apache.jasper.servlet.TldScanner.scanJars 적어도 하나의 JAR가 TLD들을 찾기 위해 스캔되었으나 아무 것도 찾지 못했습니다. 스캔했으나 TLD가 없는 JAR들의 전체 목록을 보시려면, 로그 레벨을 디버그 레벨로 설정하십시오. 스캔 과정에서 불필요한 JAR들을 건너뛰면, 시스템 시작 시간과 JSP 컴파일 시간을 단축시킬 수 있습니다.
18-Dec-2025 08:45:31.899 정보 [main] org.apache.catalina.startup.HostConfig.deployDirectory 웹 애플리케이션 디렉토리 [D:\project\egov-enterprise\apache-tomcat-10.1.50\apache-tomcat-10.1.50\webapps\docs]에 대한 배치가 [158] 밀리초에 완료되었습니다.
18-Dec-2025 08:45:31.900 정보 [main] org.apache.catalina.startup.HostConfig.deployDirectory 웹 애플리케이션 디렉토리 [D:\project\egov-enterprise\apache-tomcat-10.1.50\apache-tomcat-10.1.50\webapps\examples]을(를) 배치합니다.
18-Dec-2025 08:45:32.300 정보 [main] org.apache.jasper.servlet.TldScanner.scanJars 적어도 하나의 JAR가 TLD들을 찾기 위해 스캔되었으나 아무 것도 찾지 못했습니다. 스캔했으나 TLD가 없는 JAR들의 전체 목록을 보시려면, 로그 레벨을 디버그 레벨로 설정하십시오. 스캔 과정에서 불필요한 JAR들을 건너뛰면, 시스템 시작 시간과 JSP 컴파일 시간을 단축시킬 수 있습니다.
18-Dec-2025 08:45:32.371 정보 [main] org.apache.catalina.startup.HostConfig.deployDirectory 웹 애플리케이션 디렉토리 [D:\project\egov-enterprise\apache-tomcat-10.1.50\apache-tomcat-10.1.50\webapps\examples]에 대한 배치가 [472] 밀리초에 완료되었습니다.
18-Dec-2025 08:45:32.372 정보 [main] org.apache.catalina.startup.HostConfig.deployDirectory 웹 애플리케이션 디렉토리 [D:\project\egov-enterprise\apache-tomcat-10.1.50\apache-tomcat-10.1.50\webapps\host-manager]을(를) 배치합니다.
18-Dec-2025 08:45:32.470 정보 [main] org.apache.jasper.servlet.TldScanner.scanJars 적어도 하나의 JAR가 TLD들을 찾기 위해 스캔되었으나 아무 것도 찾지 못했습니다. 스캔했으나 TLD가 없는 JAR들의 전체 목록을 보시려면, 로그 레벨을 디버그 레벨로 설정하십시오. 스캔 과정에서 불필요한 JAR들을 건너뛰면, 시스템 시작 시간과 JSP 컴파일 시간을 단축시킬 수 있습니다.
18-Dec-2025 08:45:32.480 정보 [main] org.apache.catalina.startup.HostConfig.deployDirectory 웹 애플리케이션 디렉토리 [D:\project\egov-enterprise\apache-tomcat-10.1.50\apache-tomcat-10.1.50\webapps\host-manager]에 대한 배치가 [107] 밀리초에 완료되었습니다.
18-Dec-2025 08:45:32.480 정보 [main] org.apache.catalina.startup.HostConfig.deployDirectory 웹 애플리케이션 디렉토리 [D:\project\egov-enterprise\apache-tomcat-10.1.50\apache-tomcat-10.1.50\webapps\manager]을(를) 배치합니다.
18-Dec-2025 08:45:32.576 정보 [main] org.apache.jasper.servlet.TldScanner.scanJars 적어도 하나의 JAR가 TLD들을 찾기 위해 스캔되었으나 아무 것도 찾지 못했습니다. 스캔했으나 TLD가 없는 JAR들의 전체 목록을 보시려면, 로그 레벨을 디버그 레벨로 설정하십시오. 스캔 과정에서 불필요한 JAR들을 건너뛰면, 시스템 시작 시간과 JSP 컴파일 시간을 단축시킬 수 있습니다.
18-Dec-2025 08:45:32.582 정보 [main] org.apache.catalina.startup.HostConfig.deployDirectory 웹 애플리케이션 디렉토리 [D:\project\egov-enterprise\apache-tomcat-10.1.50\apache-tomcat-10.1.50\webapps\manager]에 대한 배치가 [101] 밀리초에 완료되었습니다.
18-Dec-2025 08:45:32.590 정보 [main] org.apache.coyote.AbstractProtocol.start 프로토콜 핸들러 ["http-nio-8080"]을(를) 시작합니다.
18-Dec-2025 08:45:32.628 정보 [main] org.apache.catalina.startup.Catalina.start 서버가 [26156] 밀리초 내에 시작되었습니다.
18-Dec-2025 08:48:09.619 정보 [main] org.apache.catalina.startup.VersionLoggerListener.log 서버 버전 이름:    Apache Tomcat/10.1.50
18-Dec-2025 08:48:09.631 정보 [main] org.apache.catalina.startup.VersionLoggerListener.log Server 빌드 시각:  Dec 2 2025 22:57:41 UTC
18-Dec-2025 08:48:09.631 정보 [main] org.apache.catalina.startup.VersionLoggerListener.log Server 버전 번호:  10.1.50.0
18-Dec-2025 08:48:09.632 정보 [main] org.apache.catalina.startup.VersionLoggerListener.log 운영체제 이름:     Windows 11
18-Dec-2025 08:48:09.632 정보 [main] org.apache.catalina.startup.VersionLoggerListener.log 운영체제 버전:     10.0
18-Dec-2025 08:48:09.634 정보 [main] org.apache.catalina.startup.VersionLoggerListener.log 아키텍처:          amd64
18-Dec-2025 08:48:09.634 정보 [main] org.apache.catalina.startup.VersionLoggerListener.log 자바 홈:           C:\Program Files\Eclipse Adoptium\jdk-21.0.4.7-hotspot
18-Dec-2025 08:48:09.634 정보 [main] org.apache.catalina.startup.VersionLoggerListener.log JVM 버전:          21.0.4+7-LTS
18-Dec-2025 08:48:09.636 정보 [main] org.apache.catalina.startup.VersionLoggerListener.log JVM 벤더:          Eclipse Adoptium
18-Dec-2025 08:48:09.636 정보 [main] org.apache.catalina.startup.VersionLoggerListener.log CATALINA_BASE:     D:\project\egov-enterprise\apache-tomcat-10.1.50\apache-tomcat-10.1.50
18-Dec-2025 08:48:09.637 정보 [main] org.apache.catalina.startup.VersionLoggerListener.log CATALINA_HOME:     D:\project\egov-enterprise\apache-tomcat-10.1.50\apache-tomcat-10.1.50
18-Dec-2025 08:48:09.665 정보 [main] org.apache.catalina.startup.VersionLoggerListener.log 명령 행 아규먼트:  -Djava.util.logging.config.file=d:\project\egov-enterprise\apache-tomcat-10.1.50\apache-tomcat-10.1.50\conf\logging.properties
18-Dec-2025 08:48:09.666 정보 [main] org.apache.catalina.startup.VersionLoggerListener.log 명령 행 아규먼트:  -Djava.util.logging.manager=org.apache.juli.ClassLoaderLogManager
18-Dec-2025 08:48:09.667 정보 [main] org.apache.catalina.startup.VersionLoggerListener.log 명령 행 아규먼트:  -Djdk.tls.ephemeralDHKeySize=2048
18-Dec-2025 08:48:09.667 정보 [main] org.apache.catalina.startup.VersionLoggerListener.log 명령 행 아규먼트:  -Djava.protocol.handler.pkgs=org.apache.catalina.webresources
18-Dec-2025 08:48:09.667 정보 [main] org.apache.catalina.startup.VersionLoggerListener.log 명령 행 아규먼트:  -Dsun.io.useCanonCaches=false
18-Dec-2025 08:48:09.668 정보 [main] org.apache.catalina.startup.VersionLoggerListener.log 명령 행 아규먼트:  --add-opens=java.base/java.lang=ALL-UNNAMED
18-Dec-2025 08:48:09.668 정보 [main] org.apache.catalina.startup.VersionLoggerListener.log 명령 행 아규먼트:  --add-opens=java.base/java.lang.reflect=ALL-UNNAMED
18-Dec-2025 08:48:09.669 정보 [main] org.apache.catalina.startup.VersionLoggerListener.log 명령 행 아규먼트:  --add-opens=java.base/java.io=ALL-UNNAMED
18-Dec-2025 08:48:09.669 정보 [main] org.apache.catalina.startup.VersionLoggerListener.log 명령 행 아규먼트:  --add-opens=java.base/java.util=ALL-UNNAMED
18-Dec-2025 08:48:09.671 정보 [main] org.apache.catalina.startup.VersionLoggerListener.log 명령 행 아규먼트:  --add-opens=java.base/java.util.concurrent=ALL-UNNAMED
18-Dec-2025 08:48:09.671 정보 [main] org.apache.catalina.startup.VersionLoggerListener.log 명령 행 아규먼트:  --add-opens=java.rmi/sun.rmi.transport=ALL-UNNAMED
18-Dec-2025 08:48:09.673 정보 [main] org.apache.catalina.startup.VersionLoggerListener.log 명령 행 아규먼트:  -Dcatalina.base=d:\project\egov-enterprise\apache-tomcat-10.1.50\apache-tomcat-10.1.50
18-Dec-2025 08:48:09.674 정보 [main] org.apache.catalina.startup.VersionLoggerListener.log 명령 행 아규먼트:  -Dcatalina.home=d:\project\egov-enterprise\apache-tomcat-10.1.50\apache-tomcat-10.1.50
18-Dec-2025 08:48:09.675 정보 [main] org.apache.catalina.startup.VersionLoggerListener.log 명령 행 아규먼트:  -Djava.io.tmpdir=d:\project\egov-enterprise\apache-tomcat-10.1.50\apache-tomcat-10.1.50\temp
18-Dec-2025 08:48:09.726 정보 [main] org.apache.catalina.core.AprLifecycleListener.lifecycleEvent 프로덕션 환경들에서 최적의 성능을 제공하는, APR 기반 Apache Tomcat Native 라이브러리가, 다음 java.library.path에서 발견되지 않습니다: [C:\Program Files\Eclipse Adoptium\jdk-21.0.4.7-hotspot\bin;C:\WINDOWS\Sun\Java\bin;C:\WINDOWS\system32;C:\WINDOWS;C:\Python313\Scripts\;C:\Python313\;C:\Program Files\Microsoft\jdk-11.0.25.9-hotspot\bin;C:\Program Files\Common Files\Oracle\Java\javapath;C:\Program Files (x86)\Common Files\Oracle\Java\java8path;C:\Program Files (x86)\Common Files\Oracle\Java\javapath;C:\Program Files\Eclipse Adoptium\jdk-21.0.4.7-hotspot\bin;C:\WINDOWS\system32;C:\WINDOWS;C:\WINDOWS\System32\Wbem;C:\WINDOWS\System32\WindowsPowerShell\v1.0\;C:\WINDOWS\System32\OpenSSH\;C:\Program Files\Bandizip\;C:\Program Files\dotnet\;%JAVA_HOME%\bin;C:\Program Files\nodejs\;C:\ProgramData\chocolatey\bin;C:\Program Files\Git\cmd;C:\Users\lkind\AppData\Roaming\npm;C:\Users\lkind\AppData\Local\Pandoc;C:\Program Files\Docker\Docker\resources\bin;C:\Program Files\Apache\apache-maven-3.9.11\bin;C:\Program Files\Apache\apache-maven-3.9.11\bin;C:\Python313\Scripts\;C:\Python313\;C:\Program Files\Microsoft\jdk-11.0.25.9-hotspot\bin;C:\Program Files\Common Files\Oracle\Java\javapath;C:\Program Files (x86)\Common Files\Oracle\Java\java8path;C:\Program Files (x86)\Common Files\Oracle\Java\javapath;C:\Program Files\Eclipse Adoptium\jdk-21.0.4.7-hotspot\bin;C:\WINDOWS\system32;C:\WINDOWS;C:\WINDOWS\System32\Wbem;C:\WINDOWS\System32\WindowsPowerShell\v1.0\;C:\WINDOWS\System32\OpenSSH\;C:\Program Files\Bandizip\;C:\Program Files\dotnet\;C:\Program Files\Eclipse Adoptium\jdk-21.0.4.7-hotspot\bin;C:\Program Files\nodejs\;C:\ProgramData\chocolatey\bin;C:\Program Files\Docker\Docker\resources\bin;C:\Program Files\Git\cmd;C:\Users\lkind\AppData\Local\Programs\Python\Launcher\;C:\Users\lkind\AppData\Local\Microsoft\WindowsApps;C:\Users\lkind\AppData\Local\Programs\cursor\resources\app\bin;C:\Users\lkind\AppData\Roaming\npm;C:\Users\lkind\AppData\Local\GitHubDesktop\bin;C:\Users\lkind\AppData\Local\Programs\Microsoft VS Code\bin;C:\Users\lkind\AppData\Local\Microsoft\WinGet\Packages\astral-sh.uv_Microsoft;C:\Users\lkind\AppData\Local\Pandoc\;C:\Users\lkind\AppData\Local\Programs\Antigravity\bin;C:\Program Files\Apache\apache-maven-3.9.11\bin;c:\Users\lkind\.antigravity\extensions\vscjava.vscode-java-debug-0.58.3-universal\bundled\scripts\noConfigScripts;.]
18-Dec-2025 08:48:10.313 정보 [main] org.apache.coyote.AbstractProtocol.init 프로토콜 핸들러 ["http-nio-8080"]을(를) 초기화합니다.
18-Dec-2025 08:48:10.447 정보 [main] org.apache.catalina.startup.Catalina.load [1185] 밀리초 내에 서버가 초기화되었습니다.
18-Dec-2025 08:48:10.612 정보 [main] org.apache.catalina.core.StandardService.startInternal 서비스 [Catalina]을(를) 시작합니다.
18-Dec-2025 08:48:10.614 정보 [main] org.apache.catalina.core.StandardEngine.startInternal 서버 엔진을 시작합니다: [Apache Tomcat/10.1.50]
18-Dec-2025 08:48:10.786 정보 [main] org.apache.catalina.startup.HostConfig.deployWAR 웹 애플리케이션 아카이브 [D:\project\egov-enterprise\apache-tomcat-10.1.50\apache-tomcat-10.1.50\webapps\ROOT.war]을(를) 배치합니다.
18-Dec-2025 08:48:31.117 정보 [main] org.apache.jasper.servlet.TldScanner.scanJars 적어도 하나의 JAR가 TLD들을 찾기 위해 스캔되었으나 아무 것도 찾지 못했습니다. 스캔했으나 TLD가 없는 JAR들의 전체 목록을 보시려면, 로그 레벨을 디버그 레벨로 설정하십시오. 스캔 과정에서 불필요한 JAR들을 건너뛰면, 시스템 시작 시간과 JSP 컴파일 시간을 단축시킬 수 있습니다.
18-Dec-2025 08:48:36.961 심각 [main] org.apache.catalina.core.StandardContext.startInternal 하나 이상의 리스너들이 시작하지 못했습니다. 상세 내역은 적절한 컨테이너 로그 파일에서 찾을 수 있습니다.
18-Dec-2025 08:48:36.972 심각 [main] org.apache.catalina.core.StandardContext.startInternal 이전 오류들로 인해 컨텍스트 []의 시작이 실패했습니다.
18-Dec-2025 08:48:37.015 경고 [main] org.apache.catalina.loader.WebappClassLoaderBase.clearReferencesJdbc 웹 애플리케이션 [ROOT]이(가) JDBC 드라이버 [cubrid.jdbc.driver.CUBRIDDriver]을(를) 등록했지만, 웹 애플리케이션이 중지될 때, 해당 JDBC 드라이버의 등록을 제거하지 못했습니다. 메모리 누수를 방지하기 위하여, 등록을 강제로 제거했습니다.
18-Dec-2025 08:48:37.016 경고 [main] org.apache.catalina.loader.WebappClassLoaderBase.clearReferencesThreads 웹 애플리케이션 [ROOT]이(가) [sysLogScheduler_Worker-1](이)라는 이름의 쓰레드를 시작시킨 것으로 보이지만, 해당 쓰레드를 중지시키지 못했습니다. 이는 메모리 누수를 유발할 가능성이 큽니다. 해당 쓰레드의 스택 트레이스:
 java.base/java.lang.Object.wait0(Native Method)
 java.base/java.lang.Object.wait(Object.java:366)
 org.quartz.simpl.SimpleThreadPool$WorkerThread.run(SimpleThreadPool.java:561)
18-Dec-2025 08:48:37.016 경고 [main] org.apache.catalina.loader.WebappClassLoaderBase.clearReferencesThreads 웹 애플리케이션 [ROOT]이(가) [sysLogScheduler_Worker-2](이)라는 이름의 쓰레드를 시작시킨 것으로 보이지만, 해당 쓰레드를 중지시키지 못했습니다. 이는 메모리 누수를 유발할 가능성이 큽니다. 해당 쓰레드의 스택 트레이스:
 java.base/java.lang.Object.wait0(Native Method)
 java.base/java.lang.Object.wait(Object.java:366)
 org.quartz.simpl.SimpleThreadPool$WorkerThread.run(SimpleThreadPool.java:561)
18-Dec-2025 08:48:37.018 경고 [main] org.apache.catalina.loader.WebappClassLoaderBase.clearReferencesThreads 웹 애플리케이션 [ROOT]이(가) [sysLogScheduler_Worker-3](이)라는 이름의 쓰레드를 시작시킨 것으로 보이지만, 해당 쓰레드를 중지시키지 못했습니다. 이는 메모리 누수를 유발할 가능성이 큽니다. 해당 쓰레드의 스택 트레이스:
 java.base/java.lang.Object.wait0(Native Method)
 java.base/java.lang.Object.wait(Object.java:366)
 org.quartz.simpl.SimpleThreadPool$WorkerThread.run(SimpleThreadPool.java:561)
18-Dec-2025 08:48:37.018 경고 [main] org.apache.catalina.loader.WebappClassLoaderBase.clearReferencesThreads 웹 애플리케이션 [ROOT]이(가) [sysLogScheduler_Worker-4](이)라는 이름의 쓰레드를 시작시킨 것으로 보이지만, 해당 쓰레드를 중지시키지 못했습니다. 이는 메모리 누수를 유발할 가능성이 큽니다. 해당 쓰레드의 스택 트레이스:
 java.base/java.lang.Object.wait0(Native Method)
 java.base/java.lang.Object.wait(Object.java:366)
 org.quartz.simpl.SimpleThreadPool$WorkerThread.run(SimpleThreadPool.java:561)
18-Dec-2025 08:48:37.018 경고 [main] org.apache.catalina.loader.WebappClassLoaderBase.clearReferencesThreads 웹 애플리케이션 [ROOT]이(가) [sysLogScheduler_Worker-5](이)라는 이름의 쓰레드를 시작시킨 것으로 보이지만, 해당 쓰레드를 중지시키지 못했습니다. 이는 메모리 누수를 유발할 가능성이 큽니다. 해당 쓰레드의 스택 트레이스:
 java.base/java.lang.Object.wait0(Native Method)
 java.base/java.lang.Object.wait(Object.java:366)
 org.quartz.simpl.SimpleThreadPool$WorkerThread.run(SimpleThreadPool.java:561)
18-Dec-2025 08:48:37.020 경고 [main] org.apache.catalina.loader.WebappClassLoaderBase.clearReferencesThreads 웹 애플리케이션 [ROOT]이(가) [sysLogScheduler_Worker-6](이)라는 이름의 쓰레드를 시작시킨 것으로 보이지만, 해당 쓰레드를 중지시키지 못했습니다. 이는 메모리 누수를 유발할 가능성이 큽니다. 해당 쓰레드의 스택 트레이스:
 java.base/java.lang.Object.wait0(Native Method)
 java.base/java.lang.Object.wait(Object.java:366)
 org.quartz.simpl.SimpleThreadPool$WorkerThread.run(SimpleThreadPool.java:561)
18-Dec-2025 08:48:37.020 경고 [main] org.apache.catalina.loader.WebappClassLoaderBase.clearReferencesThreads 웹 애플리케이션 [ROOT]이(가) [sysLogScheduler_Worker-7](이)라는 이름의 쓰레드를 시작시킨 것으로 보이지만, 해당 쓰레드를 중지시키지 못했습니다. 이는 메모리 누수를 유발할 가능성이 큽니다. 해당 쓰레드의 스택 트레이스:
 java.base/java.lang.Object.wait0(Native Method)
 java.base/java.lang.Object.wait(Object.java:366)
 org.quartz.simpl.SimpleThreadPool$WorkerThread.run(SimpleThreadPool.java:561)
18-Dec-2025 08:48:37.020 경고 [main] org.apache.catalina.loader.WebappClassLoaderBase.clearReferencesThreads 웹 애플리케이션 [ROOT]이(가) [sysLogScheduler_Worker-8](이)라는 이름의 쓰레드를 시작시킨 것으로 보이지만, 해당 쓰레드를 중지시키지 못했습니다. 이는 메모리 누수를 유발할 가능성이 큽니다. 해당 쓰레드의 스택 트레이스:
 java.base/java.lang.Object.wait0(Native Method)
 java.base/java.lang.Object.wait(Object.java:366)
 org.quartz.simpl.SimpleThreadPool$WorkerThread.run(SimpleThreadPool.java:561)
18-Dec-2025 08:48:37.021 경고 [main] org.apache.catalina.loader.WebappClassLoaderBase.clearReferencesThreads 웹 애플리케이션 [ROOT]이(가) [sysLogScheduler_Worker-9](이)라는 이름의 쓰레드를 시작시킨 것으로 보이지만, 해당 쓰레드를 중지시키지 못했습니다. 이는 메모리 누수를 유발할 가능성이 큽니다. 해당 쓰레드의 스택 트레이스:
 java.base/java.lang.Object.wait0(Native Method)
 java.base/java.lang.Object.wait(Object.java:366)
 org.quartz.simpl.SimpleThreadPool$WorkerThread.run(SimpleThreadPool.java:561)
18-Dec-2025 08:48:37.021 경고 [main] org.apache.catalina.loader.WebappClassLoaderBase.clearReferencesThreads 웹 애플리케이션 [ROOT]이(가) [sysLogScheduler_Worker-10](이)라는 이름의 쓰레드를 시작시킨 것으로 보이지만, 해당 쓰레드를 중지시키지 못했습니다. 이는 메모리 누수를 유발할 가능성이 큽니다. 해당 쓰레드의 스택 트레이스:
 java.base/java.lang.Object.wait0(Native Method)
 java.base/java.lang.Object.wait(Object.java:366)
 org.quartz.simpl.SimpleThreadPool$WorkerThread.run(SimpleThreadPool.java:561)
18-Dec-2025 08:48:37.039 정보 [main] org.apache.catalina.startup.HostConfig.deployWAR 웹 애플리케이션 아카이브 [D:\project\egov-enterprise\apache-tomcat-10.1.50\apache-tomcat-10.1.50\webapps\ROOT.war]의 배치가 [26,247] 밀리초에 완료되었습니다.
18-Dec-2025 08:48:37.040 정보 [main] org.apache.catalina.startup.HostConfig.deployDirectory 웹 애플리케이션 디렉토리 [D:\project\egov-enterprise\apache-tomcat-10.1.50\apache-tomcat-10.1.50\webapps\docs]을(를) 배치합니다.
18-Dec-2025 08:48:37.137 정보 [main] org.apache.jasper.servlet.TldScanner.scanJars 적어도 하나의 JAR가 TLD들을 찾기 위해 스캔되었으나 아무 것도 찾지 못했습니다. 스캔했으나 TLD가 없는 JAR들의 전체 목록을 보시려면, 로그 레벨을 디버그 레벨로 설정하십시오. 스캔 과정에서 불필요한 JAR들을 건너뛰면, 시스템 시작 시간과 JSP 컴파일 시간을 단축시킬 수 있습니다.
18-Dec-2025 08:48:37.161 정보 [main] org.apache.catalina.startup.HostConfig.deployDirectory 웹 애플리케이션 디렉토리 [D:\project\egov-enterprise\apache-tomcat-10.1.50\apache-tomcat-10.1.50\webapps\docs]에 대한 배치가 [121] 밀리초에 완료되었습니다.
18-Dec-2025 08:48:37.162 정보 [main] org.apache.catalina.startup.HostConfig.deployDirectory 웹 애플리케이션 디렉토리 [D:\project\egov-enterprise\apache-tomcat-10.1.50\apache-tomcat-10.1.50\webapps\examples]을(를) 배치합니다.
18-Dec-2025 08:48:37.614 정보 [main] org.apache.jasper.servlet.TldScanner.scanJars 적어도 하나의 JAR가 TLD들을 찾기 위해 스캔되었으나 아무 것도 찾지 못했습니다. 스캔했으나 TLD가 없는 JAR들의 전체 목록을 보시려면, 로그 레벨을 디버그 레벨로 설정하십시오. 스캔 과정에서 불필요한 JAR들을 건너뛰면, 시스템 시작 시간과 JSP 컴파일 시간을 단축시킬 수 있습니다.
18-Dec-2025 08:48:37.702 정보 [main] org.apache.catalina.startup.HostConfig.deployDirectory 웹 애플리케이션 디렉토리 [D:\project\egov-enterprise\apache-tomcat-10.1.50\apache-tomcat-10.1.50\webapps\examples]에 대한 배치가 [539] 밀리초에 완료되었습니다.
18-Dec-2025 08:48:37.703 정보 [main] org.apache.catalina.startup.HostConfig.deployDirectory 웹 애플리케이션 디렉토리 [D:\project\egov-enterprise\apache-tomcat-10.1.50\apache-tomcat-10.1.50\webapps\host-manager]을(를) 배치합니다.
18-Dec-2025 08:48:37.809 정보 [main] org.apache.jasper.servlet.TldScanner.scanJars 적어도 하나의 JAR가 TLD들을 찾기 위해 스캔되었으나 아무 것도 찾지 못했습니다. 스캔했으나 TLD가 없는 JAR들의 전체 목록을 보시려면, 로그 레벨을 디버그 레벨로 설정하십시오. 스캔 과정에서 불필요한 JAR들을 건너뛰면, 시스템 시작 시간과 JSP 컴파일 시간을 단축시킬 수 있습니다.
18-Dec-2025 08:48:37.818 정보 [main] org.apache.catalina.startup.HostConfig.deployDirectory 웹 애플리케이션 디렉토리 [D:\project\egov-enterprise\apache-tomcat-10.1.50\apache-tomcat-10.1.50\webapps\host-manager]에 대한 배치가 [115] 밀리초에 완료되었습니다.
18-Dec-2025 08:48:37.818 정보 [main] org.apache.catalina.startup.HostConfig.deployDirectory 웹 애플리케이션 디렉토리 [D:\project\egov-enterprise\apache-tomcat-10.1.50\apache-tomcat-10.1.50\webapps\manager]을(를) 배치합니다.
18-Dec-2025 08:48:37.929 정보 [main] org.apache.jasper.servlet.TldScanner.scanJars 적어도 하나의 JAR가 TLD들을 찾기 위해 스캔되었으나 아무 것도 찾지 못했습니다. 스캔했으나 TLD가 없는 JAR들의 전체 목록을 보시려면, 로그 레벨을 디버그 레벨로 설정하십시오. 스캔 과정에서 불필요한 JAR들을 건너뛰면, 시스템 시작 시간과 JSP 컴파일 시간을 단축시킬 수 있습니다.
18-Dec-2025 08:48:37.937 정보 [main] org.apache.catalina.startup.HostConfig.deployDirectory 웹 애플리케이션 디렉토리 [D:\project\egov-enterprise\apache-tomcat-10.1.50\apache-tomcat-10.1.50\webapps\manager]에 대한 배치가 [118] 밀리초에 완료되었습니다.
18-Dec-2025 08:48:37.949 정보 [main] org.apache.coyote.AbstractProtocol.start 프로토콜 핸들러 ["http-nio-8080"]을(를) 시작합니다.
18-Dec-2025 08:48:37.989 정보 [main] org.apache.catalina.startup.Catalina.start 서버가 [27533] 밀리초 내에 시작되었습니다.
18-Dec-2025 08:50:58.150 정보 [Catalina-utility-2] org.apache.catalina.startup.HostConfig.undeploy 컨텍스트 []의 배치를 제거합니다.
18-Dec-2025 08:50:58.567 정보 [Catalina-utility-2] org.apache.catalina.startup.HostConfig.deployWAR 웹 애플리케이션 아카이브 [D:\project\egov-enterprise\apache-tomcat-10.1.50\apache-tomcat-10.1.50\webapps\ROOT.war]을(를) 배치합니다.
18-Dec-2025 08:51:11.492 정보 [Catalina-utility-2] org.apache.jasper.servlet.TldScanner.scanJars 적어도 하나의 JAR가 TLD들을 찾기 위해 스캔되었으나 아무 것도 찾지 못했습니다. 스캔했으나 TLD가 없는 JAR들의 전체 목록을 보시려면, 로그 레벨을 디버그 레벨로 설정하십시오. 스캔 과정에서 불필요한 JAR들을 건너뛰면, 시스템 시작 시간과 JSP 컴파일 시간을 단축시킬 수 있습니다.
18-Dec-2025 08:51:16.153 심각 [Catalina-utility-2] org.apache.catalina.core.StandardContext.startInternal 하나 이상의 리스너들이 시작하지 못했습니다. 상세 내역은 적절한 컨테이너 로그 파일에서 찾을 수 있습니다.
18-Dec-2025 08:51:16.154 심각 [Catalina-utility-2] org.apache.catalina.core.StandardContext.startInternal 이전 오류들로 인해 컨텍스트 []의 시작이 실패했습니다.
18-Dec-2025 08:51:16.194 경고 [Catalina-utility-2] org.apache.catalina.loader.WebappClassLoaderBase.clearReferencesJdbc 웹 애플리케이션 [ROOT]이(가) JDBC 드라이버 [cubrid.jdbc.driver.CUBRIDDriver]을(를) 등록했지만, 웹 애플리케이션이 중지될 때, 해당 JDBC 드라이버의 등록을 제거하지 못했습니다. 메모리 누수를 방지하기 위하여, 등록을 강제로 제거했습니다.
18-Dec-2025 08:51:16.195 경고 [Catalina-utility-2] org.apache.catalina.loader.WebappClassLoaderBase.clearReferencesThreads 웹 애플리케이션 [ROOT]이(가) [sysLogScheduler_Worker-1](이)라는 이름의 쓰레드를 시작시킨 것으로 보이지만, 해당 쓰레드를 중지시키지 못했습니다. 이는 메모리 누수를 유발할 가능성이 큽니다. 해당 쓰레드의 스택 트레이스:
 java.base/java.lang.Object.wait0(Native Method)
 java.base/java.lang.Object.wait(Object.java:366)
 org.quartz.simpl.SimpleThreadPool$WorkerThread.run(SimpleThreadPool.java:561)
18-Dec-2025 08:51:16.195 경고 [Catalina-utility-2] org.apache.catalina.loader.WebappClassLoaderBase.clearReferencesThreads 웹 애플리케이션 [ROOT]이(가) [sysLogScheduler_Worker-2](이)라는 이름의 쓰레드를 시작시킨 것으로 보이지만, 해당 쓰레드를 중지시키지 못했습니다. 이는 메모리 누수를 유발할 가능성이 큽니다. 해당 쓰레드의 스택 트레이스:
 java.base/java.lang.Object.wait0(Native Method)
 java.base/java.lang.Object.wait(Object.java:366)
 org.quartz.simpl.SimpleThreadPool$WorkerThread.run(SimpleThreadPool.java:561)
18-Dec-2025 08:51:16.196 경고 [Catalina-utility-2] org.apache.catalina.loader.WebappClassLoaderBase.clearReferencesThreads 웹 애플리케이션 [ROOT]이(가) [sysLogScheduler_Worker-3](이)라는 이름의 쓰레드를 시작시킨 것으로 보이지만, 해당 쓰레드를 중지시키지 못했습니다. 이는 메모리 누수를 유발할 가능성이 큽니다. 해당 쓰레드의 스택 트레이스:
 java.base/java.lang.Object.wait0(Native Method)
 java.base/java.lang.Object.wait(Object.java:366)
 org.quartz.simpl.SimpleThreadPool$WorkerThread.run(SimpleThreadPool.java:561)
18-Dec-2025 08:51:16.196 경고 [Catalina-utility-2] org.apache.catalina.loader.WebappClassLoaderBase.clearReferencesThreads 웹 애플리케이션 [ROOT]이(가) [sysLogScheduler_Worker-4](이)라는 이름의 쓰레드를 시작시킨 것으로 보이지만, 해당 쓰레드를 중지시키지 못했습니다. 이는 메모리 누수를 유발할 가능성이 큽니다. 해당 쓰레드의 스택 트레이스:
 java.base/java.lang.Object.wait0(Native Method)
 java.base/java.lang.Object.wait(Object.java:366)
 org.quartz.simpl.SimpleThreadPool$WorkerThread.run(SimpleThreadPool.java:561)
18-Dec-2025 08:51:16.196 경고 [Catalina-utility-2] org.apache.catalina.loader.WebappClassLoaderBase.clearReferencesThreads 웹 애플리케이션 [ROOT]이(가) [sysLogScheduler_Worker-5](이)라는 이름의 쓰레드를 시작시킨 것으로 보이지만, 해당 쓰레드를 중지시키지 못했습니다. 이는 메모리 누수를 유발할 가능성이 큽니다. 해당 쓰레드의 스택 트레이스:
 java.base/java.lang.Object.wait0(Native Method)
 java.base/java.lang.Object.wait(Object.java:366)
 org.quartz.simpl.SimpleThreadPool$WorkerThread.run(SimpleThreadPool.java:561)
18-Dec-2025 08:51:16.198 경고 [Catalina-utility-2] org.apache.catalina.loader.WebappClassLoaderBase.clearReferencesThreads 웹 애플리케이션 [ROOT]이(가) [sysLogScheduler_Worker-6](이)라는 이름의 쓰레드를 시작시킨 것으로 보이지만, 해당 쓰레드를 중지시키지 못했습니다. 이는 메모리 누수를 유발할 가능성이 큽니다. 해당 쓰레드의 스택 트레이스:
 java.base/java.lang.Object.wait0(Native Method)
 java.base/java.lang.Object.wait(Object.java:366)
 org.quartz.simpl.SimpleThreadPool$WorkerThread.run(SimpleThreadPool.java:561)
18-Dec-2025 08:51:16.198 경고 [Catalina-utility-2] org.apache.catalina.loader.WebappClassLoaderBase.clearReferencesThreads 웹 애플리케이션 [ROOT]이(가) [sysLogScheduler_Worker-7](이)라는 이름의 쓰레드를 시작시킨 것으로 보이지만, 해당 쓰레드를 중지시키지 못했습니다. 이는 메모리 누수를 유발할 가능성이 큽니다. 해당 쓰레드의 스택 트레이스:
 java.base/java.lang.Object.wait0(Native Method)
 java.base/java.lang.Object.wait(Object.java:366)
 org.quartz.simpl.SimpleThreadPool$WorkerThread.run(SimpleThreadPool.java:561)
18-Dec-2025 08:51:16.198 경고 [Catalina-utility-2] org.apache.catalina.loader.WebappClassLoaderBase.clearReferencesThreads 웹 애플리케이션 [ROOT]이(가) [sysLogScheduler_Worker-8](이)라는 이름의 쓰레드를 시작시킨 것으로 보이지만, 해당 쓰레드를 중지시키지 못했습니다. 이는 메모리 누수를 유발할 가능성이 큽니다. 해당 쓰레드의 스택 트레이스:
 java.base/java.lang.Object.wait0(Native Method)
 java.base/java.lang.Object.wait(Object.java:366)
 org.quartz.simpl.SimpleThreadPool$WorkerThread.run(SimpleThreadPool.java:561)
18-Dec-2025 08:51:16.199 경고 [Catalina-utility-2] org.apache.catalina.loader.WebappClassLoaderBase.clearReferencesThreads 웹 애플리케이션 [ROOT]이(가) [sysLogScheduler_Worker-9](이)라는 이름의 쓰레드를 시작시킨 것으로 보이지만, 해당 쓰레드를 중지시키지 못했습니다. 이는 메모리 누수를 유발할 가능성이 큽니다. 해당 쓰레드의 스택 트레이스:
 java.base/java.lang.Object.wait0(Native Method)
 java.base/java.lang.Object.wait(Object.java:366)
 org.quartz.simpl.SimpleThreadPool$WorkerThread.run(SimpleThreadPool.java:561)
18-Dec-2025 08:51:16.199 경고 [Catalina-utility-2] org.apache.catalina.loader.WebappClassLoaderBase.clearReferencesThreads 웹 애플리케이션 [ROOT]이(가) [sysLogScheduler_Worker-10](이)라는 이름의 쓰레드를 시작시킨 것으로 보이지만, 해당 쓰레드를 중지시키지 못했습니다. 이는 메모리 누수를 유발할 가능성이 큽니다. 해당 쓰레드의 스택 트레이스:
 java.base/java.lang.Object.wait0(Native Method)
 java.base/java.lang.Object.wait(Object.java:366)
 org.quartz.simpl.SimpleThreadPool$WorkerThread.run(SimpleThreadPool.java:561)
18-Dec-2025 08:51:16.207 정보 [Catalina-utility-2] org.apache.catalina.startup.HostConfig.deployWAR 웹 애플리케이션 아카이브 [D:\project\egov-enterprise\apache-tomcat-10.1.50\apache-tomcat-10.1.50\webapps\ROOT.war]의 배치가 [17,639] 밀리초에 완료되었습니다.
18-Dec-2025 09:05:57.556 정보 [Catalina-utility-2] org.apache.catalina.startup.HostConfig.undeploy 컨텍스트 []의 배치를 제거합니다.
18-Dec-2025 09:05:57.873 정보 [Catalina-utility-2] org.apache.catalina.startup.HostConfig.deployWAR 웹 애플리케이션 아카이브 [D:\project\egov-enterprise\apache-tomcat-10.1.50\apache-tomcat-10.1.50\webapps\ROOT.war]을(를) 배치합니다.
18-Dec-2025 09:06:13.694 정보 [Catalina-utility-2] org.apache.jasper.servlet.TldScanner.scanJars 적어도 하나의 JAR가 TLD들을 찾기 위해 스캔되었으나 아무 것도 찾지 못했습니다. 스캔했으나 TLD가 없는 JAR들의 전체 목록을 보시려면, 로그 레벨을 디버그 레벨로 설정하십시오. 스캔 과정에서 불필요한 JAR들을 건너뛰면, 시스템 시작 시간과 JSP 컴파일 시간을 단축시킬 수 있습니다.
18-Dec-2025 09:06:15.787 심각 [Catalina-utility-2] org.apache.catalina.core.StandardContext.startInternal 하나 이상의 리스너들이 시작하지 못했습니다. 상세 내역은 적절한 컨테이너 로그 파일에서 찾을 수 있습니다.
18-Dec-2025 09:06:15.789 심각 [Catalina-utility-2] org.apache.catalina.core.StandardContext.startInternal 이전 오류들로 인해 컨텍스트 []의 시작이 실패했습니다.
18-Dec-2025 09:06:15.843 정보 [Catalina-utility-2] org.apache.catalina.startup.HostConfig.deployWAR 웹 애플리케이션 아카이브 [D:\project\egov-enterprise\apache-tomcat-10.1.50\apache-tomcat-10.1.50\webapps\ROOT.war]의 배치가 [17,970] 밀리초에 완료되었습니다.
18-Dec-2025 09:09:36.020 정보 [Catalina-utility-2] org.apache.catalina.startup.HostConfig.undeploy 컨텍스트 []의 배치를 제거합니다.
18-Dec-2025 09:09:36.315 정보 [Catalina-utility-2] org.apache.catalina.startup.HostConfig.deployWAR 웹 애플리케이션 아카이브 [D:\project\egov-enterprise\apache-tomcat-10.1.50\apache-tomcat-10.1.50\webapps\ROOT.war]을(를) 배치합니다.
18-Dec-2025 09:09:49.678 정보 [Catalina-utility-2] org.apache.jasper.servlet.TldScanner.scanJars 적어도 하나의 JAR가 TLD들을 찾기 위해 스캔되었으나 아무 것도 찾지 못했습니다. 스캔했으나 TLD가 없는 JAR들의 전체 목록을 보시려면, 로그 레벨을 디버그 레벨로 설정하십시오. 스캔 과정에서 불필요한 JAR들을 건너뛰면, 시스템 시작 시간과 JSP 컴파일 시간을 단축시킬 수 있습니다.
18-Dec-2025 09:09:54.485 심각 [Catalina-utility-2] org.apache.catalina.core.StandardContext.startInternal 하나 이상의 리스너들이 시작하지 못했습니다. 상세 내역은 적절한 컨테이너 로그 파일에서 찾을 수 있습니다.
18-Dec-2025 09:09:54.485 심각 [Catalina-utility-2] org.apache.catalina.core.StandardContext.startInternal 이전 오류들로 인해 컨텍스트 []의 시작이 실패했습니다.
18-Dec-2025 09:09:54.539 경고 [Catalina-utility-2] org.apache.catalina.loader.WebappClassLoaderBase.clearReferencesJdbc 웹 애플리케이션 [ROOT]이(가) JDBC 드라이버 [cubrid.jdbc.driver.CUBRIDDriver]을(를) 등록했지만, 웹 애플리케이션이 중지될 때, 해당 JDBC 드라이버의 등록을 제거하지 못했습니다. 메모리 누수를 방지하기 위하여, 등록을 강제로 제거했습니다.
18-Dec-2025 09:09:54.540 경고 [Catalina-utility-2] org.apache.catalina.loader.WebappClassLoaderBase.clearReferencesThreads 웹 애플리케이션 [ROOT]이(가) [sysLogScheduler_Worker-1](이)라는 이름의 쓰레드를 시작시킨 것으로 보이지만, 해당 쓰레드를 중지시키지 못했습니다. 이는 메모리 누수를 유발할 가능성이 큽니다. 해당 쓰레드의 스택 트레이스:
 java.base/java.lang.Object.wait0(Native Method)
 java.base/java.lang.Object.wait(Object.java:366)
 org.quartz.simpl.SimpleThreadPool$WorkerThread.run(SimpleThreadPool.java:561)
18-Dec-2025 09:09:54.540 경고 [Catalina-utility-2] org.apache.catalina.loader.WebappClassLoaderBase.clearReferencesThreads 웹 애플리케이션 [ROOT]이(가) [sysLogScheduler_Worker-2](이)라는 이름의 쓰레드를 시작시킨 것으로 보이지만, 해당 쓰레드를 중지시키지 못했습니다. 이는 메모리 누수를 유발할 가능성이 큽니다. 해당 쓰레드의 스택 트레이스:
 java.base/java.lang.Object.wait0(Native Method)
 java.base/java.lang.Object.wait(Object.java:366)
 org.quartz.simpl.SimpleThreadPool$WorkerThread.run(SimpleThreadPool.java:561)
18-Dec-2025 09:09:54.540 경고 [Catalina-utility-2] org.apache.catalina.loader.WebappClassLoaderBase.clearReferencesThreads 웹 애플리케이션 [ROOT]이(가) [sysLogScheduler_Worker-3](이)라는 이름의 쓰레드를 시작시킨 것으로 보이지만, 해당 쓰레드를 중지시키지 못했습니다. 이는 메모리 누수를 유발할 가능성이 큽니다. 해당 쓰레드의 스택 트레이스:
 java.base/java.lang.Object.wait0(Native Method)
 java.base/java.lang.Object.wait(Object.java:366)
 org.quartz.simpl.SimpleThreadPool$WorkerThread.run(SimpleThreadPool.java:561)
18-Dec-2025 09:09:54.540 경고 [Catalina-utility-2] org.apache.catalina.loader.WebappClassLoaderBase.clearReferencesThreads 웹 애플리케이션 [ROOT]이(가) [sysLogScheduler_Worker-4](이)라는 이름의 쓰레드를 시작시킨 것으로 보이지만, 해당 쓰레드를 중지시키지 못했습니다. 이는 메모리 누수를 유발할 가능성이 큽니다. 해당 쓰레드의 스택 트레이스:
 java.base/java.lang.Object.wait0(Native Method)
 java.base/java.lang.Object.wait(Object.java:366)
 org.quartz.simpl.SimpleThreadPool$WorkerThread.run(SimpleThreadPool.java:561)
18-Dec-2025 09:09:54.541 경고 [Catalina-utility-2] org.apache.catalina.loader.WebappClassLoaderBase.clearReferencesThreads 웹 애플리케이션 [ROOT]이(가) [sysLogScheduler_Worker-5](이)라는 이름의 쓰레드를 시작시킨 것으로 보이지만, 해당 쓰레드를 중지시키지 못했습니다. 이는 메모리 누수를 유발할 가능성이 큽니다. 해당 쓰레드의 스택 트레이스:
 java.base/java.lang.Object.wait0(Native Method)
 java.base/java.lang.Object.wait(Object.java:366)
 org.quartz.simpl.SimpleThreadPool$WorkerThread.run(SimpleThreadPool.java:561)
18-Dec-2025 09:09:54.541 경고 [Catalina-utility-2] org.apache.catalina.loader.WebappClassLoaderBase.clearReferencesThreads 웹 애플리케이션 [ROOT]이(가) [sysLogScheduler_Worker-6](이)라는 이름의 쓰레드를 시작시킨 것으로 보이지만, 해당 쓰레드를 중지시키지 못했습니다. 이는 메모리 누수를 유발할 가능성이 큽니다. 해당 쓰레드의 스택 트레이스:
 java.base/java.lang.Object.wait0(Native Method)
 java.base/java.lang.Object.wait(Object.java:366)
 org.quartz.simpl.SimpleThreadPool$WorkerThread.run(SimpleThreadPool.java:561)
18-Dec-2025 09:09:54.541 경고 [Catalina-utility-2] org.apache.catalina.loader.WebappClassLoaderBase.clearReferencesThreads 웹 애플리케이션 [ROOT]이(가) [sysLogScheduler_Worker-7](이)라는 이름의 쓰레드를 시작시킨 것으로 보이지만, 해당 쓰레드를 중지시키지 못했습니다. 이는 메모리 누수를 유발할 가능성이 큽니다. 해당 쓰레드의 스택 트레이스:
 java.base/java.lang.Object.wait0(Native Method)
 java.base/java.lang.Object.wait(Object.java:366)
 org.quartz.simpl.SimpleThreadPool$WorkerThread.run(SimpleThreadPool.java:561)
18-Dec-2025 09:09:54.541 경고 [Catalina-utility-2] org.apache.catalina.loader.WebappClassLoaderBase.clearReferencesThreads 웹 애플리케이션 [ROOT]이(가) [sysLogScheduler_Worker-8](이)라는 이름의 쓰레드를 시작시킨 것으로 보이지만, 해당 쓰레드를 중지시키지 못했습니다. 이는 메모리 누수를 유발할 가능성이 큽니다. 해당 쓰레드의 스택 트레이스:
 java.base/java.lang.Object.wait0(Native Method)
 java.base/java.lang.Object.wait(Object.java:366)
 org.quartz.simpl.SimpleThreadPool$WorkerThread.run(SimpleThreadPool.java:561)
18-Dec-2025 09:09:54.542 경고 [Catalina-utility-2] org.apache.catalina.loader.WebappClassLoaderBase.clearReferencesThreads 웹 애플리케이션 [ROOT]이(가) [sysLogScheduler_Worker-9](이)라는 이름의 쓰레드를 시작시킨 것으로 보이지만, 해당 쓰레드를 중지시키지 못했습니다. 이는 메모리 누수를 유발할 가능성이 큽니다. 해당 쓰레드의 스택 트레이스:
 java.base/java.lang.Object.wait0(Native Method)
 java.base/java.lang.Object.wait(Object.java:366)
 org.quartz.simpl.SimpleThreadPool$WorkerThread.run(SimpleThreadPool.java:561)
18-Dec-2025 09:09:54.542 경고 [Catalina-utility-2] org.apache.catalina.loader.WebappClassLoaderBase.clearReferencesThreads 웹 애플리케이션 [ROOT]이(가) [sysLogScheduler_Worker-10](이)라는 이름의 쓰레드를 시작시킨 것으로 보이지만, 해당 쓰레드를 중지시키지 못했습니다. 이는 메모리 누수를 유발할 가능성이 큽니다. 해당 쓰레드의 스택 트레이스:
 java.base/java.lang.Object.wait0(Native Method)
 java.base/java.lang.Object.wait(Object.java:366)
 org.quartz.simpl.SimpleThreadPool$WorkerThread.run(SimpleThreadPool.java:561)
18-Dec-2025 09:09:54.548 정보 [Catalina-utility-2] org.apache.catalina.startup.HostConfig.deployWAR 웹 애플리케이션 아카이브 [D:\project\egov-enterprise\apache-tomcat-10.1.50\apache-tomcat-10.1.50\webapps\ROOT.war]의 배치가 [18,233] 밀리초에 완료되었습니다.
18-Dec-2025 09:13:34.858 정보 [Catalina-utility-2] org.apache.catalina.startup.HostConfig.undeploy 컨텍스트 []의 배치를 제거합니다.
18-Dec-2025 09:13:35.137 정보 [Catalina-utility-2] org.apache.catalina.startup.HostConfig.deployWAR 웹 애플리케이션 아카이브 [D:\project\egov-enterprise\apache-tomcat-10.1.50\apache-tomcat-10.1.50\webapps\ROOT.war]을(를) 배치합니다.
18-Dec-2025 09:13:52.421 정보 [Catalina-utility-2] org.apache.jasper.servlet.TldScanner.scanJars 적어도 하나의 JAR가 TLD들을 찾기 위해 스캔되었으나 아무 것도 찾지 못했습니다. 스캔했으나 TLD가 없는 JAR들의 전체 목록을 보시려면, 로그 레벨을 디버그 레벨로 설정하십시오. 스캔 과정에서 불필요한 JAR들을 건너뛰면, 시스템 시작 시간과 JSP 컴파일 시간을 단축시킬 수 있습니다.
18-Dec-2025 09:13:57.132 심각 [Catalina-utility-2] org.apache.catalina.core.StandardContext.startInternal 하나 이상의 리스너들이 시작하지 못했습니다. 상세 내역은 적절한 컨테이너 로그 파일에서 찾을 수 있습니다.
18-Dec-2025 09:13:57.134 심각 [Catalina-utility-2] org.apache.catalina.core.StandardContext.startInternal 이전 오류들로 인해 컨텍스트 []의 시작이 실패했습니다.
18-Dec-2025 09:13:57.177 경고 [Catalina-utility-2] org.apache.catalina.loader.WebappClassLoaderBase.clearReferencesJdbc 웹 애플리케이션 [ROOT]이(가) JDBC 드라이버 [cubrid.jdbc.driver.CUBRIDDriver]을(를) 등록했지만, 웹 애플리케이션이 중지될 때, 해당 JDBC 드라이버의 등록을 제거하지 못했습니다. 메모리 누수를 방지하기 위하여, 등록을 강제로 제거했습니다.
18-Dec-2025 09:13:57.178 경고 [Catalina-utility-2] org.apache.catalina.loader.WebappClassLoaderBase.clearReferencesThreads 웹 애플리케이션 [ROOT]이(가) [sysLogScheduler_Worker-1](이)라는 이름의 쓰레드를 시작시킨 것으로 보이지만, 해당 쓰레드를 중지시키지 못했습니다. 이는 메모리 누수를 유발할 가능성이 큽니다. 해당 쓰레드의 스택 트레이스:
 java.base/java.lang.Object.wait0(Native Method)
 java.base/java.lang.Object.wait(Object.java:366)
 org.quartz.simpl.SimpleThreadPool$WorkerThread.run(SimpleThreadPool.java:561)
18-Dec-2025 09:13:57.178 경고 [Catalina-utility-2] org.apache.catalina.loader.WebappClassLoaderBase.clearReferencesThreads 웹 애플리케이션 [ROOT]이(가) [sysLogScheduler_Worker-2](이)라는 이름의 쓰레드를 시작시킨 것으로 보이지만, 해당 쓰레드를 중지시키지 못했습니다. 이는 메모리 누수를 유발할 가능성이 큽니다. 해당 쓰레드의 스택 트레이스:
 java.base/java.lang.Object.wait0(Native Method)
 java.base/java.lang.Object.wait(Object.java:366)
 org.quartz.simpl.SimpleThreadPool$WorkerThread.run(SimpleThreadPool.java:561)
18-Dec-2025 09:13:57.178 경고 [Catalina-utility-2] org.apache.catalina.loader.WebappClassLoaderBase.clearReferencesThreads 웹 애플리케이션 [ROOT]이(가) [sysLogScheduler_Worker-3](이)라는 이름의 쓰레드를 시작시킨 것으로 보이지만, 해당 쓰레드를 중지시키지 못했습니다. 이는 메모리 누수를 유발할 가능성이 큽니다. 해당 쓰레드의 스택 트레이스:
 java.base/java.lang.Object.wait0(Native Method)
 java.base/java.lang.Object.wait(Object.java:366)
 org.quartz.simpl.SimpleThreadPool$WorkerThread.run(SimpleThreadPool.java:561)
18-Dec-2025 09:13:57.180 경고 [Catalina-utility-2] org.apache.catalina.loader.WebappClassLoaderBase.clearReferencesThreads 웹 애플리케이션 [ROOT]이(가) [sysLogScheduler_Worker-4](이)라는 이름의 쓰레드를 시작시킨 것으로 보이지만, 해당 쓰레드를 중지시키지 못했습니다. 이는 메모리 누수를 유발할 가능성이 큽니다. 해당 쓰레드의 스택 트레이스:
 java.base/java.lang.Object.wait0(Native Method)
 java.base/java.lang.Object.wait(Object.java:366)
 org.quartz.simpl.SimpleThreadPool$WorkerThread.run(SimpleThreadPool.java:561)
18-Dec-2025 09:13:57.180 경고 [Catalina-utility-2] org.apache.catalina.loader.WebappClassLoaderBase.clearReferencesThreads 웹 애플리케이션 [ROOT]이(가) [sysLogScheduler_Worker-5](이)라는 이름의 쓰레드를 시작시킨 것으로 보이지만, 해당 쓰레드를 중지시키지 못했습니다. 이는 메모리 누수를 유발할 가능성이 큽니다. 해당 쓰레드의 스택 트레이스:
 java.base/java.lang.Object.wait0(Native Method)
 java.base/java.lang.Object.wait(Object.java:366)
 org.quartz.simpl.SimpleThreadPool$WorkerThread.run(SimpleThreadPool.java:561)
18-Dec-2025 09:13:57.181 경고 [Catalina-utility-2] org.apache.catalina.loader.WebappClassLoaderBase.clearReferencesThreads 웹 애플리케이션 [ROOT]이(가) [sysLogScheduler_Worker-6](이)라는 이름의 쓰레드를 시작시킨 것으로 보이지만, 해당 쓰레드를 중지시키지 못했습니다. 이는 메모리 누수를 유발할 가능성이 큽니다. 해당 쓰레드의 스택 트레이스:
 java.base/java.lang.Object.wait0(Native Method)
 java.base/java.lang.Object.wait(Object.java:366)
 org.quartz.simpl.SimpleThreadPool$WorkerThread.run(SimpleThreadPool.java:561)
18-Dec-2025 09:13:57.181 경고 [Catalina-utility-2] org.apache.catalina.loader.WebappClassLoaderBase.clearReferencesThreads 웹 애플리케이션 [ROOT]이(가) [sysLogScheduler_Worker-7](이)라는 이름의 쓰레드를 시작시킨 것으로 보이지만, 해당 쓰레드를 중지시키지 못했습니다. 이는 메모리 누수를 유발할 가능성이 큽니다. 해당 쓰레드의 스택 트레이스:
 java.base/java.lang.Object.wait0(Native Method)
 java.base/java.lang.Object.wait(Object.java:366)
 org.quartz.simpl.SimpleThreadPool$WorkerThread.run(SimpleThreadPool.java:561)
18-Dec-2025 09:13:57.181 경고 [Catalina-utility-2] org.apache.catalina.loader.WebappClassLoaderBase.clearReferencesThreads 웹 애플리케이션 [ROOT]이(가) [sysLogScheduler_Worker-8](이)라는 이름의 쓰레드를 시작시킨 것으로 보이지만, 해당 쓰레드를 중지시키지 못했습니다. 이는 메모리 누수를 유발할 가능성이 큽니다. 해당 쓰레드의 스택 트레이스:
 java.base/java.lang.Object.wait0(Native Method)
 java.base/java.lang.Object.wait(Object.java:366)
 org.quartz.simpl.SimpleThreadPool$WorkerThread.run(SimpleThreadPool.java:561)
18-Dec-2025 09:13:57.182 경고 [Catalina-utility-2] org.apache.catalina.loader.WebappClassLoaderBase.clearReferencesThreads 웹 애플리케이션 [ROOT]이(가) [sysLogScheduler_Worker-9](이)라는 이름의 쓰레드를 시작시킨 것으로 보이지만, 해당 쓰레드를 중지시키지 못했습니다. 이는 메모리 누수를 유발할 가능성이 큽니다. 해당 쓰레드의 스택 트레이스:
 java.base/java.lang.Object.wait0(Native Method)
 java.base/java.lang.Object.wait(Object.java:366)
 org.quartz.simpl.SimpleThreadPool$WorkerThread.run(SimpleThreadPool.java:561)
18-Dec-2025 09:13:57.183 경고 [Catalina-utility-2] org.apache.catalina.loader.WebappClassLoaderBase.clearReferencesThreads 웹 애플리케이션 [ROOT]이(가) [sysLogScheduler_Worker-10](이)라는 이름의 쓰레드를 시작시킨 것으로 보이지만, 해당 쓰레드를 중지시키지 못했습니다. 이는 메모리 누수를 유발할 가능성이 큽니다. 해당 쓰레드의 스택 트레이스:
 java.base/java.lang.Object.wait0(Native Method)
 java.base/java.lang.Object.wait(Object.java:366)
 org.quartz.simpl.SimpleThreadPool$WorkerThread.run(SimpleThreadPool.java:561)
18-Dec-2025 09:13:57.192 정보 [Catalina-utility-2] org.apache.catalina.startup.HostConfig.deployWAR 웹 애플리케이션 아카이브 [D:\project\egov-enterprise\apache-tomcat-10.1.50\apache-tomcat-10.1.50\webapps\ROOT.war]의 배치가 [22,055] 밀리초에 완료되었습니다.
18-Dec-2025 09:18:37.666 정보 [Catalina-utility-1] org.apache.catalina.startup.HostConfig.undeploy 컨텍스트 []의 배치를 제거합니다.
18-Dec-2025 09:18:38.232 정보 [Catalina-utility-1] org.apache.catalina.startup.HostConfig.deployWAR 웹 애플리케이션 아카이브 [D:\project\egov-enterprise\apache-tomcat-10.1.50\apache-tomcat-10.1.50\webapps\ROOT.war]을(를) 배치합니다.
18-Dec-2025 09:18:54.346 정보 [Catalina-utility-1] org.apache.jasper.servlet.TldScanner.scanJars 적어도 하나의 JAR가 TLD들을 찾기 위해 스캔되었으나 아무 것도 찾지 못했습니다. 스캔했으나 TLD가 없는 JAR들의 전체 목록을 보시려면, 로그 레벨을 디버그 레벨로 설정하십시오. 스캔 과정에서 불필요한 JAR들을 건너뛰면, 시스템 시작 시간과 JSP 컴파일 시간을 단축시킬 수 있습니다.
18-Dec-2025 09:18:59.723 정보 [Catalina-utility-1] org.apache.catalina.startup.HostConfig.deployWAR 웹 애플리케이션 아카이브 [D:\project\egov-enterprise\apache-tomcat-10.1.50\apache-tomcat-10.1.50\webapps\ROOT.war]의 배치가 [21,491] 밀리초에 완료되었습니다.
18-Dec-2025 09:20:50.183 정보 [Catalina-utility-2] org.apache.catalina.startup.HostConfig.undeploy 컨텍스트 []의 배치를 제거합니다.
18-Dec-2025 09:20:50.235 경고 [Catalina-utility-2] org.apache.catalina.loader.WebappClassLoaderBase.clearReferencesJdbc 웹 애플리케이션 [ROOT]이(가) JDBC 드라이버 [cubrid.jdbc.driver.CUBRIDDriver]을(를) 등록했지만, 웹 애플리케이션이 중지될 때, 해당 JDBC 드라이버의 등록을 제거하지 못했습니다. 메모리 누수를 방지하기 위하여, 등록을 강제로 제거했습니다.
18-Dec-2025 09:20:50.236 경고 [Catalina-utility-2] org.apache.catalina.loader.WebappClassLoaderBase.clearReferencesThreads 웹 애플리케이션 [ROOT]이(가) [sysLogScheduler_Worker-1](이)라는 이름의 쓰레드를 시작시킨 것으로 보이지만, 해당 쓰레드를 중지시키지 못했습니다. 이는 메모리 누수를 유발할 가능성이 큽니다. 해당 쓰레드의 스택 트레이스:
 java.base/java.lang.Object.wait0(Native Method)
 java.base/java.lang.Object.wait(Object.java:366)
 org.quartz.simpl.SimpleThreadPool$WorkerThread.run(SimpleThreadPool.java:561)
18-Dec-2025 09:20:50.237 경고 [Catalina-utility-2] org.apache.catalina.loader.WebappClassLoaderBase.clearReferencesThreads 웹 애플리케이션 [ROOT]이(가) [sysLogScheduler_Worker-2](이)라는 이름의 쓰레드를 시작시킨 것으로 보이지만, 해당 쓰레드를 중지시키지 못했습니다. 이는 메모리 누수를 유발할 가능성이 큽니다. 해당 쓰레드의 스택 트레이스:
 java.base/java.lang.Object.wait0(Native Method)
 java.base/java.lang.Object.wait(Object.java:366)
 org.quartz.simpl.SimpleThreadPool$WorkerThread.run(SimpleThreadPool.java:561)
18-Dec-2025 09:20:50.237 경고 [Catalina-utility-2] org.apache.catalina.loader.WebappClassLoaderBase.clearReferencesThreads 웹 애플리케이션 [ROOT]이(가) [sysLogScheduler_Worker-3](이)라는 이름의 쓰레드를 시작시킨 것으로 보이지만, 해당 쓰레드를 중지시키지 못했습니다. 이는 메모리 누수를 유발할 가능성이 큽니다. 해당 쓰레드의 스택 트레이스:
 java.base/java.lang.Object.wait0(Native Method)
 java.base/java.lang.Object.wait(Object.java:366)
 org.quartz.simpl.SimpleThreadPool$WorkerThread.run(SimpleThreadPool.java:561)
18-Dec-2025 09:20:50.238 경고 [Catalina-utility-2] org.apache.catalina.loader.WebappClassLoaderBase.clearReferencesThreads 웹 애플리케이션 [ROOT]이(가) [sysLogScheduler_Worker-4](이)라는 이름의 쓰레드를 시작시킨 것으로 보이지만, 해당 쓰레드를 중지시키지 못했습니다. 이는 메모리 누수를 유발할 가능성이 큽니다. 해당 쓰레드의 스택 트레이스:
 java.base/java.lang.Object.wait0(Native Method)
 java.base/java.lang.Object.wait(Object.java:366)
 org.quartz.simpl.SimpleThreadPool$WorkerThread.run(SimpleThreadPool.java:561)
18-Dec-2025 09:20:50.238 경고 [Catalina-utility-2] org.apache.catalina.loader.WebappClassLoaderBase.clearReferencesThreads 웹 애플리케이션 [ROOT]이(가) [sysLogScheduler_Worker-5](이)라는 이름의 쓰레드를 시작시킨 것으로 보이지만, 해당 쓰레드를 중지시키지 못했습니다. 이는 메모리 누수를 유발할 가능성이 큽니다. 해당 쓰레드의 스택 트레이스:
 java.base/java.lang.Object.wait0(Native Method)
 java.base/java.lang.Object.wait(Object.java:366)
 org.quartz.simpl.SimpleThreadPool$WorkerThread.run(SimpleThreadPool.java:561)
18-Dec-2025 09:20:50.238 경고 [Catalina-utility-2] org.apache.catalina.loader.WebappClassLoaderBase.clearReferencesThreads 웹 애플리케이션 [ROOT]이(가) [sysLogScheduler_Worker-6](이)라는 이름의 쓰레드를 시작시킨 것으로 보이지만, 해당 쓰레드를 중지시키지 못했습니다. 이는 메모리 누수를 유발할 가능성이 큽니다. 해당 쓰레드의 스택 트레이스:
 java.base/java.lang.Object.wait0(Native Method)
 java.base/java.lang.Object.wait(Object.java:366)
 org.quartz.simpl.SimpleThreadPool$WorkerThread.run(SimpleThreadPool.java:561)
18-Dec-2025 09:20:50.239 경고 [Catalina-utility-2] org.apache.catalina.loader.WebappClassLoaderBase.clearReferencesThreads 웹 애플리케이션 [ROOT]이(가) [sysLogScheduler_Worker-7](이)라는 이름의 쓰레드를 시작시킨 것으로 보이지만, 해당 쓰레드를 중지시키지 못했습니다. 이는 메모리 누수를 유발할 가능성이 큽니다. 해당 쓰레드의 스택 트레이스:
 java.base/java.lang.Object.wait0(Native Method)
 java.base/java.lang.Object.wait(Object.java:366)
 org.quartz.simpl.SimpleThreadPool$WorkerThread.run(SimpleThreadPool.java:561)
18-Dec-2025 09:20:50.239 경고 [Catalina-utility-2] org.apache.catalina.loader.WebappClassLoaderBase.clearReferencesThreads 웹 애플리케이션 [ROOT]이(가) [sysLogScheduler_Worker-8](이)라는 이름의 쓰레드를 시작시킨 것으로 보이지만, 해당 쓰레드를 중지시키지 못했습니다. 이는 메모리 누수를 유발할 가능성이 큽니다. 해당 쓰레드의 스택 트레이스:
 java.base/java.lang.Object.wait0(Native Method)
 java.base/java.lang.Object.wait(Object.java:366)
 org.quartz.simpl.SimpleThreadPool$WorkerThread.run(SimpleThreadPool.java:561)
18-Dec-2025 09:20:50.240 경고 [Catalina-utility-2] org.apache.catalina.loader.WebappClassLoaderBase.clearReferencesThreads 웹 애플리케이션 [ROOT]이(가) [sysLogScheduler_Worker-9](이)라는 이름의 쓰레드를 시작시킨 것으로 보이지만, 해당 쓰레드를 중지시키지 못했습니다. 이는 메모리 누수를 유발할 가능성이 큽니다. 해당 쓰레드의 스택 트레이스:
 java.base/java.lang.Object.wait0(Native Method)
 java.base/java.lang.Object.wait(Object.java:366)
 org.quartz.simpl.SimpleThreadPool$WorkerThread.run(SimpleThreadPool.java:561)
18-Dec-2025 09:20:50.240 경고 [Catalina-utility-2] org.apache.catalina.loader.WebappClassLoaderBase.clearReferencesThreads 웹 애플리케이션 [ROOT]이(가) [sysLogScheduler_Worker-10](이)라는 이름의 쓰레드를 시작시킨 것으로 보이지만, 해당 쓰레드를 중지시키지 못했습니다. 이는 메모리 누수를 유발할 가능성이 큽니다. 해당 쓰레드의 스택 트레이스:
 java.base/java.lang.Object.wait0(Native Method)
 java.base/java.lang.Object.wait(Object.java:366)
 org.quartz.simpl.SimpleThreadPool$WorkerThread.run(SimpleThreadPool.java:561)
18-Dec-2025 09:20:50.965 정보 [Catalina-utility-2] org.apache.catalina.startup.HostConfig.deployWAR 웹 애플리케이션 아카이브 [D:\project\egov-enterprise\apache-tomcat-10.1.50\apache-tomcat-10.1.50\webapps\ROOT.war]을(를) 배치합니다.
18-Dec-2025 09:21:13.455 정보 [Catalina-utility-2] org.apache.jasper.servlet.TldScanner.scanJars 적어도 하나의 JAR가 TLD들을 찾기 위해 스캔되었으나 아무 것도 찾지 못했습니다. 스캔했으나 TLD가 없는 JAR들의 전체 목록을 보시려면, 로그 레벨을 디버그 레벨로 설정하십시오. 스캔 과정에서 불필요한 JAR들을 건너뛰면, 시스템 시작 시간과 JSP 컴파일 시간을 단축시킬 수 있습니다.
18-Dec-2025 09:21:20.165 정보 [Catalina-utility-2] org.apache.catalina.startup.HostConfig.deployWAR 웹 애플리케이션 아카이브 [D:\project\egov-enterprise\apache-tomcat-10.1.50\apache-tomcat-10.1.50\webapps\ROOT.war]의 배치가 [29,200] 밀리초에 완료되었습니다.
18-Dec-2025 09:26:41.277 정보 [Catalina-utility-2] org.apache.catalina.startup.HostConfig.undeploy 컨텍스트 []의 배치를 제거합니다.
18-Dec-2025 09:26:41.309 경고 [Catalina-utility-2] org.apache.catalina.loader.WebappClassLoaderBase.clearReferencesJdbc 웹 애플리케이션 [ROOT]이(가) JDBC 드라이버 [cubrid.jdbc.driver.CUBRIDDriver]을(를) 등록했지만, 웹 애플리케이션이 중지될 때, 해당 JDBC 드라이버의 등록을 제거하지 못했습니다. 메모리 누수를 방지하기 위하여, 등록을 강제로 제거했습니다.
18-Dec-2025 09:26:41.310 경고 [Catalina-utility-2] org.apache.catalina.loader.WebappClassLoaderBase.clearReferencesThreads 웹 애플리케이션 [ROOT]이(가) [sysLogScheduler_Worker-1](이)라는 이름의 쓰레드를 시작시킨 것으로 보이지만, 해당 쓰레드를 중지시키지 못했습니다. 이는 메모리 누수를 유발할 가능성이 큽니다. 해당 쓰레드의 스택 트레이스:
 java.base/java.lang.Object.wait0(Native Method)
 java.base/java.lang.Object.wait(Object.java:366)
 org.quartz.simpl.SimpleThreadPool$WorkerThread.run(SimpleThreadPool.java:561)
18-Dec-2025 09:26:41.312 경고 [Catalina-utility-2] org.apache.catalina.loader.WebappClassLoaderBase.clearReferencesThreads 웹 애플리케이션 [ROOT]이(가) [sysLogScheduler_Worker-2](이)라는 이름의 쓰레드를 시작시킨 것으로 보이지만, 해당 쓰레드를 중지시키지 못했습니다. 이는 메모리 누수를 유발할 가능성이 큽니다. 해당 쓰레드의 스택 트레이스:
 java.base/java.lang.Object.wait0(Native Method)
 java.base/java.lang.Object.wait(Object.java:366)
 org.quartz.simpl.SimpleThreadPool$WorkerThread.run(SimpleThreadPool.java:561)
18-Dec-2025 09:26:41.312 경고 [Catalina-utility-2] org.apache.catalina.loader.WebappClassLoaderBase.clearReferencesThreads 웹 애플리케이션 [ROOT]이(가) [sysLogScheduler_Worker-3](이)라는 이름의 쓰레드를 시작시킨 것으로 보이지만, 해당 쓰레드를 중지시키지 못했습니다. 이는 메모리 누수를 유발할 가능성이 큽니다. 해당 쓰레드의 스택 트레이스:
 java.base/java.lang.Object.wait0(Native Method)
 java.base/java.lang.Object.wait(Object.java:366)
 org.quartz.simpl.SimpleThreadPool$WorkerThread.run(SimpleThreadPool.java:561)
18-Dec-2025 09:26:41.312 경고 [Catalina-utility-2] org.apache.catalina.loader.WebappClassLoaderBase.clearReferencesThreads 웹 애플리케이션 [ROOT]이(가) [sysLogScheduler_Worker-4](이)라는 이름의 쓰레드를 시작시킨 것으로 보이지만, 해당 쓰레드를 중지시키지 못했습니다. 이는 메모리 누수를 유발할 가능성이 큽니다. 해당 쓰레드의 스택 트레이스:
 java.base/java.lang.Object.wait0(Native Method)
 java.base/java.lang.Object.wait(Object.java:366)
 org.quartz.simpl.SimpleThreadPool$WorkerThread.run(SimpleThreadPool.java:561)
18-Dec-2025 09:26:41.312 경고 [Catalina-utility-2] org.apache.catalina.loader.WebappClassLoaderBase.clearReferencesThreads 웹 애플리케이션 [ROOT]이(가) [sysLogScheduler_Worker-5](이)라는 이름의 쓰레드를 시작시킨 것으로 보이지만, 해당 쓰레드를 중지시키지 못했습니다. 이는 메모리 누수를 유발할 가능성이 큽니다. 해당 쓰레드의 스택 트레이스:
 java.base/java.lang.Object.wait0(Native Method)
 java.base/java.lang.Object.wait(Object.java:366)
 org.quartz.simpl.SimpleThreadPool$WorkerThread.run(SimpleThreadPool.java:561)
18-Dec-2025 09:26:41.313 경고 [Catalina-utility-2] org.apache.catalina.loader.WebappClassLoaderBase.clearReferencesThreads 웹 애플리케이션 [ROOT]이(가) [sysLogScheduler_Worker-6](이)라는 이름의 쓰레드를 시작시킨 것으로 보이지만, 해당 쓰레드를 중지시키지 못했습니다. 이는 메모리 누수를 유발할 가능성이 큽니다. 해당 쓰레드의 스택 트레이스:
 java.base/java.lang.Object.wait0(Native Method)
 java.base/java.lang.Object.wait(Object.java:366)
 org.quartz.simpl.SimpleThreadPool$WorkerThread.run(SimpleThreadPool.java:561)
18-Dec-2025 09:26:41.313 경고 [Catalina-utility-2] org.apache.catalina.loader.WebappClassLoaderBase.clearReferencesThreads 웹 애플리케이션 [ROOT]이(가) [sysLogScheduler_Worker-7](이)라는 이름의 쓰레드를 시작시킨 것으로 보이지만, 해당 쓰레드를 중지시키지 못했습니다. 이는 메모리 누수를 유발할 가능성이 큽니다. 해당 쓰레드의 스택 트레이스:
 java.base/java.lang.Object.wait0(Native Method)
 java.base/java.lang.Object.wait(Object.java:366)
 org.quartz.simpl.SimpleThreadPool$WorkerThread.run(SimpleThreadPool.java:561)
18-Dec-2025 09:26:41.313 경고 [Catalina-utility-2] org.apache.catalina.loader.WebappClassLoaderBase.clearReferencesThreads 웹 애플리케이션 [ROOT]이(가) [sysLogScheduler_Worker-8](이)라는 이름의 쓰레드를 시작시킨 것으로 보이지만, 해당 쓰레드를 중지시키지 못했습니다. 이는 메모리 누수를 유발할 가능성이 큽니다. 해당 쓰레드의 스택 트레이스:
 java.base/java.lang.Object.wait0(Native Method)
 java.base/java.lang.Object.wait(Object.java:366)
 org.quartz.simpl.SimpleThreadPool$WorkerThread.run(SimpleThreadPool.java:561)
18-Dec-2025 09:26:41.314 경고 [Catalina-utility-2] org.apache.catalina.loader.WebappClassLoaderBase.clearReferencesThreads 웹 애플리케이션 [ROOT]이(가) [sysLogScheduler_Worker-9](이)라는 이름의 쓰레드를 시작시킨 것으로 보이지만, 해당 쓰레드를 중지시키지 못했습니다. 이는 메모리 누수를 유발할 가능성이 큽니다. 해당 쓰레드의 스택 트레이스:
 java.base/java.lang.Object.wait0(Native Method)
 java.base/java.lang.Object.wait(Object.java:366)
 org.quartz.simpl.SimpleThreadPool$WorkerThread.run(SimpleThreadPool.java:561)
18-Dec-2025 09:26:41.314 경고 [Catalina-utility-2] org.apache.catalina.loader.WebappClassLoaderBase.clearReferencesThreads 웹 애플리케이션 [ROOT]이(가) [sysLogScheduler_Worker-10](이)라는 이름의 쓰레드를 시작시킨 것으로 보이지만, 해당 쓰레드를 중지시키지 못했습니다. 이는 메모리 누수를 유발할 가능성이 큽니다. 해당 쓰레드의 스택 트레이스:
 java.base/java.lang.Object.wait0(Native Method)
 java.base/java.lang.Object.wait(Object.java:366)
 org.quartz.simpl.SimpleThreadPool$WorkerThread.run(SimpleThreadPool.java:561)
18-Dec-2025 09:26:41.570 정보 [Catalina-utility-2] org.apache.catalina.startup.HostConfig.deployWAR 웹 애플리케이션 아카이브 [D:\project\egov-enterprise\apache-tomcat-10.1.50\apache-tomcat-10.1.50\webapps\ROOT.war]을(를) 배치합니다.
18-Dec-2025 09:26:55.087 정보 [Catalina-utility-2] org.apache.jasper.servlet.TldScanner.scanJars 적어도 하나의 JAR가 TLD들을 찾기 위해 스캔되었으나 아무 것도 찾지 못했습니다. 스캔했으나 TLD가 없는 JAR들의 전체 목록을 보시려면, 로그 레벨을 디버그 레벨로 설정하십시오. 스캔 과정에서 불필요한 JAR들을 건너뛰면, 시스템 시작 시간과 JSP 컴파일 시간을 단축시킬 수 있습니다.
18-Dec-2025 09:27:03.474 정보 [Catalina-utility-2] org.apache.catalina.startup.HostConfig.deployWAR 웹 애플리케이션 아카이브 [D:\project\egov-enterprise\apache-tomcat-10.1.50\apache-tomcat-10.1.50\webapps\ROOT.war]의 배치가 [21,903] 밀리초에 완료되었습니다.
18-Dec-2025 09:41:45.821 정보 [Catalina-utility-2] org.apache.catalina.startup.HostConfig.undeploy 컨텍스트 []의 배치를 제거합니다.
18-Dec-2025 09:41:45.868 경고 [Catalina-utility-2] org.apache.catalina.loader.WebappClassLoaderBase.clearReferencesJdbc 웹 애플리케이션 [ROOT]이(가) JDBC 드라이버 [cubrid.jdbc.driver.CUBRIDDriver]을(를) 등록했지만, 웹 애플리케이션이 중지될 때, 해당 JDBC 드라이버의 등록을 제거하지 못했습니다. 메모리 누수를 방지하기 위하여, 등록을 강제로 제거했습니다.
18-Dec-2025 09:41:45.869 경고 [Catalina-utility-2] org.apache.catalina.loader.WebappClassLoaderBase.clearReferencesThreads 웹 애플리케이션 [ROOT]이(가) [sysLogScheduler_Worker-1](이)라는 이름의 쓰레드를 시작시킨 것으로 보이지만, 해당 쓰레드를 중지시키지 못했습니다. 이는 메모리 누수를 유발할 가능성이 큽니다. 해당 쓰레드의 스택 트레이스:
 java.base/java.lang.Object.wait0(Native Method)
 java.base/java.lang.Object.wait(Object.java:366)
 org.quartz.simpl.SimpleThreadPool$WorkerThread.run(SimpleThreadPool.java:561)
18-Dec-2025 09:41:45.870 경고 [Catalina-utility-2] org.apache.catalina.loader.WebappClassLoaderBase.clearReferencesThreads 웹 애플리케이션 [ROOT]이(가) [sysLogScheduler_Worker-2](이)라는 이름의 쓰레드를 시작시킨 것으로 보이지만, 해당 쓰레드를 중지시키지 못했습니다. 이는 메모리 누수를 유발할 가능성이 큽니다. 해당 쓰레드의 스택 트레이스:
 java.base/java.lang.Object.wait0(Native Method)
 java.base/java.lang.Object.wait(Object.java:366)
 org.quartz.simpl.SimpleThreadPool$WorkerThread.run(SimpleThreadPool.java:561)
18-Dec-2025 09:41:45.870 경고 [Catalina-utility-2] org.apache.catalina.loader.WebappClassLoaderBase.clearReferencesThreads 웹 애플리케이션 [ROOT]이(가) [sysLogScheduler_Worker-3](이)라는 이름의 쓰레드를 시작시킨 것으로 보이지만, 해당 쓰레드를 중지시키지 못했습니다. 이는 메모리 누수를 유발할 가능성이 큽니다. 해당 쓰레드의 스택 트레이스:
 java.base/java.lang.Object.wait0(Native Method)
 java.base/java.lang.Object.wait(Object.java:366)
 org.quartz.simpl.SimpleThreadPool$WorkerThread.run(SimpleThreadPool.java:561)
18-Dec-2025 09:41:45.870 경고 [Catalina-utility-2] org.apache.catalina.loader.WebappClassLoaderBase.clearReferencesThreads 웹 애플리케이션 [ROOT]이(가) [sysLogScheduler_Worker-4](이)라는 이름의 쓰레드를 시작시킨 것으로 보이지만, 해당 쓰레드를 중지시키지 못했습니다. 이는 메모리 누수를 유발할 가능성이 큽니다. 해당 쓰레드의 스택 트레이스:
 java.base/java.lang.Object.wait0(Native Method)
 java.base/java.lang.Object.wait(Object.java:366)
 org.quartz.simpl.SimpleThreadPool$WorkerThread.run(SimpleThreadPool.java:561)
18-Dec-2025 09:41:45.870 경고 [Catalina-utility-2] org.apache.catalina.loader.WebappClassLoaderBase.clearReferencesThreads 웹 애플리케이션 [ROOT]이(가) [sysLogScheduler_Worker-5](이)라는 이름의 쓰레드를 시작시킨 것으로 보이지만, 해당 쓰레드를 중지시키지 못했습니다. 이는 메모리 누수를 유발할 가능성이 큽니다. 해당 쓰레드의 스택 트레이스:
 java.base/java.lang.Object.wait0(Native Method)
 java.base/java.lang.Object.wait(Object.java:366)
 org.quartz.simpl.SimpleThreadPool$WorkerThread.run(SimpleThreadPool.java:561)
18-Dec-2025 09:41:45.871 경고 [Catalina-utility-2] org.apache.catalina.loader.WebappClassLoaderBase.clearReferencesThreads 웹 애플리케이션 [ROOT]이(가) [sysLogScheduler_Worker-6](이)라는 이름의 쓰레드를 시작시킨 것으로 보이지만, 해당 쓰레드를 중지시키지 못했습니다. 이는 메모리 누수를 유발할 가능성이 큽니다. 해당 쓰레드의 스택 트레이스:
 java.base/java.lang.Object.wait0(Native Method)
 java.base/java.lang.Object.wait(Object.java:366)
 org.quartz.simpl.SimpleThreadPool$WorkerThread.run(SimpleThreadPool.java:561)
18-Dec-2025 09:41:45.871 경고 [Catalina-utility-2] org.apache.catalina.loader.WebappClassLoaderBase.clearReferencesThreads 웹 애플리케이션 [ROOT]이(가) [sysLogScheduler_Worker-7](이)라는 이름의 쓰레드를 시작시킨 것으로 보이지만, 해당 쓰레드를 중지시키지 못했습니다. 이는 메모리 누수를 유발할 가능성이 큽니다. 해당 쓰레드의 스택 트레이스:
 java.base/java.lang.Object.wait0(Native Method)
 java.base/java.lang.Object.wait(Object.java:366)
 org.quartz.simpl.SimpleThreadPool$WorkerThread.run(SimpleThreadPool.java:561)
18-Dec-2025 09:41:45.871 경고 [Catalina-utility-2] org.apache.catalina.loader.WebappClassLoaderBase.clearReferencesThreads 웹 애플리케이션 [ROOT]이(가) [sysLogScheduler_Worker-8](이)라는 이름의 쓰레드를 시작시킨 것으로 보이지만, 해당 쓰레드를 중지시키지 못했습니다. 이는 메모리 누수를 유발할 가능성이 큽니다. 해당 쓰레드의 스택 트레이스:
 java.base/java.lang.Object.wait0(Native Method)
 java.base/java.lang.Object.wait(Object.java:366)
 org.quartz.simpl.SimpleThreadPool$WorkerThread.run(SimpleThreadPool.java:561)
18-Dec-2025 09:41:45.873 경고 [Catalina-utility-2] org.apache.catalina.loader.WebappClassLoaderBase.clearReferencesThreads 웹 애플리케이션 [ROOT]이(가) [sysLogScheduler_Worker-9](이)라는 이름의 쓰레드를 시작시킨 것으로 보이지만, 해당 쓰레드를 중지시키지 못했습니다. 이는 메모리 누수를 유발할 가능성이 큽니다. 해당 쓰레드의 스택 트레이스:
 java.base/java.lang.Object.wait0(Native Method)
 java.base/java.lang.Object.wait(Object.java:366)
 org.quartz.simpl.SimpleThreadPool$WorkerThread.run(SimpleThreadPool.java:561)
18-Dec-2025 09:41:45.873 경고 [Catalina-utility-2] org.apache.catalina.loader.WebappClassLoaderBase.clearReferencesThreads 웹 애플리케이션 [ROOT]이(가) [sysLogScheduler_Worker-10](이)라는 이름의 쓰레드를 시작시킨 것으로 보이지만, 해당 쓰레드를 중지시키지 못했습니다. 이는 메모리 누수를 유발할 가능성이 큽니다. 해당 쓰레드의 스택 트레이스:
 java.base/java.lang.Object.wait0(Native Method)
 java.base/java.lang.Object.wait(Object.java:366)
 org.quartz.simpl.SimpleThreadPool$WorkerThread.run(SimpleThreadPool.java:561)
18-Dec-2025 09:41:46.146 정보 [Catalina-utility-2] org.apache.catalina.startup.HostConfig.deployWAR 웹 애플리케이션 아카이브 [D:\project\egov-enterprise\apache-tomcat-10.1.50\apache-tomcat-10.1.50\webapps\ROOT.war]을(를) 배치합니다.
18-Dec-2025 09:42:01.375 정보 [Catalina-utility-2] org.apache.jasper.servlet.TldScanner.scanJars 적어도 하나의 JAR가 TLD들을 찾기 위해 스캔되었으나 아무 것도 찾지 못했습니다. 스캔했으나 TLD가 없는 JAR들의 전체 목록을 보시려면, 로그 레벨을 디버그 레벨로 설정하십시오. 스캔 과정에서 불필요한 JAR들을 건너뛰면, 시스템 시작 시간과 JSP 컴파일 시간을 단축시킬 수 있습니다.
18-Dec-2025 09:42:03.295 심각 [Catalina-utility-2] org.apache.catalina.core.StandardContext.startInternal 하나 이상의 리스너들이 시작하지 못했습니다. 상세 내역은 적절한 컨테이너 로그 파일에서 찾을 수 있습니다.
18-Dec-2025 09:42:03.297 심각 [Catalina-utility-2] org.apache.catalina.core.StandardContext.startInternal 이전 오류들로 인해 컨텍스트 []의 시작이 실패했습니다.
18-Dec-2025 09:42:03.406 정보 [Thread-24] org.apache.catalina.loader.WebappClassLoaderBase.checkStateForResourceLoading 불허되는 접근: 이 웹 애플리케이션 인스턴스는 이미 중지되었습니다. [cubrid.jdbc.jci.UJciException]을(를) 로드할 수 없습니다. 디버그 목적 및 불허되는 접근을 발생시킨 해당 쓰레드를 종료시키기 위한 시도로서, 다음 스택 트레이스가 생성됩니다.
	java.lang.IllegalStateException: 불허되는 접근: 이 웹 애플리케이션 인스턴스는 이미 중지되었습니다. [cubrid.jdbc.jci.UJciException]을(를) 로드할 수 없습니다. 디버그 목적 및 불허되는 접근을 발생시킨 해당 쓰레드를 종료시키기 위한 시도로서, 다음 스택 트레이스가 생성됩니다.
		at org.apache.catalina.loader.WebappClassLoaderBase.checkStateForResourceLoading(WebappClassLoaderBase.java:1396)
		at org.apache.catalina.loader.WebappClassLoaderBase.checkStateForClassLoading(WebappClassLoaderBase.java:1385)
		at org.apache.catalina.loader.WebappClassLoaderBase.loadClass(WebappClassLoaderBase.java:1219)
		at org.apache.catalina.loader.WebappClassLoaderBase.loadClass(WebappClassLoaderBase.java:1186)
		at cubrid.jdbc.jci.BrokerHealthCheck.run(BrokerHealthCheck.java:41)
		at java.base/java.lang.Thread.run(Thread.java:1583)
18-Dec-2025 09:42:03.414 정보 [Catalina-utility-2] org.apache.catalina.startup.HostConfig.deployWAR 웹 애플리케이션 아카이브 [D:\project\egov-enterprise\apache-tomcat-10.1.50\apache-tomcat-10.1.50\webapps\ROOT.war]의 배치가 [17,268] 밀리초에 완료되었습니다.
18-Dec-2025 09:44:03.757 정보 [Catalina-utility-2] org.apache.catalina.startup.HostConfig.undeploy 컨텍스트 []의 배치를 제거합니다.
18-Dec-2025 09:44:04.309 정보 [Catalina-utility-2] org.apache.catalina.startup.HostConfig.deployWAR 웹 애플리케이션 아카이브 [D:\project\egov-enterprise\apache-tomcat-10.1.50\apache-tomcat-10.1.50\webapps\ROOT.war]을(를) 배치합니다.
18-Dec-2025 09:44:25.405 정보 [Catalina-utility-2] org.apache.jasper.servlet.TldScanner.scanJars 적어도 하나의 JAR가 TLD들을 찾기 위해 스캔되었으나 아무 것도 찾지 못했습니다. 스캔했으나 TLD가 없는 JAR들의 전체 목록을 보시려면, 로그 레벨을 디버그 레벨로 설정하십시오. 스캔 과정에서 불필요한 JAR들을 건너뛰면, 시스템 시작 시간과 JSP 컴파일 시간을 단축시킬 수 있습니다.
18-Dec-2025 09:44:35.021 심각 [Catalina-utility-2] org.apache.catalina.core.StandardContext.startInternal 하나 이상의 리스너들이 시작하지 못했습니다. 상세 내역은 적절한 컨테이너 로그 파일에서 찾을 수 있습니다.
18-Dec-2025 09:44:35.023 심각 [Catalina-utility-2] org.apache.catalina.core.StandardContext.startInternal 이전 오류들로 인해 컨텍스트 []의 시작이 실패했습니다.
18-Dec-2025 09:44:35.072 경고 [Catalina-utility-2] org.apache.catalina.loader.WebappClassLoaderBase.clearReferencesJdbc 웹 애플리케이션 [ROOT]이(가) JDBC 드라이버 [cubrid.jdbc.driver.CUBRIDDriver]을(를) 등록했지만, 웹 애플리케이션이 중지될 때, 해당 JDBC 드라이버의 등록을 제거하지 못했습니다. 메모리 누수를 방지하기 위하여, 등록을 강제로 제거했습니다.
18-Dec-2025 09:44:35.074 경고 [Catalina-utility-2] org.apache.catalina.loader.WebappClassLoaderBase.clearReferencesThreads 웹 애플리케이션 [ROOT]이(가) [sysLogScheduler_Worker-1](이)라는 이름의 쓰레드를 시작시킨 것으로 보이지만, 해당 쓰레드를 중지시키지 못했습니다. 이는 메모리 누수를 유발할 가능성이 큽니다. 해당 쓰레드의 스택 트레이스:
 java.base/java.lang.Object.wait0(Native Method)
 java.base/java.lang.Object.wait(Object.java:366)
 org.quartz.simpl.SimpleThreadPool$WorkerThread.run(SimpleThreadPool.java:561)
18-Dec-2025 09:44:35.074 경고 [Catalina-utility-2] org.apache.catalina.loader.WebappClassLoaderBase.clearReferencesThreads 웹 애플리케이션 [ROOT]이(가) [sysLogScheduler_Worker-2](이)라는 이름의 쓰레드를 시작시킨 것으로 보이지만, 해당 쓰레드를 중지시키지 못했습니다. 이는 메모리 누수를 유발할 가능성이 큽니다. 해당 쓰레드의 스택 트레이스:
 java.base/java.lang.Object.wait0(Native Method)
 java.base/java.lang.Object.wait(Object.java:366)
 org.quartz.simpl.SimpleThreadPool$WorkerThread.run(SimpleThreadPool.java:561)
18-Dec-2025 09:44:35.074 경고 [Catalina-utility-2] org.apache.catalina.loader.WebappClassLoaderBase.clearReferencesThreads 웹 애플리케이션 [ROOT]이(가) [sysLogScheduler_Worker-3](이)라는 이름의 쓰레드를 시작시킨 것으로 보이지만, 해당 쓰레드를 중지시키지 못했습니다. 이는 메모리 누수를 유발할 가능성이 큽니다. 해당 쓰레드의 스택 트레이스:
 java.base/java.lang.Object.wait0(Native Method)
 java.base/java.lang.Object.wait(Object.java:366)
 org.quartz.simpl.SimpleThreadPool$WorkerThread.run(SimpleThreadPool.java:561)
18-Dec-2025 09:44:35.076 경고 [Catalina-utility-2] org.apache.catalina.loader.WebappClassLoaderBase.clearReferencesThreads 웹 애플리케이션 [ROOT]이(가) [sysLogScheduler_Worker-4](이)라는 이름의 쓰레드를 시작시킨 것으로 보이지만, 해당 쓰레드를 중지시키지 못했습니다. 이는 메모리 누수를 유발할 가능성이 큽니다. 해당 쓰레드의 스택 트레이스:
 java.base/java.lang.Object.wait0(Native Method)
 java.base/java.lang.Object.wait(Object.java:366)
 org.quartz.simpl.SimpleThreadPool$WorkerThread.run(SimpleThreadPool.java:561)
18-Dec-2025 09:44:35.077 경고 [Catalina-utility-2] org.apache.catalina.loader.WebappClassLoaderBase.clearReferencesThreads 웹 애플리케이션 [ROOT]이(가) [sysLogScheduler_Worker-5](이)라는 이름의 쓰레드를 시작시킨 것으로 보이지만, 해당 쓰레드를 중지시키지 못했습니다. 이는 메모리 누수를 유발할 가능성이 큽니다. 해당 쓰레드의 스택 트레이스:
 java.base/java.lang.Object.wait0(Native Method)
 java.base/java.lang.Object.wait(Object.java:366)
 org.quartz.simpl.SimpleThreadPool$WorkerThread.run(SimpleThreadPool.java:561)
18-Dec-2025 09:44:35.077 경고 [Catalina-utility-2] org.apache.catalina.loader.WebappClassLoaderBase.clearReferencesThreads 웹 애플리케이션 [ROOT]이(가) [sysLogScheduler_Worker-6](이)라는 이름의 쓰레드를 시작시킨 것으로 보이지만, 해당 쓰레드를 중지시키지 못했습니다. 이는 메모리 누수를 유발할 가능성이 큽니다. 해당 쓰레드의 스택 트레이스:
 java.base/java.lang.Object.wait0(Native Method)
 java.base/java.lang.Object.wait(Object.java:366)
 org.quartz.simpl.SimpleThreadPool$WorkerThread.run(SimpleThreadPool.java:561)
18-Dec-2025 09:44:35.077 경고 [Catalina-utility-2] org.apache.catalina.loader.WebappClassLoaderBase.clearReferencesThreads 웹 애플리케이션 [ROOT]이(가) [sysLogScheduler_Worker-7](이)라는 이름의 쓰레드를 시작시킨 것으로 보이지만, 해당 쓰레드를 중지시키지 못했습니다. 이는 메모리 누수를 유발할 가능성이 큽니다. 해당 쓰레드의 스택 트레이스:
 java.base/java.lang.Object.wait0(Native Method)
 java.base/java.lang.Object.wait(Object.java:366)
 org.quartz.simpl.SimpleThreadPool$WorkerThread.run(SimpleThreadPool.java:561)
18-Dec-2025 09:44:35.077 경고 [Catalina-utility-2] org.apache.catalina.loader.WebappClassLoaderBase.clearReferencesThreads 웹 애플리케이션 [ROOT]이(가) [sysLogScheduler_Worker-8](이)라는 이름의 쓰레드를 시작시킨 것으로 보이지만, 해당 쓰레드를 중지시키지 못했습니다. 이는 메모리 누수를 유발할 가능성이 큽니다. 해당 쓰레드의 스택 트레이스:
 java.base/java.lang.Object.wait0(Native Method)
 java.base/java.lang.Object.wait(Object.java:366)
 org.quartz.simpl.SimpleThreadPool$WorkerThread.run(SimpleThreadPool.java:561)
18-Dec-2025 09:44:35.077 경고 [Catalina-utility-2] org.apache.catalina.loader.WebappClassLoaderBase.clearReferencesThreads 웹 애플리케이션 [ROOT]이(가) [sysLogScheduler_Worker-9](이)라는 이름의 쓰레드를 시작시킨 것으로 보이지만, 해당 쓰레드를 중지시키지 못했습니다. 이는 메모리 누수를 유발할 가능성이 큽니다. 해당 쓰레드의 스택 트레이스:
 java.base/java.lang.Object.wait0(Native Method)
 java.base/java.lang.Object.wait(Object.java:366)
 org.quartz.simpl.SimpleThreadPool$WorkerThread.run(SimpleThreadPool.java:561)
18-Dec-2025 09:44:35.078 경고 [Catalina-utility-2] org.apache.catalina.loader.WebappClassLoaderBase.clearReferencesThreads 웹 애플리케이션 [ROOT]이(가) [sysLogScheduler_Worker-10](이)라는 이름의 쓰레드를 시작시킨 것으로 보이지만, 해당 쓰레드를 중지시키지 못했습니다. 이는 메모리 누수를 유발할 가능성이 큽니다. 해당 쓰레드의 스택 트레이스:
 java.base/java.lang.Object.wait0(Native Method)
 java.base/java.lang.Object.wait(Object.java:366)
 org.quartz.simpl.SimpleThreadPool$WorkerThread.run(SimpleThreadPool.java:561)
18-Dec-2025 09:44:35.085 정보 [Catalina-utility-2] org.apache.catalina.startup.HostConfig.deployWAR 웹 애플리케이션 아카이브 [D:\project\egov-enterprise\apache-tomcat-10.1.50\apache-tomcat-10.1.50\webapps\ROOT.war]의 배치가 [30,776] 밀리초에 완료되었습니다.
18-Dec-2025 09:46:15.275 정보 [Catalina-utility-1] org.apache.catalina.startup.HostConfig.undeploy 컨텍스트 []의 배치를 제거합니다.
18-Dec-2025 09:46:15.959 정보 [Catalina-utility-1] org.apache.catalina.startup.HostConfig.deployWAR 웹 애플리케이션 아카이브 [D:\project\egov-enterprise\apache-tomcat-10.1.50\apache-tomcat-10.1.50\webapps\ROOT.war]을(를) 배치합니다.
18-Dec-2025 09:46:32.989 정보 [Catalina-utility-1] org.apache.jasper.servlet.TldScanner.scanJars 적어도 하나의 JAR가 TLD들을 찾기 위해 스캔되었으나 아무 것도 찾지 못했습니다. 스캔했으나 TLD가 없는 JAR들의 전체 목록을 보시려면, 로그 레벨을 디버그 레벨로 설정하십시오. 스캔 과정에서 불필요한 JAR들을 건너뛰면, 시스템 시작 시간과 JSP 컴파일 시간을 단축시킬 수 있습니다.
18-Dec-2025 09:46:42.394 정보 [Catalina-utility-1] org.apache.catalina.startup.HostConfig.deployWAR 웹 애플리케이션 아카이브 [D:\project\egov-enterprise\apache-tomcat-10.1.50\apache-tomcat-10.1.50\webapps\ROOT.war]의 배치가 [26,434] 밀리초에 완료되었습니다.
18-Dec-2025 09:55:44.124 정보 [Catalina-utility-2] org.apache.catalina.startup.HostConfig.undeploy 컨텍스트 []의 배치를 제거합니다.
18-Dec-2025 09:55:44.153 경고 [Catalina-utility-2] org.apache.catalina.loader.WebappClassLoaderBase.clearReferencesJdbc 웹 애플리케이션 [ROOT]이(가) JDBC 드라이버 [cubrid.jdbc.driver.CUBRIDDriver]을(를) 등록했지만, 웹 애플리케이션이 중지될 때, 해당 JDBC 드라이버의 등록을 제거하지 못했습니다. 메모리 누수를 방지하기 위하여, 등록을 강제로 제거했습니다.
18-Dec-2025 09:55:44.154 경고 [Catalina-utility-2] org.apache.catalina.loader.WebappClassLoaderBase.clearReferencesThreads 웹 애플리케이션 [ROOT]이(가) [sysLogScheduler_Worker-1](이)라는 이름의 쓰레드를 시작시킨 것으로 보이지만, 해당 쓰레드를 중지시키지 못했습니다. 이는 메모리 누수를 유발할 가능성이 큽니다. 해당 쓰레드의 스택 트레이스:
 java.base/java.lang.Object.wait0(Native Method)
 java.base/java.lang.Object.wait(Object.java:366)
 org.quartz.simpl.SimpleThreadPool$WorkerThread.run(SimpleThreadPool.java:561)
18-Dec-2025 09:55:44.155 경고 [Catalina-utility-2] org.apache.catalina.loader.WebappClassLoaderBase.clearReferencesThreads 웹 애플리케이션 [ROOT]이(가) [sysLogScheduler_Worker-2](이)라는 이름의 쓰레드를 시작시킨 것으로 보이지만, 해당 쓰레드를 중지시키지 못했습니다. 이는 메모리 누수를 유발할 가능성이 큽니다. 해당 쓰레드의 스택 트레이스:
 java.base/java.lang.Object.wait0(Native Method)
 java.base/java.lang.Object.wait(Object.java:366)
 org.quartz.simpl.SimpleThreadPool$WorkerThread.run(SimpleThreadPool.java:561)
18-Dec-2025 09:55:44.155 경고 [Catalina-utility-2] org.apache.catalina.loader.WebappClassLoaderBase.clearReferencesThreads 웹 애플리케이션 [ROOT]이(가) [sysLogScheduler_Worker-3](이)라는 이름의 쓰레드를 시작시킨 것으로 보이지만, 해당 쓰레드를 중지시키지 못했습니다. 이는 메모리 누수를 유발할 가능성이 큽니다. 해당 쓰레드의 스택 트레이스:
 java.base/java.lang.Object.wait0(Native Method)
 java.base/java.lang.Object.wait(Object.java:366)
 org.quartz.simpl.SimpleThreadPool$WorkerThread.run(SimpleThreadPool.java:561)
18-Dec-2025 09:55:44.155 경고 [Catalina-utility-2] org.apache.catalina.loader.WebappClassLoaderBase.clearReferencesThreads 웹 애플리케이션 [ROOT]이(가) [sysLogScheduler_Worker-4](이)라는 이름의 쓰레드를 시작시킨 것으로 보이지만, 해당 쓰레드를 중지시키지 못했습니다. 이는 메모리 누수를 유발할 가능성이 큽니다. 해당 쓰레드의 스택 트레이스:
 java.base/java.lang.Object.wait0(Native Method)
 java.base/java.lang.Object.wait(Object.java:366)
 org.quartz.simpl.SimpleThreadPool$WorkerThread.run(SimpleThreadPool.java:561)
18-Dec-2025 09:55:44.156 경고 [Catalina-utility-2] org.apache.catalina.loader.WebappClassLoaderBase.clearReferencesThreads 웹 애플리케이션 [ROOT]이(가) [sysLogScheduler_Worker-5](이)라는 이름의 쓰레드를 시작시킨 것으로 보이지만, 해당 쓰레드를 중지시키지 못했습니다. 이는 메모리 누수를 유발할 가능성이 큽니다. 해당 쓰레드의 스택 트레이스:
 java.base/java.lang.Object.wait0(Native Method)
 java.base/java.lang.Object.wait(Object.java:366)
 org.quartz.simpl.SimpleThreadPool$WorkerThread.run(SimpleThreadPool.java:561)
18-Dec-2025 09:55:44.156 경고 [Catalina-utility-2] org.apache.catalina.loader.WebappClassLoaderBase.clearReferencesThreads 웹 애플리케이션 [ROOT]이(가) [sysLogScheduler_Worker-6](이)라는 이름의 쓰레드를 시작시킨 것으로 보이지만, 해당 쓰레드를 중지시키지 못했습니다. 이는 메모리 누수를 유발할 가능성이 큽니다. 해당 쓰레드의 스택 트레이스:
 java.base/java.lang.Object.wait0(Native Method)
 java.base/java.lang.Object.wait(Object.java:366)
 org.quartz.simpl.SimpleThreadPool$WorkerThread.run(SimpleThreadPool.java:561)
18-Dec-2025 09:55:44.157 경고 [Catalina-utility-2] org.apache.catalina.loader.WebappClassLoaderBase.clearReferencesThreads 웹 애플리케이션 [ROOT]이(가) [sysLogScheduler_Worker-7](이)라는 이름의 쓰레드를 시작시킨 것으로 보이지만, 해당 쓰레드를 중지시키지 못했습니다. 이는 메모리 누수를 유발할 가능성이 큽니다. 해당 쓰레드의 스택 트레이스:
 java.base/java.lang.Object.wait0(Native Method)
 java.base/java.lang.Object.wait(Object.java:366)
 org.quartz.simpl.SimpleThreadPool$WorkerThread.run(SimpleThreadPool.java:561)
18-Dec-2025 09:55:44.157 경고 [Catalina-utility-2] org.apache.catalina.loader.WebappClassLoaderBase.clearReferencesThreads 웹 애플리케이션 [ROOT]이(가) [sysLogScheduler_Worker-8](이)라는 이름의 쓰레드를 시작시킨 것으로 보이지만, 해당 쓰레드를 중지시키지 못했습니다. 이는 메모리 누수를 유발할 가능성이 큽니다. 해당 쓰레드의 스택 트레이스:
 java.base/java.lang.Object.wait0(Native Method)
 java.base/java.lang.Object.wait(Object.java:366)
 org.quartz.simpl.SimpleThreadPool$WorkerThread.run(SimpleThreadPool.java:561)
18-Dec-2025 09:55:44.158 경고 [Catalina-utility-2] org.apache.catalina.loader.WebappClassLoaderBase.clearReferencesThreads 웹 애플리케이션 [ROOT]이(가) [sysLogScheduler_Worker-9](이)라는 이름의 쓰레드를 시작시킨 것으로 보이지만, 해당 쓰레드를 중지시키지 못했습니다. 이는 메모리 누수를 유발할 가능성이 큽니다. 해당 쓰레드의 스택 트레이스:
 java.base/java.lang.Object.wait0(Native Method)
 java.base/java.lang.Object.wait(Object.java:366)
 org.quartz.simpl.SimpleThreadPool$WorkerThread.run(SimpleThreadPool.java:561)
18-Dec-2025 09:55:44.158 경고 [Catalina-utility-2] org.apache.catalina.loader.WebappClassLoaderBase.clearReferencesThreads 웹 애플리케이션 [ROOT]이(가) [sysLogScheduler_Worker-10](이)라는 이름의 쓰레드를 시작시킨 것으로 보이지만, 해당 쓰레드를 중지시키지 못했습니다. 이는 메모리 누수를 유발할 가능성이 큽니다. 해당 쓰레드의 스택 트레이스:
 java.base/java.lang.Object.wait0(Native Method)
 java.base/java.lang.Object.wait(Object.java:366)
 org.quartz.simpl.SimpleThreadPool$WorkerThread.run(SimpleThreadPool.java:561)
18-Dec-2025 09:55:44.435 정보 [Catalina-utility-2] org.apache.catalina.startup.HostConfig.deployWAR 웹 애플리케이션 아카이브 [D:\project\egov-enterprise\apache-tomcat-10.1.50\apache-tomcat-10.1.50\webapps\ROOT.war]을(를) 배치합니다.
18-Dec-2025 09:55:56.818 정보 [Catalina-utility-2] org.apache.jasper.servlet.TldScanner.scanJars 적어도 하나의 JAR가 TLD들을 찾기 위해 스캔되었으나 아무 것도 찾지 못했습니다. 스캔했으나 TLD가 없는 JAR들의 전체 목록을 보시려면, 로그 레벨을 디버그 레벨로 설정하십시오. 스캔 과정에서 불필요한 JAR들을 건너뛰면, 시스템 시작 시간과 JSP 컴파일 시간을 단축시킬 수 있습니다.
18-Dec-2025 09:56:03.864 정보 [Catalina-utility-2] org.apache.catalina.startup.HostConfig.deployWAR 웹 애플리케이션 아카이브 [D:\project\egov-enterprise\apache-tomcat-10.1.50\apache-tomcat-10.1.50\webapps\ROOT.war]의 배치가 [19,428] 밀리초에 완료되었습니다.
18-Dec-2025 10:08:55.194 정보 [Catalina-utility-2] org.apache.catalina.startup.HostConfig.undeploy 컨텍스트 []의 배치를 제거합니다.
18-Dec-2025 10:08:55.271 경고 [Catalina-utility-2] org.apache.catalina.loader.WebappClassLoaderBase.clearReferencesJdbc 웹 애플리케이션 [ROOT]이(가) JDBC 드라이버 [cubrid.jdbc.driver.CUBRIDDriver]을(를) 등록했지만, 웹 애플리케이션이 중지될 때, 해당 JDBC 드라이버의 등록을 제거하지 못했습니다. 메모리 누수를 방지하기 위하여, 등록을 강제로 제거했습니다.
18-Dec-2025 10:08:55.271 경고 [Catalina-utility-2] org.apache.catalina.loader.WebappClassLoaderBase.clearReferencesThreads 웹 애플리케이션 [ROOT]이(가) [sysLogScheduler_Worker-8](이)라는 이름의 쓰레드를 시작시킨 것으로 보이지만, 해당 쓰레드를 중지시키지 못했습니다. 이는 메모리 누수를 유발할 가능성이 큽니다. 해당 쓰레드의 스택 트레이스:
 java.base/java.lang.Object.wait0(Native Method)
 java.base/java.lang.Object.wait(Object.java:366)
 org.quartz.simpl.SimpleThreadPool$WorkerThread.run(SimpleThreadPool.java:561)
18-Dec-2025 10:08:55.272 경고 [Catalina-utility-2] org.apache.catalina.loader.WebappClassLoaderBase.clearReferencesThreads 웹 애플리케이션 [ROOT]이(가) [sysLogScheduler_Worker-9](이)라는 이름의 쓰레드를 시작시킨 것으로 보이지만, 해당 쓰레드를 중지시키지 못했습니다. 이는 메모리 누수를 유발할 가능성이 큽니다. 해당 쓰레드의 스택 트레이스:
 java.base/java.lang.Object.wait0(Native Method)
 java.base/java.lang.Object.wait(Object.java:366)
 org.quartz.simpl.SimpleThreadPool$WorkerThread.run(SimpleThreadPool.java:561)
18-Dec-2025 10:08:55.272 경고 [Catalina-utility-2] org.apache.catalina.loader.WebappClassLoaderBase.clearReferencesThreads 웹 애플리케이션 [ROOT]이(가) [sysLogScheduler_Worker-10](이)라는 이름의 쓰레드를 시작시킨 것으로 보이지만, 해당 쓰레드를 중지시키지 못했습니다. 이는 메모리 누수를 유발할 가능성이 큽니다. 해당 쓰레드의 스택 트레이스:
 java.base/java.lang.Object.wait0(Native Method)
 java.base/java.lang.Object.wait(Object.java:366)
 org.quartz.simpl.SimpleThreadPool$WorkerThread.run(SimpleThreadPool.java:561)
18-Dec-2025 10:08:55.273 심각 [Catalina-utility-2] org.apache.catalina.loader.WebappClassLoaderBase.checkThreadLocalMapForLeaks 웹 애플리케이션 [ROOT]이(가), 타입 [java.lang.ThreadLocal]인 키와 (값: [java.lang.ThreadLocal@642be7a4]) 타입 [org.springframework.security.core.context.ThreadLocalSecurityContextHolderStrategy$$Lambda/0x000002d79a456938]인 값을 (값: [org.springframework.security.core.context.ThreadLocalSecurityContextHolderStrategy$$Lambda/0x000002d79a456938@19b1c8fe]) 사용하여 ThreadLocal 객체를 생성했지만, 웹 애플리케이션이 중지될 때 그것을 제거하지 못했습니다. 혹시 있을 법한 메모리 누수를 방지하기 위하여, 시간을 두고 쓰레드들을 재생성할 것입니다.
18-Dec-2025 10:08:55.274 심각 [Catalina-utility-2] org.apache.catalina.loader.WebappClassLoaderBase.checkThreadLocalMapForLeaks 웹 애플리케이션 [ROOT]이(가), 타입 [java.lang.ThreadLocal]인 키와 (값: [java.lang.ThreadLocal@642be7a4]) 타입 [org.springframework.security.core.context.ThreadLocalSecurityContextHolderStrategy$$Lambda/0x000002d79a456938]인 값을 (값: [org.springframework.security.core.context.ThreadLocalSecurityContextHolderStrategy$$Lambda/0x000002d79a456938@1fa790a]) 사용하여 ThreadLocal 객체를 생성했지만, 웹 애플리케이션이 중지될 때 그것을 제거하지 못했습니다. 혹시 있을 법한 메모리 누수를 방지하기 위하여, 시간을 두고 쓰레드들을 재생성할 것입니다.
18-Dec-2025 10:08:55.275 심각 [Catalina-utility-2] org.apache.catalina.loader.WebappClassLoaderBase.checkThreadLocalMapForLeaks 웹 애플리케이션 [ROOT]이(가), 타입 [java.lang.ThreadLocal]인 키와 (값: [java.lang.ThreadLocal@642be7a4]) 타입 [org.springframework.security.core.context.ThreadLocalSecurityContextHolderStrategy$$Lambda/0x000002d79a456938]인 값을 (값: [org.springframework.security.core.context.ThreadLocalSecurityContextHolderStrategy$$Lambda/0x000002d79a456938@50fbdbf1]) 사용하여 ThreadLocal 객체를 생성했지만, 웹 애플리케이션이 중지될 때 그것을 제거하지 못했습니다. 혹시 있을 법한 메모리 누수를 방지하기 위하여, 시간을 두고 쓰레드들을 재생성할 것입니다.
18-Dec-2025 10:08:55.276 심각 [Catalina-utility-2] org.apache.catalina.loader.WebappClassLoaderBase.checkThreadLocalMapForLeaks 웹 애플리케이션 [ROOT]이(가), 타입 [java.lang.ThreadLocal]인 키와 (값: [java.lang.ThreadLocal@642be7a4]) 타입 [org.springframework.security.core.context.ThreadLocalSecurityContextHolderStrategy$$Lambda/0x000002d79a456938]인 값을 (값: [org.springframework.security.core.context.ThreadLocalSecurityContextHolderStrategy$$Lambda/0x000002d79a456938@6b56108d]) 사용하여 ThreadLocal 객체를 생성했지만, 웹 애플리케이션이 중지될 때 그것을 제거하지 못했습니다. 혹시 있을 법한 메모리 누수를 방지하기 위하여, 시간을 두고 쓰레드들을 재생성할 것입니다.
18-Dec-2025 10:08:55.276 심각 [Catalina-utility-2] org.apache.catalina.loader.WebappClassLoaderBase.checkThreadLocalMapForLeaks 웹 애플리케이션 [ROOT]이(가), 타입 [java.lang.ThreadLocal]인 키와 (값: [java.lang.ThreadLocal@642be7a4]) 타입 [org.springframework.security.core.context.ThreadLocalSecurityContextHolderStrategy$$Lambda/0x000002d79a456938]인 값을 (값: [org.springframework.security.core.context.ThreadLocalSecurityContextHolderStrategy$$Lambda/0x000002d79a456938@7cb7d321]) 사용하여 ThreadLocal 객체를 생성했지만, 웹 애플리케이션이 중지될 때 그것을 제거하지 못했습니다. 혹시 있을 법한 메모리 누수를 방지하기 위하여, 시간을 두고 쓰레드들을 재생성할 것입니다.
18-Dec-2025 10:08:55.277 심각 [Catalina-utility-2] org.apache.catalina.loader.WebappClassLoaderBase.checkThreadLocalMapForLeaks 웹 애플리케이션 [ROOT]이(가), 타입 [java.lang.ThreadLocal]인 키와 (값: [java.lang.ThreadLocal@642be7a4]) 타입 [org.springframework.security.core.context.ThreadLocalSecurityContextHolderStrategy$$Lambda/0x000002d79a456938]인 값을 (값: [org.springframework.security.core.context.ThreadLocalSecurityContextHolderStrategy$$Lambda/0x000002d79a456938@2ed7c794]) 사용하여 ThreadLocal 객체를 생성했지만, 웹 애플리케이션이 중지될 때 그것을 제거하지 못했습니다. 혹시 있을 법한 메모리 누수를 방지하기 위하여, 시간을 두고 쓰레드들을 재생성할 것입니다.
18-Dec-2025 10:08:55.278 심각 [Catalina-utility-2] org.apache.catalina.loader.WebappClassLoaderBase.checkThreadLocalMapForLeaks 웹 애플리케이션 [ROOT]이(가), 타입 [java.lang.ThreadLocal]인 키와 (값: [java.lang.ThreadLocal@642be7a4]) 타입 [org.springframework.security.core.context.ThreadLocalSecurityContextHolderStrategy$$Lambda/0x000002d79a456938]인 값을 (값: [org.springframework.security.core.context.ThreadLocalSecurityContextHolderStrategy$$Lambda/0x000002d79a456938@20fdb5ec]) 사용하여 ThreadLocal 객체를 생성했지만, 웹 애플리케이션이 중지될 때 그것을 제거하지 못했습니다. 혹시 있을 법한 메모리 누수를 방지하기 위하여, 시간을 두고 쓰레드들을 재생성할 것입니다.
18-Dec-2025 10:08:55.683 정보 [Catalina-utility-2] org.apache.catalina.startup.HostConfig.deployWAR 웹 애플리케이션 아카이브 [D:\project\egov-enterprise\apache-tomcat-10.1.50\apache-tomcat-10.1.50\webapps\ROOT.war]을(를) 배치합니다.
18-Dec-2025 10:09:22.933 정보 [Catalina-utility-2] org.apache.jasper.servlet.TldScanner.scanJars 적어도 하나의 JAR가 TLD들을 찾기 위해 스캔되었으나 아무 것도 찾지 못했습니다. 스캔했으나 TLD가 없는 JAR들의 전체 목록을 보시려면, 로그 레벨을 디버그 레벨로 설정하십시오. 스캔 과정에서 불필요한 JAR들을 건너뛰면, 시스템 시작 시간과 JSP 컴파일 시간을 단축시킬 수 있습니다.
18-Dec-2025 10:09:36.350 정보 [Catalina-utility-2] org.apache.catalina.startup.HostConfig.deployWAR 웹 애플리케이션 아카이브 [D:\project\egov-enterprise\apache-tomcat-10.1.50\apache-tomcat-10.1.50\webapps\ROOT.war]의 배치가 [40,666] 밀리초에 완료되었습니다.
18-Dec-2025 10:13:26.950 정보 [Catalina-utility-1] org.apache.catalina.startup.HostConfig.undeploy 컨텍스트 []의 배치를 제거합니다.
18-Dec-2025 10:13:39.883 경고 [Catalina-utility-1] org.apache.catalina.loader.WebappClassLoaderBase.clearReferencesJdbc 웹 애플리케이션 [ROOT]이(가) JDBC 드라이버 [cubrid.jdbc.driver.CUBRIDDriver]을(를) 등록했지만, 웹 애플리케이션이 중지될 때, 해당 JDBC 드라이버의 등록을 제거하지 못했습니다. 메모리 누수를 방지하기 위하여, 등록을 강제로 제거했습니다.
18-Dec-2025 10:13:40.394 정보 [Catalina-utility-1] org.apache.catalina.startup.HostConfig.deployWAR 웹 애플리케이션 아카이브 [D:\project\egov-enterprise\apache-tomcat-10.1.50\apache-tomcat-10.1.50\webapps\ROOT.war]을(를) 배치합니다.
18-Dec-2025 10:13:58.369 정보 [Catalina-utility-1] org.apache.jasper.servlet.TldScanner.scanJars 적어도 하나의 JAR가 TLD들을 찾기 위해 스캔되었으나 아무 것도 찾지 못했습니다. 스캔했으나 TLD가 없는 JAR들의 전체 목록을 보시려면, 로그 레벨을 디버그 레벨로 설정하십시오. 스캔 과정에서 불필요한 JAR들을 건너뛰면, 시스템 시작 시간과 JSP 컴파일 시간을 단축시킬 수 있습니다.
18-Dec-2025 10:14:06.689 정보 [Catalina-utility-1] org.apache.catalina.startup.HostConfig.deployWAR 웹 애플리케이션 아카이브 [D:\project\egov-enterprise\apache-tomcat-10.1.50\apache-tomcat-10.1.50\webapps\ROOT.war]의 배치가 [26,294] 밀리초에 완료되었습니다.
18-Dec-2025 11:40:15.992 정보 [Catalina-utility-2] org.apache.catalina.startup.HostConfig.undeploy 컨텍스트 []의 배치를 제거합니다.
18-Dec-2025 11:40:16.060 경고 [Catalina-utility-2] org.apache.catalina.loader.WebappClassLoaderBase.clearReferencesJdbc 웹 애플리케이션 [ROOT]이(가) JDBC 드라이버 [cubrid.jdbc.driver.CUBRIDDriver]을(를) 등록했지만, 웹 애플리케이션이 중지될 때, 해당 JDBC 드라이버의 등록을 제거하지 못했습니다. 메모리 누수를 방지하기 위하여, 등록을 강제로 제거했습니다.
18-Dec-2025 11:40:16.061 경고 [Catalina-utility-2] org.apache.catalina.loader.WebappClassLoaderBase.clearReferencesThreads 웹 애플리케이션 [ROOT]이(가) [sysLogScheduler_Worker-1](이)라는 이름의 쓰레드를 시작시킨 것으로 보이지만, 해당 쓰레드를 중지시키지 못했습니다. 이는 메모리 누수를 유발할 가능성이 큽니다. 해당 쓰레드의 스택 트레이스:
 java.base/java.lang.Object.wait0(Native Method)
 java.base/java.lang.Object.wait(Object.java:366)
 org.quartz.simpl.SimpleThreadPool$WorkerThread.run(SimpleThreadPool.java:561)
18-Dec-2025 11:40:16.061 경고 [Catalina-utility-2] org.apache.catalina.loader.WebappClassLoaderBase.clearReferencesThreads 웹 애플리케이션 [ROOT]이(가) [sysLogScheduler_Worker-2](이)라는 이름의 쓰레드를 시작시킨 것으로 보이지만, 해당 쓰레드를 중지시키지 못했습니다. 이는 메모리 누수를 유발할 가능성이 큽니다. 해당 쓰레드의 스택 트레이스:
 java.base/java.lang.Object.wait0(Native Method)
 java.base/java.lang.Object.wait(Object.java:366)
 org.quartz.simpl.SimpleThreadPool$WorkerThread.run(SimpleThreadPool.java:561)
18-Dec-2025 11:40:16.062 경고 [Catalina-utility-2] org.apache.catalina.loader.WebappClassLoaderBase.clearReferencesThreads 웹 애플리케이션 [ROOT]이(가) [sysLogScheduler_Worker-3](이)라는 이름의 쓰레드를 시작시킨 것으로 보이지만, 해당 쓰레드를 중지시키지 못했습니다. 이는 메모리 누수를 유발할 가능성이 큽니다. 해당 쓰레드의 스택 트레이스:
 java.base/java.lang.Object.wait0(Native Method)
 java.base/java.lang.Object.wait(Object.java:366)
 org.quartz.simpl.SimpleThreadPool$WorkerThread.run(SimpleThreadPool.java:561)
18-Dec-2025 11:40:16.062 경고 [Catalina-utility-2] org.apache.catalina.loader.WebappClassLoaderBase.clearReferencesThreads 웹 애플리케이션 [ROOT]이(가) [sysLogScheduler_Worker-4](이)라는 이름의 쓰레드를 시작시킨 것으로 보이지만, 해당 쓰레드를 중지시키지 못했습니다. 이는 메모리 누수를 유발할 가능성이 큽니다. 해당 쓰레드의 스택 트레이스:
 java.base/java.lang.Object.wait0(Native Method)
 java.base/java.lang.Object.wait(Object.java:366)
 org.quartz.simpl.SimpleThreadPool$WorkerThread.run(SimpleThreadPool.java:561)
18-Dec-2025 11:40:16.062 경고 [Catalina-utility-2] org.apache.catalina.loader.WebappClassLoaderBase.clearReferencesThreads 웹 애플리케이션 [ROOT]이(가) [sysLogScheduler_Worker-5](이)라는 이름의 쓰레드를 시작시킨 것으로 보이지만, 해당 쓰레드를 중지시키지 못했습니다. 이는 메모리 누수를 유발할 가능성이 큽니다. 해당 쓰레드의 스택 트레이스:
 java.base/java.lang.Object.wait0(Native Method)
 java.base/java.lang.Object.wait(Object.java:366)
 org.quartz.simpl.SimpleThreadPool$WorkerThread.run(SimpleThreadPool.java:561)
18-Dec-2025 11:40:16.062 경고 [Catalina-utility-2] org.apache.catalina.loader.WebappClassLoaderBase.clearReferencesThreads 웹 애플리케이션 [ROOT]이(가) [sysLogScheduler_Worker-6](이)라는 이름의 쓰레드를 시작시킨 것으로 보이지만, 해당 쓰레드를 중지시키지 못했습니다. 이는 메모리 누수를 유발할 가능성이 큽니다. 해당 쓰레드의 스택 트레이스:
 java.base/java.lang.Object.wait0(Native Method)
 java.base/java.lang.Object.wait(Object.java:366)
 org.quartz.simpl.SimpleThreadPool$WorkerThread.run(SimpleThreadPool.java:561)
18-Dec-2025 11:40:16.063 경고 [Catalina-utility-2] org.apache.catalina.loader.WebappClassLoaderBase.clearReferencesThreads 웹 애플리케이션 [ROOT]이(가) [sysLogScheduler_Worker-7](이)라는 이름의 쓰레드를 시작시킨 것으로 보이지만, 해당 쓰레드를 중지시키지 못했습니다. 이는 메모리 누수를 유발할 가능성이 큽니다. 해당 쓰레드의 스택 트레이스:
 java.base/java.lang.Object.wait0(Native Method)
 java.base/java.lang.Object.wait(Object.java:366)
 org.quartz.simpl.SimpleThreadPool$WorkerThread.run(SimpleThreadPool.java:561)
18-Dec-2025 11:40:16.063 경고 [Catalina-utility-2] org.apache.catalina.loader.WebappClassLoaderBase.clearReferencesThreads 웹 애플리케이션 [ROOT]이(가) [sysLogScheduler_Worker-8](이)라는 이름의 쓰레드를 시작시킨 것으로 보이지만, 해당 쓰레드를 중지시키지 못했습니다. 이는 메모리 누수를 유발할 가능성이 큽니다. 해당 쓰레드의 스택 트레이스:
 java.base/java.lang.Object.wait0(Native Method)
 java.base/java.lang.Object.wait(Object.java:366)
 org.quartz.simpl.SimpleThreadPool$WorkerThread.run(SimpleThreadPool.java:561)
18-Dec-2025 11:40:16.064 경고 [Catalina-utility-2] org.apache.catalina.loader.WebappClassLoaderBase.clearReferencesThreads 웹 애플리케이션 [ROOT]이(가) [sysLogScheduler_Worker-9](이)라는 이름의 쓰레드를 시작시킨 것으로 보이지만, 해당 쓰레드를 중지시키지 못했습니다. 이는 메모리 누수를 유발할 가능성이 큽니다. 해당 쓰레드의 스택 트레이스:
 java.base/java.lang.Object.wait0(Native Method)
 java.base/java.lang.Object.wait(Object.java:366)
 org.quartz.simpl.SimpleThreadPool$WorkerThread.run(SimpleThreadPool.java:561)
18-Dec-2025 11:40:16.064 경고 [Catalina-utility-2] org.apache.catalina.loader.WebappClassLoaderBase.clearReferencesThreads 웹 애플리케이션 [ROOT]이(가) [sysLogScheduler_Worker-10](이)라는 이름의 쓰레드를 시작시킨 것으로 보이지만, 해당 쓰레드를 중지시키지 못했습니다. 이는 메모리 누수를 유발할 가능성이 큽니다. 해당 쓰레드의 스택 트레이스:
 java.base/java.lang.Object.wait0(Native Method)
 java.base/java.lang.Object.wait(Object.java:366)
 org.quartz.simpl.SimpleThreadPool$WorkerThread.run(SimpleThreadPool.java:561)
18-Dec-2025 11:40:16.583 정보 [Catalina-utility-2] org.apache.catalina.startup.HostConfig.deployWAR 웹 애플리케이션 아카이브 [D:\project\egov-enterprise\apache-tomcat-10.1.50\apache-tomcat-10.1.50\webapps\ROOT.war]을(를) 배치합니다.
18-Dec-2025 11:40:31.057 정보 [Catalina-utility-2] org.apache.jasper.servlet.TldScanner.scanJars 적어도 하나의 JAR가 TLD들을 찾기 위해 스캔되었으나 아무 것도 찾지 못했습니다. 스캔했으나 TLD가 없는 JAR들의 전체 목록을 보시려면, 로그 레벨을 디버그 레벨로 설정하십시오. 스캔 과정에서 불필요한 JAR들을 건너뛰면, 시스템 시작 시간과 JSP 컴파일 시간을 단축시킬 수 있습니다.
18-Dec-2025 11:40:40.073 정보 [Catalina-utility-2] org.apache.catalina.startup.HostConfig.deployWAR 웹 애플리케이션 아카이브 [D:\project\egov-enterprise\apache-tomcat-10.1.50\apache-tomcat-10.1.50\webapps\ROOT.war]의 배치가 [23,487] 밀리초에 완료되었습니다.
18-Dec-2025 11:50:52.567 정보 [Catalina-utility-1] org.apache.catalina.startup.HostConfig.undeploy 컨텍스트 []의 배치를 제거합니다.
18-Dec-2025 11:50:52.654 경고 [Catalina-utility-1] org.apache.catalina.loader.WebappClassLoaderBase.clearReferencesJdbc 웹 애플리케이션 [ROOT]이(가) JDBC 드라이버 [cubrid.jdbc.driver.CUBRIDDriver]을(를) 등록했지만, 웹 애플리케이션이 중지될 때, 해당 JDBC 드라이버의 등록을 제거하지 못했습니다. 메모리 누수를 방지하기 위하여, 등록을 강제로 제거했습니다.
18-Dec-2025 11:50:52.655 경고 [Catalina-utility-1] org.apache.catalina.loader.WebappClassLoaderBase.clearReferencesThreads 웹 애플리케이션 [ROOT]이(가) [sysLogScheduler_Worker-1](이)라는 이름의 쓰레드를 시작시킨 것으로 보이지만, 해당 쓰레드를 중지시키지 못했습니다. 이는 메모리 누수를 유발할 가능성이 큽니다. 해당 쓰레드의 스택 트레이스:
 java.base/java.lang.Object.wait0(Native Method)
 java.base/java.lang.Object.wait(Object.java:366)
 org.quartz.simpl.SimpleThreadPool$WorkerThread.run(SimpleThreadPool.java:561)
18-Dec-2025 11:50:52.656 경고 [Catalina-utility-1] org.apache.catalina.loader.WebappClassLoaderBase.clearReferencesThreads 웹 애플리케이션 [ROOT]이(가) [sysLogScheduler_Worker-2](이)라는 이름의 쓰레드를 시작시킨 것으로 보이지만, 해당 쓰레드를 중지시키지 못했습니다. 이는 메모리 누수를 유발할 가능성이 큽니다. 해당 쓰레드의 스택 트레이스:
 java.base/java.lang.Object.wait0(Native Method)
 java.base/java.lang.Object.wait(Object.java:366)
 org.quartz.simpl.SimpleThreadPool$WorkerThread.run(SimpleThreadPool.java:561)
18-Dec-2025 11:50:52.656 경고 [Catalina-utility-1] org.apache.catalina.loader.WebappClassLoaderBase.clearReferencesThreads 웹 애플리케이션 [ROOT]이(가) [sysLogScheduler_Worker-3](이)라는 이름의 쓰레드를 시작시킨 것으로 보이지만, 해당 쓰레드를 중지시키지 못했습니다. 이는 메모리 누수를 유발할 가능성이 큽니다. 해당 쓰레드의 스택 트레이스:
 java.base/java.lang.Object.wait0(Native Method)
 java.base/java.lang.Object.wait(Object.java:366)
 org.quartz.simpl.SimpleThreadPool$WorkerThread.run(SimpleThreadPool.java:561)
18-Dec-2025 11:50:52.658 경고 [Catalina-utility-1] org.apache.catalina.loader.WebappClassLoaderBase.clearReferencesThreads 웹 애플리케이션 [ROOT]이(가) [sysLogScheduler_Worker-4](이)라는 이름의 쓰레드를 시작시킨 것으로 보이지만, 해당 쓰레드를 중지시키지 못했습니다. 이는 메모리 누수를 유발할 가능성이 큽니다. 해당 쓰레드의 스택 트레이스:
 java.base/java.lang.Object.wait0(Native Method)
 java.base/java.lang.Object.wait(Object.java:366)
 org.quartz.simpl.SimpleThreadPool$WorkerThread.run(SimpleThreadPool.java:561)
18-Dec-2025 11:50:52.659 경고 [Catalina-utility-1] org.apache.catalina.loader.WebappClassLoaderBase.clearReferencesThreads 웹 애플리케이션 [ROOT]이(가) [sysLogScheduler_Worker-7](이)라는 이름의 쓰레드를 시작시킨 것으로 보이지만, 해당 쓰레드를 중지시키지 못했습니다. 이는 메모리 누수를 유발할 가능성이 큽니다. 해당 쓰레드의 스택 트레이스:
 java.base/java.lang.Object.wait0(Native Method)
 java.base/java.lang.Object.wait(Object.java:366)
 org.quartz.simpl.SimpleThreadPool$WorkerThread.run(SimpleThreadPool.java:561)
18-Dec-2025 11:50:52.659 경고 [Catalina-utility-1] org.apache.catalina.loader.WebappClassLoaderBase.clearReferencesThreads 웹 애플리케이션 [ROOT]이(가) [sysLogScheduler_Worker-8](이)라는 이름의 쓰레드를 시작시킨 것으로 보이지만, 해당 쓰레드를 중지시키지 못했습니다. 이는 메모리 누수를 유발할 가능성이 큽니다. 해당 쓰레드의 스택 트레이스:
 java.base/java.lang.Object.wait0(Native Method)
 java.base/java.lang.Object.wait(Object.java:366)
 org.quartz.simpl.SimpleThreadPool$WorkerThread.run(SimpleThreadPool.java:561)
18-Dec-2025 11:50:52.660 경고 [Catalina-utility-1] org.apache.catalina.loader.WebappClassLoaderBase.clearReferencesThreads 웹 애플리케이션 [ROOT]이(가) [sysLogScheduler_Worker-9](이)라는 이름의 쓰레드를 시작시킨 것으로 보이지만, 해당 쓰레드를 중지시키지 못했습니다. 이는 메모리 누수를 유발할 가능성이 큽니다. 해당 쓰레드의 스택 트레이스:
 java.base/java.lang.Object.wait0(Native Method)
 java.base/java.lang.Object.wait(Object.java:366)
 org.quartz.simpl.SimpleThreadPool$WorkerThread.run(SimpleThreadPool.java:561)
18-Dec-2025 11:50:52.660 경고 [Catalina-utility-1] org.apache.catalina.loader.WebappClassLoaderBase.clearReferencesThreads 웹 애플리케이션 [ROOT]이(가) [sysLogScheduler_Worker-10](이)라는 이름의 쓰레드를 시작시킨 것으로 보이지만, 해당 쓰레드를 중지시키지 못했습니다. 이는 메모리 누수를 유발할 가능성이 큽니다. 해당 쓰레드의 스택 트레이스:
 java.base/java.lang.Object.wait0(Native Method)
 java.base/java.lang.Object.wait(Object.java:366)
 org.quartz.simpl.SimpleThreadPool$WorkerThread.run(SimpleThreadPool.java:561)
18-Dec-2025 11:50:53.125 정보 [Catalina-utility-1] org.apache.catalina.startup.HostConfig.deployWAR 웹 애플리케이션 아카이브 [D:\project\egov-enterprise\apache-tomcat-10.1.50\apache-tomcat-10.1.50\webapps\ROOT.war]을(를) 배치합니다.
18-Dec-2025 11:51:17.309 정보 [Catalina-utility-1] org.apache.jasper.servlet.TldScanner.scanJars 적어도 하나의 JAR가 TLD들을 찾기 위해 스캔되었으나 아무 것도 찾지 못했습니다. 스캔했으나 TLD가 없는 JAR들의 전체 목록을 보시려면, 로그 레벨을 디버그 레벨로 설정하십시오. 스캔 과정에서 불필요한 JAR들을 건너뛰면, 시스템 시작 시간과 JSP 컴파일 시간을 단축시킬 수 있습니다.
18-Dec-2025 11:51:27.362 정보 [Catalina-utility-1] org.apache.catalina.startup.HostConfig.deployWAR 웹 애플리케이션 아카이브 [D:\project\egov-enterprise\apache-tomcat-10.1.50\apache-tomcat-10.1.50\webapps\ROOT.war]의 배치가 [34,237] 밀리초에 완료되었습니다.
18-Dec-2025 13:06:13.699 정보 [Catalina-utility-1] org.apache.catalina.startup.HostConfig.undeploy 컨텍스트 []의 배치를 제거합니다.
18-Dec-2025 13:06:13.757 경고 [Catalina-utility-1] org.apache.catalina.loader.WebappClassLoaderBase.clearReferencesJdbc 웹 애플리케이션 [ROOT]이(가) JDBC 드라이버 [cubrid.jdbc.driver.CUBRIDDriver]을(를) 등록했지만, 웹 애플리케이션이 중지될 때, 해당 JDBC 드라이버의 등록을 제거하지 못했습니다. 메모리 누수를 방지하기 위하여, 등록을 강제로 제거했습니다.
18-Dec-2025 13:06:13.757 경고 [Catalina-utility-1] org.apache.catalina.loader.WebappClassLoaderBase.clearReferencesThreads 웹 애플리케이션 [ROOT]이(가) [sysLogScheduler_Worker-1](이)라는 이름의 쓰레드를 시작시킨 것으로 보이지만, 해당 쓰레드를 중지시키지 못했습니다. 이는 메모리 누수를 유발할 가능성이 큽니다. 해당 쓰레드의 스택 트레이스:
 java.base/java.lang.Object.wait0(Native Method)
 java.base/java.lang.Object.wait(Object.java:366)
 org.quartz.simpl.SimpleThreadPool$WorkerThread.run(SimpleThreadPool.java:561)
18-Dec-2025 13:06:13.757 경고 [Catalina-utility-1] org.apache.catalina.loader.WebappClassLoaderBase.clearReferencesThreads 웹 애플리케이션 [ROOT]이(가) [sysLogScheduler_Worker-2](이)라는 이름의 쓰레드를 시작시킨 것으로 보이지만, 해당 쓰레드를 중지시키지 못했습니다. 이는 메모리 누수를 유발할 가능성이 큽니다. 해당 쓰레드의 스택 트레이스:
 java.base/java.lang.Object.wait0(Native Method)
 java.base/java.lang.Object.wait(Object.java:366)
 org.quartz.simpl.SimpleThreadPool$WorkerThread.run(SimpleThreadPool.java:561)
18-Dec-2025 13:06:13.758 경고 [Catalina-utility-1] org.apache.catalina.loader.WebappClassLoaderBase.clearReferencesThreads 웹 애플리케이션 [ROOT]이(가) [sysLogScheduler_Worker-3](이)라는 이름의 쓰레드를 시작시킨 것으로 보이지만, 해당 쓰레드를 중지시키지 못했습니다. 이는 메모리 누수를 유발할 가능성이 큽니다. 해당 쓰레드의 스택 트레이스:
 java.base/java.lang.Object.wait0(Native Method)
 java.base/java.lang.Object.wait(Object.java:366)
 org.quartz.simpl.SimpleThreadPool$WorkerThread.run(SimpleThreadPool.java:561)
18-Dec-2025 13:06:13.758 경고 [Catalina-utility-1] org.apache.catalina.loader.WebappClassLoaderBase.clearReferencesThreads 웹 애플리케이션 [ROOT]이(가) [sysLogScheduler_Worker-4](이)라는 이름의 쓰레드를 시작시킨 것으로 보이지만, 해당 쓰레드를 중지시키지 못했습니다. 이는 메모리 누수를 유발할 가능성이 큽니다. 해당 쓰레드의 스택 트레이스:
 java.base/java.lang.Object.wait0(Native Method)
 java.base/java.lang.Object.wait(Object.java:366)
 org.quartz.simpl.SimpleThreadPool$WorkerThread.run(SimpleThreadPool.java:561)
18-Dec-2025 13:06:13.758 경고 [Catalina-utility-1] org.apache.catalina.loader.WebappClassLoaderBase.clearReferencesThreads 웹 애플리케이션 [ROOT]이(가) [sysLogScheduler_Worker-5](이)라는 이름의 쓰레드를 시작시킨 것으로 보이지만, 해당 쓰레드를 중지시키지 못했습니다. 이는 메모리 누수를 유발할 가능성이 큽니다. 해당 쓰레드의 스택 트레이스:
 java.base/java.lang.Object.wait0(Native Method)
 java.base/java.lang.Object.wait(Object.java:366)
 org.quartz.simpl.SimpleThreadPool$WorkerThread.run(SimpleThreadPool.java:561)
18-Dec-2025 13:06:13.759 경고 [Catalina-utility-1] org.apache.catalina.loader.WebappClassLoaderBase.clearReferencesThreads 웹 애플리케이션 [ROOT]이(가) [sysLogScheduler_Worker-6](이)라는 이름의 쓰레드를 시작시킨 것으로 보이지만, 해당 쓰레드를 중지시키지 못했습니다. 이는 메모리 누수를 유발할 가능성이 큽니다. 해당 쓰레드의 스택 트레이스:
 java.base/java.lang.Object.wait0(Native Method)
 java.base/java.lang.Object.wait(Object.java:366)
 org.quartz.simpl.SimpleThreadPool$WorkerThread.run(SimpleThreadPool.java:561)
18-Dec-2025 13:06:13.759 경고 [Catalina-utility-1] org.apache.catalina.loader.WebappClassLoaderBase.clearReferencesThreads 웹 애플리케이션 [ROOT]이(가) [sysLogScheduler_Worker-7](이)라는 이름의 쓰레드를 시작시킨 것으로 보이지만, 해당 쓰레드를 중지시키지 못했습니다. 이는 메모리 누수를 유발할 가능성이 큽니다. 해당 쓰레드의 스택 트레이스:
 java.base/java.lang.Object.wait0(Native Method)
 java.base/java.lang.Object.wait(Object.java:366)
 org.quartz.simpl.SimpleThreadPool$WorkerThread.run(SimpleThreadPool.java:561)
18-Dec-2025 13:06:13.760 경고 [Catalina-utility-1] org.apache.catalina.loader.WebappClassLoaderBase.clearReferencesThreads 웹 애플리케이션 [ROOT]이(가) [sysLogScheduler_Worker-8](이)라는 이름의 쓰레드를 시작시킨 것으로 보이지만, 해당 쓰레드를 중지시키지 못했습니다. 이는 메모리 누수를 유발할 가능성이 큽니다. 해당 쓰레드의 스택 트레이스:
 java.base/java.lang.Object.wait0(Native Method)
 java.base/java.lang.Object.wait(Object.java:366)
 org.quartz.simpl.SimpleThreadPool$WorkerThread.run(SimpleThreadPool.java:561)
18-Dec-2025 13:06:13.760 경고 [Catalina-utility-1] org.apache.catalina.loader.WebappClassLoaderBase.clearReferencesThreads 웹 애플리케이션 [ROOT]이(가) [sysLogScheduler_Worker-9](이)라는 이름의 쓰레드를 시작시킨 것으로 보이지만, 해당 쓰레드를 중지시키지 못했습니다. 이는 메모리 누수를 유발할 가능성이 큽니다. 해당 쓰레드의 스택 트레이스:
 java.base/java.lang.Object.wait0(Native Method)
 java.base/java.lang.Object.wait(Object.java:366)
 org.quartz.simpl.SimpleThreadPool$WorkerThread.run(SimpleThreadPool.java:561)
18-Dec-2025 13:06:13.760 경고 [Catalina-utility-1] org.apache.catalina.loader.WebappClassLoaderBase.clearReferencesThreads 웹 애플리케이션 [ROOT]이(가) [sysLogScheduler_Worker-10](이)라는 이름의 쓰레드를 시작시킨 것으로 보이지만, 해당 쓰레드를 중지시키지 못했습니다. 이는 메모리 누수를 유발할 가능성이 큽니다. 해당 쓰레드의 스택 트레이스:
 java.base/java.lang.Object.wait0(Native Method)
 java.base/java.lang.Object.wait(Object.java:366)
 org.quartz.simpl.SimpleThreadPool$WorkerThread.run(SimpleThreadPool.java:561)
18-Dec-2025 13:06:14.249 정보 [Catalina-utility-1] org.apache.catalina.startup.HostConfig.deployWAR 웹 애플리케이션 아카이브 [D:\project\egov-enterprise\apache-tomcat-10.1.50\apache-tomcat-10.1.50\webapps\ROOT.war]을(를) 배치합니다.
18-Dec-2025 13:06:36.453 정보 [Catalina-utility-1] org.apache.jasper.servlet.TldScanner.scanJars 적어도 하나의 JAR가 TLD들을 찾기 위해 스캔되었으나 아무 것도 찾지 못했습니다. 스캔했으나 TLD가 없는 JAR들의 전체 목록을 보시려면, 로그 레벨을 디버그 레벨로 설정하십시오. 스캔 과정에서 불필요한 JAR들을 건너뛰면, 시스템 시작 시간과 JSP 컴파일 시간을 단축시킬 수 있습니다.
18-Dec-2025 13:06:45.454 정보 [Catalina-utility-1] org.apache.catalina.startup.HostConfig.deployWAR 웹 애플리케이션 아카이브 [D:\project\egov-enterprise\apache-tomcat-10.1.50\apache-tomcat-10.1.50\webapps\ROOT.war]의 배치가 [31,206] 밀리초에 완료되었습니다.
18-Dec-2025 13:20:36.586 정보 [Catalina-utility-2] org.apache.catalina.startup.HostConfig.undeploy 컨텍스트 []의 배치를 제거합니다.
18-Dec-2025 13:20:36.633 경고 [Catalina-utility-2] org.apache.catalina.loader.WebappClassLoaderBase.clearReferencesJdbc 웹 애플리케이션 [ROOT]이(가) JDBC 드라이버 [cubrid.jdbc.driver.CUBRIDDriver]을(를) 등록했지만, 웹 애플리케이션이 중지될 때, 해당 JDBC 드라이버의 등록을 제거하지 못했습니다. 메모리 누수를 방지하기 위하여, 등록을 강제로 제거했습니다.
18-Dec-2025 13:20:36.634 경고 [Catalina-utility-2] org.apache.catalina.loader.WebappClassLoaderBase.clearReferencesThreads 웹 애플리케이션 [ROOT]이(가) [sysLogScheduler_Worker-1](이)라는 이름의 쓰레드를 시작시킨 것으로 보이지만, 해당 쓰레드를 중지시키지 못했습니다. 이는 메모리 누수를 유발할 가능성이 큽니다. 해당 쓰레드의 스택 트레이스:
 java.base/java.lang.Object.wait0(Native Method)
 java.base/java.lang.Object.wait(Object.java:366)
 org.quartz.simpl.SimpleThreadPool$WorkerThread.run(SimpleThreadPool.java:561)
18-Dec-2025 13:20:36.634 경고 [Catalina-utility-2] org.apache.catalina.loader.WebappClassLoaderBase.clearReferencesThreads 웹 애플리케이션 [ROOT]이(가) [sysLogScheduler_Worker-2](이)라는 이름의 쓰레드를 시작시킨 것으로 보이지만, 해당 쓰레드를 중지시키지 못했습니다. 이는 메모리 누수를 유발할 가능성이 큽니다. 해당 쓰레드의 스택 트레이스:
 java.base/java.lang.Object.wait0(Native Method)
 java.base/java.lang.Object.wait(Object.java:366)
 org.quartz.simpl.SimpleThreadPool$WorkerThread.run(SimpleThreadPool.java:561)
18-Dec-2025 13:20:36.635 경고 [Catalina-utility-2] org.apache.catalina.loader.WebappClassLoaderBase.clearReferencesThreads 웹 애플리케이션 [ROOT]이(가) [sysLogScheduler_Worker-3](이)라는 이름의 쓰레드를 시작시킨 것으로 보이지만, 해당 쓰레드를 중지시키지 못했습니다. 이는 메모리 누수를 유발할 가능성이 큽니다. 해당 쓰레드의 스택 트레이스:
 java.base/java.lang.Object.wait0(Native Method)
 java.base/java.lang.Object.wait(Object.java:366)
 org.quartz.simpl.SimpleThreadPool$WorkerThread.run(SimpleThreadPool.java:561)
18-Dec-2025 13:20:36.635 경고 [Catalina-utility-2] org.apache.catalina.loader.WebappClassLoaderBase.clearReferencesThreads 웹 애플리케이션 [ROOT]이(가) [sysLogScheduler_Worker-4](이)라는 이름의 쓰레드를 시작시킨 것으로 보이지만, 해당 쓰레드를 중지시키지 못했습니다. 이는 메모리 누수를 유발할 가능성이 큽니다. 해당 쓰레드의 스택 트레이스:
 java.base/java.lang.Object.wait0(Native Method)
 java.base/java.lang.Object.wait(Object.java:366)
 org.quartz.simpl.SimpleThreadPool$WorkerThread.run(SimpleThreadPool.java:561)
18-Dec-2025 13:20:36.635 경고 [Catalina-utility-2] org.apache.catalina.loader.WebappClassLoaderBase.clearReferencesThreads 웹 애플리케이션 [ROOT]이(가) [sysLogScheduler_Worker-5](이)라는 이름의 쓰레드를 시작시킨 것으로 보이지만, 해당 쓰레드를 중지시키지 못했습니다. 이는 메모리 누수를 유발할 가능성이 큽니다. 해당 쓰레드의 스택 트레이스:
 java.base/java.lang.Object.wait0(Native Method)
 java.base/java.lang.Object.wait(Object.java:366)
 org.quartz.simpl.SimpleThreadPool$WorkerThread.run(SimpleThreadPool.java:561)
18-Dec-2025 13:20:36.635 경고 [Catalina-utility-2] org.apache.catalina.loader.WebappClassLoaderBase.clearReferencesThreads 웹 애플리케이션 [ROOT]이(가) [sysLogScheduler_Worker-6](이)라는 이름의 쓰레드를 시작시킨 것으로 보이지만, 해당 쓰레드를 중지시키지 못했습니다. 이는 메모리 누수를 유발할 가능성이 큽니다. 해당 쓰레드의 스택 트레이스:
 java.base/java.lang.Object.wait0(Native Method)
 java.base/java.lang.Object.wait(Object.java:366)
 org.quartz.simpl.SimpleThreadPool$WorkerThread.run(SimpleThreadPool.java:561)
18-Dec-2025 13:20:36.635 경고 [Catalina-utility-2] org.apache.catalina.loader.WebappClassLoaderBase.clearReferencesThreads 웹 애플리케이션 [ROOT]이(가) [sysLogScheduler_Worker-7](이)라는 이름의 쓰레드를 시작시킨 것으로 보이지만, 해당 쓰레드를 중지시키지 못했습니다. 이는 메모리 누수를 유발할 가능성이 큽니다. 해당 쓰레드의 스택 트레이스:
 java.base/java.lang.Object.wait0(Native Method)
 java.base/java.lang.Object.wait(Object.java:366)
 org.quartz.simpl.SimpleThreadPool$WorkerThread.run(SimpleThreadPool.java:561)
18-Dec-2025 13:20:36.636 경고 [Catalina-utility-2] org.apache.catalina.loader.WebappClassLoaderBase.clearReferencesThreads 웹 애플리케이션 [ROOT]이(가) [sysLogScheduler_Worker-8](이)라는 이름의 쓰레드를 시작시킨 것으로 보이지만, 해당 쓰레드를 중지시키지 못했습니다. 이는 메모리 누수를 유발할 가능성이 큽니다. 해당 쓰레드의 스택 트레이스:
 java.base/java.lang.Object.wait0(Native Method)
 java.base/java.lang.Object.wait(Object.java:366)
 org.quartz.simpl.SimpleThreadPool$WorkerThread.run(SimpleThreadPool.java:561)
18-Dec-2025 13:20:36.636 경고 [Catalina-utility-2] org.apache.catalina.loader.WebappClassLoaderBase.clearReferencesThreads 웹 애플리케이션 [ROOT]이(가) [sysLogScheduler_Worker-9](이)라는 이름의 쓰레드를 시작시킨 것으로 보이지만, 해당 쓰레드를 중지시키지 못했습니다. 이는 메모리 누수를 유발할 가능성이 큽니다. 해당 쓰레드의 스택 트레이스:
 java.base/java.lang.Object.wait0(Native Method)
 java.base/java.lang.Object.wait(Object.java:366)
 org.quartz.simpl.SimpleThreadPool$WorkerThread.run(SimpleThreadPool.java:561)
18-Dec-2025 13:20:36.636 경고 [Catalina-utility-2] org.apache.catalina.loader.WebappClassLoaderBase.clearReferencesThreads 웹 애플리케이션 [ROOT]이(가) [sysLogScheduler_Worker-10](이)라는 이름의 쓰레드를 시작시킨 것으로 보이지만, 해당 쓰레드를 중지시키지 못했습니다. 이는 메모리 누수를 유발할 가능성이 큽니다. 해당 쓰레드의 스택 트레이스:
 java.base/java.lang.Object.wait0(Native Method)
 java.base/java.lang.Object.wait(Object.java:366)
 org.quartz.simpl.SimpleThreadPool$WorkerThread.run(SimpleThreadPool.java:561)
18-Dec-2025 13:20:37.028 정보 [Catalina-utility-2] org.apache.catalina.startup.HostConfig.deployWAR 웹 애플리케이션 아카이브 [D:\project\egov-enterprise\apache-tomcat-10.1.50\apache-tomcat-10.1.50\webapps\ROOT.war]을(를) 배치합니다.
18-Dec-2025 13:21:02.488 정보 [Catalina-utility-2] org.apache.jasper.servlet.TldScanner.scanJars 적어도 하나의 JAR가 TLD들을 찾기 위해 스캔되었으나 아무 것도 찾지 못했습니다. 스캔했으나 TLD가 없는 JAR들의 전체 목록을 보시려면, 로그 레벨을 디버그 레벨로 설정하십시오. 스캔 과정에서 불필요한 JAR들을 건너뛰면, 시스템 시작 시간과 JSP 컴파일 시간을 단축시킬 수 있습니다.
18-Dec-2025 13:21:11.730 정보 [Catalina-utility-2] org.apache.catalina.startup.HostConfig.deployWAR 웹 애플리케이션 아카이브 [D:\project\egov-enterprise\apache-tomcat-10.1.50\apache-tomcat-10.1.50\webapps\ROOT.war]의 배치가 [34,702] 밀리초에 완료되었습니다.
18-Dec-2025 14:25:46.091 정보 [Catalina-utility-2] org.apache.catalina.startup.HostConfig.undeploy 컨텍스트 []의 배치를 제거합니다.
18-Dec-2025 14:25:46.148 경고 [Catalina-utility-2] org.apache.catalina.loader.WebappClassLoaderBase.clearReferencesJdbc 웹 애플리케이션 [ROOT]이(가) JDBC 드라이버 [cubrid.jdbc.driver.CUBRIDDriver]을(를) 등록했지만, 웹 애플리케이션이 중지될 때, 해당 JDBC 드라이버의 등록을 제거하지 못했습니다. 메모리 누수를 방지하기 위하여, 등록을 강제로 제거했습니다.
18-Dec-2025 14:25:46.148 경고 [Catalina-utility-2] org.apache.catalina.loader.WebappClassLoaderBase.clearReferencesThreads 웹 애플리케이션 [ROOT]이(가) [sysLogScheduler_Worker-1](이)라는 이름의 쓰레드를 시작시킨 것으로 보이지만, 해당 쓰레드를 중지시키지 못했습니다. 이는 메모리 누수를 유발할 가능성이 큽니다. 해당 쓰레드의 스택 트레이스:
 java.base/java.lang.Object.wait0(Native Method)
 java.base/java.lang.Object.wait(Object.java:366)
 org.quartz.simpl.SimpleThreadPool$WorkerThread.run(SimpleThreadPool.java:561)
18-Dec-2025 14:25:46.149 경고 [Catalina-utility-2] org.apache.catalina.loader.WebappClassLoaderBase.clearReferencesThreads 웹 애플리케이션 [ROOT]이(가) [sysLogScheduler_Worker-2](이)라는 이름의 쓰레드를 시작시킨 것으로 보이지만, 해당 쓰레드를 중지시키지 못했습니다. 이는 메모리 누수를 유발할 가능성이 큽니다. 해당 쓰레드의 스택 트레이스:
 java.base/java.lang.Object.wait0(Native Method)
 java.base/java.lang.Object.wait(Object.java:366)
 org.quartz.simpl.SimpleThreadPool$WorkerThread.run(SimpleThreadPool.java:561)
18-Dec-2025 14:25:46.149 경고 [Catalina-utility-2] org.apache.catalina.loader.WebappClassLoaderBase.clearReferencesThreads 웹 애플리케이션 [ROOT]이(가) [sysLogScheduler_Worker-3](이)라는 이름의 쓰레드를 시작시킨 것으로 보이지만, 해당 쓰레드를 중지시키지 못했습니다. 이는 메모리 누수를 유발할 가능성이 큽니다. 해당 쓰레드의 스택 트레이스:
 java.base/java.lang.Object.wait0(Native Method)
 java.base/java.lang.Object.wait(Object.java:366)
 org.quartz.simpl.SimpleThreadPool$WorkerThread.run(SimpleThreadPool.java:561)
18-Dec-2025 14:25:46.150 경고 [Catalina-utility-2] org.apache.catalina.loader.WebappClassLoaderBase.clearReferencesThreads 웹 애플리케이션 [ROOT]이(가) [sysLogScheduler_Worker-4](이)라는 이름의 쓰레드를 시작시킨 것으로 보이지만, 해당 쓰레드를 중지시키지 못했습니다. 이는 메모리 누수를 유발할 가능성이 큽니다. 해당 쓰레드의 스택 트레이스:
 java.base/java.lang.Object.wait0(Native Method)
 java.base/java.lang.Object.wait(Object.java:366)
 org.quartz.simpl.SimpleThreadPool$WorkerThread.run(SimpleThreadPool.java:561)
18-Dec-2025 14:25:46.151 경고 [Catalina-utility-2] org.apache.catalina.loader.WebappClassLoaderBase.clearReferencesThreads 웹 애플리케이션 [ROOT]이(가) [sysLogScheduler_Worker-5](이)라는 이름의 쓰레드를 시작시킨 것으로 보이지만, 해당 쓰레드를 중지시키지 못했습니다. 이는 메모리 누수를 유발할 가능성이 큽니다. 해당 쓰레드의 스택 트레이스:
 java.base/java.lang.Object.wait0(Native Method)
 java.base/java.lang.Object.wait(Object.java:366)
 org.quartz.simpl.SimpleThreadPool$WorkerThread.run(SimpleThreadPool.java:561)
18-Dec-2025 14:25:46.151 경고 [Catalina-utility-2] org.apache.catalina.loader.WebappClassLoaderBase.clearReferencesThreads 웹 애플리케이션 [ROOT]이(가) [sysLogScheduler_Worker-6](이)라는 이름의 쓰레드를 시작시킨 것으로 보이지만, 해당 쓰레드를 중지시키지 못했습니다. 이는 메모리 누수를 유발할 가능성이 큽니다. 해당 쓰레드의 스택 트레이스:
 java.base/java.lang.Object.wait0(Native Method)
 java.base/java.lang.Object.wait(Object.java:366)
 org.quartz.simpl.SimpleThreadPool$WorkerThread.run(SimpleThreadPool.java:561)
18-Dec-2025 14:25:46.152 경고 [Catalina-utility-2] org.apache.catalina.loader.WebappClassLoaderBase.clearReferencesThreads 웹 애플리케이션 [ROOT]이(가) [sysLogScheduler_Worker-8](이)라는 이름의 쓰레드를 시작시킨 것으로 보이지만, 해당 쓰레드를 중지시키지 못했습니다. 이는 메모리 누수를 유발할 가능성이 큽니다. 해당 쓰레드의 스택 트레이스:
 java.base/java.lang.Object.wait0(Native Method)
 java.base/java.lang.Object.wait(Object.java:366)
 org.quartz.simpl.SimpleThreadPool$WorkerThread.run(SimpleThreadPool.java:561)
18-Dec-2025 14:25:46.152 경고 [Catalina-utility-2] org.apache.catalina.loader.WebappClassLoaderBase.clearReferencesThreads 웹 애플리케이션 [ROOT]이(가) [sysLogScheduler_Worker-9](이)라는 이름의 쓰레드를 시작시킨 것으로 보이지만, 해당 쓰레드를 중지시키지 못했습니다. 이는 메모리 누수를 유발할 가능성이 큽니다. 해당 쓰레드의 스택 트레이스:
 java.base/java.lang.Object.wait0(Native Method)
 java.base/java.lang.Object.wait(Object.java:366)
 org.quartz.simpl.SimpleThreadPool$WorkerThread.run(SimpleThreadPool.java:561)
18-Dec-2025 14:25:46.153 경고 [Catalina-utility-2] org.apache.catalina.loader.WebappClassLoaderBase.clearReferencesThreads 웹 애플리케이션 [ROOT]이(가) [sysLogScheduler_Worker-10](이)라는 이름의 쓰레드를 시작시킨 것으로 보이지만, 해당 쓰레드를 중지시키지 못했습니다. 이는 메모리 누수를 유발할 가능성이 큽니다. 해당 쓰레드의 스택 트레이스:
 java.base/java.lang.Object.wait0(Native Method)
 java.base/java.lang.Object.wait(Object.java:366)
 org.quartz.simpl.SimpleThreadPool$WorkerThread.run(SimpleThreadPool.java:561)
18-Dec-2025 14:25:47.047 정보 [Catalina-utility-2] org.apache.catalina.startup.HostConfig.deployWAR 웹 애플리케이션 아카이브 [D:\project\egov-enterprise\apache-tomcat-10.1.50\apache-tomcat-10.1.50\webapps\ROOT.war]을(를) 배치합니다.
18-Dec-2025 14:26:11.984 정보 [Catalina-utility-2] org.apache.jasper.servlet.TldScanner.scanJars 적어도 하나의 JAR가 TLD들을 찾기 위해 스캔되었으나 아무 것도 찾지 못했습니다. 스캔했으나 TLD가 없는 JAR들의 전체 목록을 보시려면, 로그 레벨을 디버그 레벨로 설정하십시오. 스캔 과정에서 불필요한 JAR들을 건너뛰면, 시스템 시작 시간과 JSP 컴파일 시간을 단축시킬 수 있습니다.
18-Dec-2025 14:26:21.346 정보 [Catalina-utility-2] org.apache.catalina.startup.HostConfig.deployWAR 웹 애플리케이션 아카이브 [D:\project\egov-enterprise\apache-tomcat-10.1.50\apache-tomcat-10.1.50\webapps\ROOT.war]의 배치가 [34,299] 밀리초에 완료되었습니다.
18-Dec-2025 16:48:32.189 정보 [main] org.apache.catalina.startup.VersionLoggerListener.log 서버 버전 이름:    Apache Tomcat/10.1.50
18-Dec-2025 16:48:32.195 정보 [main] org.apache.catalina.startup.VersionLoggerListener.log Server 빌드 시각:  Dec 2 2025 22:57:41 UTC
18-Dec-2025 16:48:32.195 정보 [main] org.apache.catalina.startup.VersionLoggerListener.log Server 버전 번호:  10.1.50.0
18-Dec-2025 16:48:32.197 정보 [main] org.apache.catalina.startup.VersionLoggerListener.log 운영체제 이름:     Windows 11
18-Dec-2025 16:48:32.197 정보 [main] org.apache.catalina.startup.VersionLoggerListener.log 운영체제 버전:     10.0
18-Dec-2025 16:48:32.197 정보 [main] org.apache.catalina.startup.VersionLoggerListener.log 아키텍처:          amd64
18-Dec-2025 16:48:32.197 정보 [main] org.apache.catalina.startup.VersionLoggerListener.log 자바 홈:           C:\Program Files\Eclipse Adoptium\jdk-21.0.4.7-hotspot
18-Dec-2025 16:48:32.198 정보 [main] org.apache.catalina.startup.VersionLoggerListener.log JVM 버전:          21.0.4+7-LTS
18-Dec-2025 16:48:32.198 정보 [main] org.apache.catalina.startup.VersionLoggerListener.log JVM 벤더:          Eclipse Adoptium
18-Dec-2025 16:48:32.199 정보 [main] org.apache.catalina.startup.VersionLoggerListener.log CATALINA_BASE:     D:\project\egov-enterprise\apache-tomcat-10.1.50\apache-tomcat-10.1.50
18-Dec-2025 16:48:32.199 정보 [main] org.apache.catalina.startup.VersionLoggerListener.log CATALINA_HOME:     D:\project\egov-enterprise\apache-tomcat-10.1.50\apache-tomcat-10.1.50
18-Dec-2025 16:48:32.223 정보 [main] org.apache.catalina.startup.VersionLoggerListener.log 명령 행 아규먼트:  -Djava.util.logging.config.file=D:\project\egov-enterprise\apache-tomcat-10.1.50\apache-tomcat-10.1.50\conf\logging.properties
18-Dec-2025 16:48:32.224 정보 [main] org.apache.catalina.startup.VersionLoggerListener.log 명령 행 아규먼트:  -Djava.util.logging.manager=org.apache.juli.ClassLoaderLogManager
18-Dec-2025 16:48:32.224 정보 [main] org.apache.catalina.startup.VersionLoggerListener.log 명령 행 아규먼트:  -Djdk.tls.ephemeralDHKeySize=2048
18-Dec-2025 16:48:32.224 정보 [main] org.apache.catalina.startup.VersionLoggerListener.log 명령 행 아규먼트:  -Djava.protocol.handler.pkgs=org.apache.catalina.webresources
18-Dec-2025 16:48:32.225 정보 [main] org.apache.catalina.startup.VersionLoggerListener.log 명령 행 아규먼트:  -Dsun.io.useCanonCaches=false
18-Dec-2025 16:48:32.225 정보 [main] org.apache.catalina.startup.VersionLoggerListener.log 명령 행 아규먼트:  --add-opens=java.base/java.lang=ALL-UNNAMED
18-Dec-2025 16:48:32.226 정보 [main] org.apache.catalina.startup.VersionLoggerListener.log 명령 행 아규먼트:  --add-opens=java.base/java.lang.reflect=ALL-UNNAMED
18-Dec-2025 16:48:32.226 정보 [main] org.apache.catalina.startup.VersionLoggerListener.log 명령 행 아규먼트:  --add-opens=java.base/java.io=ALL-UNNAMED
18-Dec-2025 16:48:32.226 정보 [main] org.apache.catalina.startup.VersionLoggerListener.log 명령 행 아규먼트:  --add-opens=java.base/java.util=ALL-UNNAMED
18-Dec-2025 16:48:32.227 정보 [main] org.apache.catalina.startup.VersionLoggerListener.log 명령 행 아규먼트:  --add-opens=java.base/java.util.concurrent=ALL-UNNAMED
18-Dec-2025 16:48:32.227 정보 [main] org.apache.catalina.startup.VersionLoggerListener.log 명령 행 아규먼트:  --add-opens=java.rmi/sun.rmi.transport=ALL-UNNAMED
18-Dec-2025 16:48:32.228 정보 [main] org.apache.catalina.startup.VersionLoggerListener.log 명령 행 아규먼트:  -Dcatalina.base=D:\project\egov-enterprise\apache-tomcat-10.1.50\apache-tomcat-10.1.50
18-Dec-2025 16:48:32.228 정보 [main] org.apache.catalina.startup.VersionLoggerListener.log 명령 행 아규먼트:  -Dcatalina.home=D:\project\egov-enterprise\apache-tomcat-10.1.50\apache-tomcat-10.1.50
18-Dec-2025 16:48:32.229 정보 [main] org.apache.catalina.startup.VersionLoggerListener.log 명령 행 아규먼트:  -Djava.io.tmpdir=D:\project\egov-enterprise\apache-tomcat-10.1.50\apache-tomcat-10.1.50\temp
18-Dec-2025 16:48:32.248 정보 [main] org.apache.catalina.core.AprLifecycleListener.lifecycleEvent 프로덕션 환경들에서 최적의 성능을 제공하는, APR 기반 Apache Tomcat Native 라이브러리가, 다음 java.library.path에서 발견되지 않습니다: [C:\Program Files\Eclipse Adoptium\jdk-21.0.4.7-hotspot\bin;C:\WINDOWS\Sun\Java\bin;C:\WINDOWS\system32;C:\WINDOWS;C:\Python313\Scripts\;C:\Python313\;C:\Program Files\Microsoft\jdk-11.0.25.9-hotspot\bin;C:\Program Files\Common Files\Oracle\Java\javapath;C:\Program Files (x86)\Common Files\Oracle\Java\java8path;C:\Program Files (x86)\Common Files\Oracle\Java\javapath;C:\Program Files\Eclipse Adoptium\jdk-21.0.4.7-hotspot\bin;C:\WINDOWS\system32;C:\WINDOWS;C:\WINDOWS\System32\Wbem;C:\WINDOWS\System32\WindowsPowerShell\v1.0\;C:\WINDOWS\System32\OpenSSH\;C:\Program Files\Bandizip\;C:\Program Files\dotnet\;%JAVA_HOME%\bin;C:\Program Files\nodejs\;C:\ProgramData\chocolatey\bin;C:\Program Files\Git\cmd;C:\Users\lkind\AppData\Roaming\npm;C:\Users\lkind\AppData\Local\Pandoc;C:\Program Files\Docker\Docker\resources\bin;C:\Program Files\Apache\apache-maven-3.9.11\bin;C:\Program Files\Apache\apache-maven-3.9.11\bin;C:\Python313\Scripts\;C:\Python313\;C:\Program Files\Microsoft\jdk-11.0.25.9-hotspot\bin;C:\Program Files\Common Files\Oracle\Java\javapath;C:\Program Files (x86)\Common Files\Oracle\Java\java8path;C:\Program Files (x86)\Common Files\Oracle\Java\javapath;C:\Program Files\Eclipse Adoptium\jdk-21.0.4.7-hotspot\bin;C:\WINDOWS\system32;C:\WINDOWS;C:\WINDOWS\System32\Wbem;C:\WINDOWS\System32\WindowsPowerShell\v1.0\;C:\WINDOWS\System32\OpenSSH\;C:\Program Files\Bandizip\;C:\Program Files\dotnet\;C:\Program Files\Eclipse Adoptium\jdk-21.0.4.7-hotspot\bin;C:\Program Files\nodejs\;C:\ProgramData\chocolatey\bin;C:\Program Files\Docker\Docker\resources\bin;C:\Program Files\Git\cmd;C:\Users\lkind\AppData\Local\Programs\Python\Launcher\;C:\Users\lkind\AppData\Local\Microsoft\WindowsApps;C:\Users\lkind\AppData\Local\Programs\cursor\resources\app\bin;C:\Users\lkind\AppData\Roaming\npm;C:\Users\lkind\AppData\Local\GitHubDesktop\bin;C:\Users\lkind\AppData\Local\Programs\Microsoft VS Code\bin;C:\Users\lkind\AppData\Local\Microsoft\WinGet\Packages\astral-sh.uv_Microsoft;C:\Users\lkind\AppData\Local\Pandoc\;C:\Users\lkind\AppData\Local\Programs\Antigravity\bin;C:\Program Files\Apache\apache-maven-3.9.11\bin;c:\Users\lkind\.antigravity\extensions\vscjava.vscode-java-debug-0.58.3-universal\bundled\scripts\noConfigScriptsc:\Users\lkind\.antigravity\extensions\ms-python.debugpy-2025.14.1-win32-x64\bundled\scripts\noConfigScripts;.]
18-Dec-2025 16:48:32.728 정보 [main] org.apache.coyote.AbstractProtocol.init 프로토콜 핸들러 ["http-nio-8080"]을(를) 초기화합니다.
18-Dec-2025 16:48:32.759 심각 [main] org.apache.catalina.util.LifecycleBase.handleSubClassException 구성요소 [Connector["http-nio-8080"]]을(를) 초기화하지 못했습니다.
	org.apache.catalina.LifecycleException: 프로토콜 핸들러 초기화가 실패했습니다.
		at org.apache.catalina.connector.Connector.initInternal(Connector.java:1084)
		at org.apache.catalina.util.LifecycleBase.init(LifecycleBase.java:122)
		at org.apache.catalina.core.StandardService.initInternal(StandardService.java:520)
		at org.apache.catalina.util.LifecycleBase.init(LifecycleBase.java:122)
		at org.apache.catalina.core.StandardServer.initInternal(StandardServer.java:955)
		at org.apache.catalina.util.LifecycleBase.init(LifecycleBase.java:122)
		at org.apache.catalina.startup.Catalina.load(Catalina.java:709)
		at org.apache.catalina.startup.Catalina.load(Catalina.java:732)
		at java.base/jdk.internal.reflect.DirectMethodHandleAccessor.invoke(DirectMethodHandleAccessor.java:103)
		at java.base/java.lang.reflect.Method.invoke(Method.java:580)
		at org.apache.catalina.startup.Bootstrap.load(Bootstrap.java:299)
		at org.apache.catalina.startup.Bootstrap.main(Bootstrap.java:472)
	Caused by: java.net.BindException: Address already in use: bind
		at java.base/sun.nio.ch.Net.bind0(Native Method)
		at java.base/sun.nio.ch.Net.bind(Net.java:565)
		at java.base/sun.nio.ch.ServerSocketChannelImpl.netBind(ServerSocketChannelImpl.java:344)
		at java.base/sun.nio.ch.ServerSocketChannelImpl.bind(ServerSocketChannelImpl.java:301)
		at org.apache.tomcat.util.net.NioEndpoint.initServerSocket(NioEndpoint.java:264)
		at org.apache.tomcat.util.net.NioEndpoint.bind(NioEndpoint.java:219)
		at org.apache.tomcat.util.net.AbstractEndpoint.bindWithCleanup(AbstractEndpoint.java:1431)
		at org.apache.tomcat.util.net.AbstractEndpoint.init(AbstractEndpoint.java:1444)
		at org.apache.coyote.AbstractProtocol.init(AbstractProtocol.java:633)
		at org.apache.coyote.http11.AbstractHttp11Protocol.init(AbstractHttp11Protocol.java:82)
		at org.apache.catalina.connector.Connector.initInternal(Connector.java:1082)
		... 11 more
18-Dec-2025 16:48:32.761 정보 [main] org.apache.catalina.startup.Catalina.load [870] 밀리초 내에 서버가 초기화되었습니다.
18-Dec-2025 16:48:32.847 정보 [main] org.apache.catalina.core.StandardService.startInternal 서비스 [Catalina]을(를) 시작합니다.
18-Dec-2025 16:48:32.848 정보 [main] org.apache.catalina.core.StandardEngine.startInternal 서버 엔진을 시작합니다: [Apache Tomcat/10.1.50]
18-Dec-2025 16:48:32.902 정보 [main] org.apache.catalina.startup.HostConfig.deployWAR 웹 애플리케이션 아카이브 [D:\project\egov-enterprise\apache-tomcat-10.1.50\apache-tomcat-10.1.50\webapps\ROOT.war]을(를) 배치합니다.
18-Dec-2025 16:48:36.900 정보 [main] org.apache.jasper.servlet.TldScanner.scanJars 적어도 하나의 JAR가 TLD들을 찾기 위해 스캔되었으나 아무 것도 찾지 못했습니다. 스캔했으나 TLD가 없는 JAR들의 전체 목록을 보시려면, 로그 레벨을 디버그 레벨로 설정하십시오. 스캔 과정에서 불필요한 JAR들을 건너뛰면, 시스템 시작 시간과 JSP 컴파일 시간을 단축시킬 수 있습니다.
18-Dec-2025 16:48:45.866 정보 [main] org.apache.catalina.startup.HostConfig.deployWAR 웹 애플리케이션 아카이브 [D:\project\egov-enterprise\apache-tomcat-10.1.50\apache-tomcat-10.1.50\webapps\ROOT.war]의 배치가 [12,958] 밀리초에 완료되었습니다.
18-Dec-2025 16:48:45.867 정보 [main] org.apache.catalina.startup.HostConfig.deployDirectory 웹 애플리케이션 디렉토리 [D:\project\egov-enterprise\apache-tomcat-10.1.50\apache-tomcat-10.1.50\webapps\docs]을(를) 배치합니다.
18-Dec-2025 16:48:45.975 정보 [main] org.apache.jasper.servlet.TldScanner.scanJars 적어도 하나의 JAR가 TLD들을 찾기 위해 스캔되었으나 아무 것도 찾지 못했습니다. 스캔했으나 TLD가 없는 JAR들의 전체 목록을 보시려면, 로그 레벨을 디버그 레벨로 설정하십시오. 스캔 과정에서 불필요한 JAR들을 건너뛰면, 시스템 시작 시간과 JSP 컴파일 시간을 단축시킬 수 있습니다.
18-Dec-2025 16:48:45.981 정보 [main] org.apache.catalina.startup.HostConfig.deployDirectory 웹 애플리케이션 디렉토리 [D:\project\egov-enterprise\apache-tomcat-10.1.50\apache-tomcat-10.1.50\webapps\docs]에 대한 배치가 [113] 밀리초에 완료되었습니다.
18-Dec-2025 16:48:45.981 정보 [main] org.apache.catalina.startup.HostConfig.deployDirectory 웹 애플리케이션 디렉토리 [D:\project\egov-enterprise\apache-tomcat-10.1.50\apache-tomcat-10.1.50\webapps\examples]을(를) 배치합니다.
18-Dec-2025 16:48:46.366 정보 [main] org.apache.jasper.servlet.TldScanner.scanJars 적어도 하나의 JAR가 TLD들을 찾기 위해 스캔되었으나 아무 것도 찾지 못했습니다. 스캔했으나 TLD가 없는 JAR들의 전체 목록을 보시려면, 로그 레벨을 디버그 레벨로 설정하십시오. 스캔 과정에서 불필요한 JAR들을 건너뛰면, 시스템 시작 시간과 JSP 컴파일 시간을 단축시킬 수 있습니다.
18-Dec-2025 16:48:46.469 정보 [main] org.apache.catalina.startup.HostConfig.deployDirectory 웹 애플리케이션 디렉토리 [D:\project\egov-enterprise\apache-tomcat-10.1.50\apache-tomcat-10.1.50\webapps\examples]에 대한 배치가 [488] 밀리초에 완료되었습니다.
18-Dec-2025 16:48:46.470 정보 [main] org.apache.catalina.startup.HostConfig.deployDirectory 웹 애플리케이션 디렉토리 [D:\project\egov-enterprise\apache-tomcat-10.1.50\apache-tomcat-10.1.50\webapps\host-manager]을(를) 배치합니다.
18-Dec-2025 16:48:46.590 정보 [main] org.apache.jasper.servlet.TldScanner.scanJars 적어도 하나의 JAR가 TLD들을 찾기 위해 스캔되었으나 아무 것도 찾지 못했습니다. 스캔했으나 TLD가 없는 JAR들의 전체 목록을 보시려면, 로그 레벨을 디버그 레벨로 설정하십시오. 스캔 과정에서 불필요한 JAR들을 건너뛰면, 시스템 시작 시간과 JSP 컴파일 시간을 단축시킬 수 있습니다.
18-Dec-2025 16:48:46.603 정보 [main] org.apache.catalina.startup.HostConfig.deployDirectory 웹 애플리케이션 디렉토리 [D:\project\egov-enterprise\apache-tomcat-10.1.50\apache-tomcat-10.1.50\webapps\host-manager]에 대한 배치가 [133] 밀리초에 완료되었습니다.
18-Dec-2025 16:48:46.604 정보 [main] org.apache.catalina.startup.HostConfig.deployDirectory 웹 애플리케이션 디렉토리 [D:\project\egov-enterprise\apache-tomcat-10.1.50\apache-tomcat-10.1.50\webapps\manager]을(를) 배치합니다.
18-Dec-2025 16:48:46.714 정보 [main] org.apache.jasper.servlet.TldScanner.scanJars 적어도 하나의 JAR가 TLD들을 찾기 위해 스캔되었으나 아무 것도 찾지 못했습니다. 스캔했으나 TLD가 없는 JAR들의 전체 목록을 보시려면, 로그 레벨을 디버그 레벨로 설정하십시오. 스캔 과정에서 불필요한 JAR들을 건너뛰면, 시스템 시작 시간과 JSP 컴파일 시간을 단축시킬 수 있습니다.
18-Dec-2025 16:48:46.720 정보 [main] org.apache.catalina.startup.HostConfig.deployDirectory 웹 애플리케이션 디렉토리 [D:\project\egov-enterprise\apache-tomcat-10.1.50\apache-tomcat-10.1.50\webapps\manager]에 대한 배치가 [117] 밀리초에 완료되었습니다.
18-Dec-2025 16:48:46.737 정보 [main] org.apache.catalina.startup.Catalina.start 서버가 [13973] 밀리초 내에 시작되었습니다.
18-Dec-2025 16:48:46.747 심각 [main] org.apache.catalina.core.StandardServer.await 주소 [localhost]와(과) 포트 [8005]에, 서버 셧다운 소켓을 생성하지 못했습니다. (base 포트 [8005], offset [0])
	java.net.BindException: Address already in use: bind
		at java.base/sun.nio.ch.Net.bind0(Native Method)
		at java.base/sun.nio.ch.Net.bind(Net.java:565)
		at java.base/sun.nio.ch.Net.bind(Net.java:554)
		at java.base/sun.nio.ch.NioSocketImpl.bind(NioSocketImpl.java:636)
		at java.base/java.net.ServerSocket.bind(ServerSocket.java:391)
		at java.base/java.net.ServerSocket.<init>(ServerSocket.java:278)
		at org.apache.catalina.core.StandardServer.await(StandardServer.java:531)
		at org.apache.catalina.startup.Catalina.await(Catalina.java:848)
		at org.apache.catalina.startup.Catalina.start(Catalina.java:796)
		at java.base/jdk.internal.reflect.DirectMethodHandleAccessor.invoke(DirectMethodHandleAccessor.java:103)
		at java.base/java.lang.reflect.Method.invoke(Method.java:580)
		at org.apache.catalina.startup.Bootstrap.start(Bootstrap.java:342)
		at org.apache.catalina.startup.Bootstrap.main(Bootstrap.java:473)
18-Dec-2025 16:48:46.748 정보 [main] org.apache.coyote.AbstractProtocol.pause 프로토콜 핸들러 ["http-nio-8080"]을(를) 일시 정지 중
18-Dec-2025 16:48:46.749 정보 [main] org.apache.catalina.core.StandardService.stopInternal 서비스 [Catalina]을(를) 중지시킵니다.
18-Dec-2025 16:48:46.806 경고 [main] org.apache.catalina.loader.WebappClassLoaderBase.clearReferencesJdbc 웹 애플리케이션 [ROOT]이(가) JDBC 드라이버 [cubrid.jdbc.driver.CUBRIDDriver]을(를) 등록했지만, 웹 애플리케이션이 중지될 때, 해당 JDBC 드라이버의 등록을 제거하지 못했습니다. 메모리 누수를 방지하기 위하여, 등록을 강제로 제거했습니다.
18-Dec-2025 16:48:46.808 경고 [main] org.apache.catalina.loader.WebappClassLoaderBase.clearReferencesThreads 웹 애플리케이션 [ROOT]이(가) [sysLogScheduler_Worker-1](이)라는 이름의 쓰레드를 시작시킨 것으로 보이지만, 해당 쓰레드를 중지시키지 못했습니다. 이는 메모리 누수를 유발할 가능성이 큽니다. 해당 쓰레드의 스택 트레이스:
 java.base/java.lang.Object.wait0(Native Method)
 java.base/java.lang.Object.wait(Object.java:366)
 org.quartz.simpl.SimpleThreadPool$WorkerThread.run(SimpleThreadPool.java:561)
18-Dec-2025 16:48:46.808 경고 [main] org.apache.catalina.loader.WebappClassLoaderBase.clearReferencesThreads 웹 애플리케이션 [ROOT]이(가) [sysLogScheduler_Worker-2](이)라는 이름의 쓰레드를 시작시킨 것으로 보이지만, 해당 쓰레드를 중지시키지 못했습니다. 이는 메모리 누수를 유발할 가능성이 큽니다. 해당 쓰레드의 스택 트레이스:
 java.base/java.lang.Object.wait0(Native Method)
 java.base/java.lang.Object.wait(Object.java:366)
 org.quartz.simpl.SimpleThreadPool$WorkerThread.run(SimpleThreadPool.java:561)
18-Dec-2025 16:48:46.809 경고 [main] org.apache.catalina.loader.WebappClassLoaderBase.clearReferencesThreads 웹 애플리케이션 [ROOT]이(가) [sysLogScheduler_Worker-3](이)라는 이름의 쓰레드를 시작시킨 것으로 보이지만, 해당 쓰레드를 중지시키지 못했습니다. 이는 메모리 누수를 유발할 가능성이 큽니다. 해당 쓰레드의 스택 트레이스:
 java.base/java.lang.Object.wait0(Native Method)
 java.base/java.lang.Object.wait(Object.java:366)
 org.quartz.simpl.SimpleThreadPool$WorkerThread.run(SimpleThreadPool.java:561)
18-Dec-2025 16:48:46.809 경고 [main] org.apache.catalina.loader.WebappClassLoaderBase.clearReferencesThreads 웹 애플리케이션 [ROOT]이(가) [sysLogScheduler_Worker-4](이)라는 이름의 쓰레드를 시작시킨 것으로 보이지만, 해당 쓰레드를 중지시키지 못했습니다. 이는 메모리 누수를 유발할 가능성이 큽니다. 해당 쓰레드의 스택 트레이스:
 java.base/java.lang.Object.wait0(Native Method)
 java.base/java.lang.Object.wait(Object.java:366)
 org.quartz.simpl.SimpleThreadPool$WorkerThread.run(SimpleThreadPool.java:561)
18-Dec-2025 16:48:46.809 경고 [main] org.apache.catalina.loader.WebappClassLoaderBase.clearReferencesThreads 웹 애플리케이션 [ROOT]이(가) [sysLogScheduler_Worker-5](이)라는 이름의 쓰레드를 시작시킨 것으로 보이지만, 해당 쓰레드를 중지시키지 못했습니다. 이는 메모리 누수를 유발할 가능성이 큽니다. 해당 쓰레드의 스택 트레이스:
 java.base/java.lang.Object.wait0(Native Method)
 java.base/java.lang.Object.wait(Object.java:366)
 org.quartz.simpl.SimpleThreadPool$WorkerThread.run(SimpleThreadPool.java:561)
18-Dec-2025 16:48:46.809 경고 [main] org.apache.catalina.loader.WebappClassLoaderBase.clearReferencesThreads 웹 애플리케이션 [ROOT]이(가) [sysLogScheduler_Worker-6](이)라는 이름의 쓰레드를 시작시킨 것으로 보이지만, 해당 쓰레드를 중지시키지 못했습니다. 이는 메모리 누수를 유발할 가능성이 큽니다. 해당 쓰레드의 스택 트레이스:
 java.base/java.lang.Object.wait0(Native Method)
 java.base/java.lang.Object.wait(Object.java:366)
 org.quartz.simpl.SimpleThreadPool$WorkerThread.run(SimpleThreadPool.java:561)
18-Dec-2025 16:48:46.811 경고 [main] org.apache.catalina.loader.WebappClassLoaderBase.clearReferencesThreads 웹 애플리케이션 [ROOT]이(가) [sysLogScheduler_Worker-7](이)라는 이름의 쓰레드를 시작시킨 것으로 보이지만, 해당 쓰레드를 중지시키지 못했습니다. 이는 메모리 누수를 유발할 가능성이 큽니다. 해당 쓰레드의 스택 트레이스:
 java.base/java.lang.Object.wait0(Native Method)
 java.base/java.lang.Object.wait(Object.java:366)
 org.quartz.simpl.SimpleThreadPool$WorkerThread.run(SimpleThreadPool.java:561)
18-Dec-2025 16:48:46.812 경고 [main] org.apache.catalina.loader.WebappClassLoaderBase.clearReferencesThreads 웹 애플리케이션 [ROOT]이(가) [sysLogScheduler_Worker-8](이)라는 이름의 쓰레드를 시작시킨 것으로 보이지만, 해당 쓰레드를 중지시키지 못했습니다. 이는 메모리 누수를 유발할 가능성이 큽니다. 해당 쓰레드의 스택 트레이스:
 java.base/java.lang.Object.wait0(Native Method)
 java.base/java.lang.Object.wait(Object.java:366)
 org.quartz.simpl.SimpleThreadPool$WorkerThread.run(SimpleThreadPool.java:561)
18-Dec-2025 16:48:46.812 경고 [main] org.apache.catalina.loader.WebappClassLoaderBase.clearReferencesThreads 웹 애플리케이션 [ROOT]이(가) [sysLogScheduler_Worker-9](이)라는 이름의 쓰레드를 시작시킨 것으로 보이지만, 해당 쓰레드를 중지시키지 못했습니다. 이는 메모리 누수를 유발할 가능성이 큽니다. 해당 쓰레드의 스택 트레이스:
 java.base/java.lang.Object.wait0(Native Method)
 java.base/java.lang.Object.wait(Object.java:366)
 org.quartz.simpl.SimpleThreadPool$WorkerThread.run(SimpleThreadPool.java:561)
18-Dec-2025 16:48:46.813 경고 [main] org.apache.catalina.loader.WebappClassLoaderBase.clearReferencesThreads 웹 애플리케이션 [ROOT]이(가) [sysLogScheduler_Worker-10](이)라는 이름의 쓰레드를 시작시킨 것으로 보이지만, 해당 쓰레드를 중지시키지 못했습니다. 이는 메모리 누수를 유발할 가능성이 큽니다. 해당 쓰레드의 스택 트레이스:
 java.base/java.lang.Object.wait0(Native Method)
 java.base/java.lang.Object.wait(Object.java:366)
 org.quartz.simpl.SimpleThreadPool$WorkerThread.run(SimpleThreadPool.java:561)
18-Dec-2025 16:48:46.863 정보 [main] org.apache.coyote.AbstractProtocol.stop 프로토콜 핸들러 ["http-nio-8080"]을(를) 중지시킵니다.
18-Dec-2025 16:48:46.866 정보 [main] org.apache.coyote.AbstractProtocol.destroy 프로토콜 핸들러 ["http-nio-8080"]을(를) 소멸시킵니다.
18-Dec-2025 17:22:07.778 정보 [main] org.apache.catalina.core.StandardServer.await 셧다운 포트를 통해 유효한 셧다운 명령을 받았습니다. 서버 인스턴스를 중지시킵니다.
18-Dec-2025 17:22:07.779 정보 [main] org.apache.coyote.AbstractProtocol.pause 프로토콜 핸들러 ["http-nio-8080"]을(를) 일시 정지 중
18-Dec-2025 17:22:07.792 정보 [main] org.apache.catalina.core.StandardService.stopInternal 서비스 [Catalina]을(를) 중지시킵니다.
18-Dec-2025 17:22:07.850 경고 [main] org.apache.catalina.loader.WebappClassLoaderBase.clearReferencesJdbc 웹 애플리케이션 [ROOT]이(가) JDBC 드라이버 [cubrid.jdbc.driver.CUBRIDDriver]을(를) 등록했지만, 웹 애플리케이션이 중지될 때, 해당 JDBC 드라이버의 등록을 제거하지 못했습니다. 메모리 누수를 방지하기 위하여, 등록을 강제로 제거했습니다.
18-Dec-2025 17:22:07.850 경고 [main] org.apache.catalina.loader.WebappClassLoaderBase.clearReferencesThreads 웹 애플리케이션 [ROOT]이(가) [sysLogScheduler_Worker-1](이)라는 이름의 쓰레드를 시작시킨 것으로 보이지만, 해당 쓰레드를 중지시키지 못했습니다. 이는 메모리 누수를 유발할 가능성이 큽니다. 해당 쓰레드의 스택 트레이스:
 java.base/java.lang.Object.wait0(Native Method)
 java.base/java.lang.Object.wait(Object.java:366)
 org.quartz.simpl.SimpleThreadPool$WorkerThread.run(SimpleThreadPool.java:561)
18-Dec-2025 17:22:07.850 경고 [main] org.apache.catalina.loader.WebappClassLoaderBase.clearReferencesThreads 웹 애플리케이션 [ROOT]이(가) [sysLogScheduler_Worker-2](이)라는 이름의 쓰레드를 시작시킨 것으로 보이지만, 해당 쓰레드를 중지시키지 못했습니다. 이는 메모리 누수를 유발할 가능성이 큽니다. 해당 쓰레드의 스택 트레이스:
 java.base/java.lang.Object.wait0(Native Method)
 java.base/java.lang.Object.wait(Object.java:366)
 org.quartz.simpl.SimpleThreadPool$WorkerThread.run(SimpleThreadPool.java:561)
18-Dec-2025 17:22:07.850 경고 [main] org.apache.catalina.loader.WebappClassLoaderBase.clearReferencesThreads 웹 애플리케이션 [ROOT]이(가) [sysLogScheduler_Worker-3](이)라는 이름의 쓰레드를 시작시킨 것으로 보이지만, 해당 쓰레드를 중지시키지 못했습니다. 이는 메모리 누수를 유발할 가능성이 큽니다. 해당 쓰레드의 스택 트레이스:
 java.base/java.lang.Object.wait0(Native Method)
 java.base/java.lang.Object.wait(Object.java:366)
 org.quartz.simpl.SimpleThreadPool$WorkerThread.run(SimpleThreadPool.java:561)
18-Dec-2025 17:22:07.852 경고 [main] org.apache.catalina.loader.WebappClassLoaderBase.clearReferencesThreads 웹 애플리케이션 [ROOT]이(가) [sysLogScheduler_Worker-4](이)라는 이름의 쓰레드를 시작시킨 것으로 보이지만, 해당 쓰레드를 중지시키지 못했습니다. 이는 메모리 누수를 유발할 가능성이 큽니다. 해당 쓰레드의 스택 트레이스:
 java.base/java.lang.Object.wait0(Native Method)
 java.base/java.lang.Object.wait(Object.java:366)
 org.quartz.simpl.SimpleThreadPool$WorkerThread.run(SimpleThreadPool.java:561)
18-Dec-2025 17:22:07.852 경고 [main] org.apache.catalina.loader.WebappClassLoaderBase.clearReferencesThreads 웹 애플리케이션 [ROOT]이(가) [sysLogScheduler_Worker-5](이)라는 이름의 쓰레드를 시작시킨 것으로 보이지만, 해당 쓰레드를 중지시키지 못했습니다. 이는 메모리 누수를 유발할 가능성이 큽니다. 해당 쓰레드의 스택 트레이스:
 java.base/java.lang.Object.wait0(Native Method)
 java.base/java.lang.Object.wait(Object.java:366)
 org.quartz.simpl.SimpleThreadPool$WorkerThread.run(SimpleThreadPool.java:561)
18-Dec-2025 17:22:07.852 경고 [main] org.apache.catalina.loader.WebappClassLoaderBase.clearReferencesThreads 웹 애플리케이션 [ROOT]이(가) [sysLogScheduler_Worker-6](이)라는 이름의 쓰레드를 시작시킨 것으로 보이지만, 해당 쓰레드를 중지시키지 못했습니다. 이는 메모리 누수를 유발할 가능성이 큽니다. 해당 쓰레드의 스택 트레이스:
 java.base/java.lang.Object.wait0(Native Method)
 java.base/java.lang.Object.wait(Object.java:366)
 org.quartz.simpl.SimpleThreadPool$WorkerThread.run(SimpleThreadPool.java:561)
18-Dec-2025 17:22:07.852 경고 [main] org.apache.catalina.loader.WebappClassLoaderBase.clearReferencesThreads 웹 애플리케이션 [ROOT]이(가) [sysLogScheduler_Worker-7](이)라는 이름의 쓰레드를 시작시킨 것으로 보이지만, 해당 쓰레드를 중지시키지 못했습니다. 이는 메모리 누수를 유발할 가능성이 큽니다. 해당 쓰레드의 스택 트레이스:
 java.base/java.lang.Object.wait0(Native Method)
 java.base/java.lang.Object.wait(Object.java:366)
 org.quartz.simpl.SimpleThreadPool$WorkerThread.run(SimpleThreadPool.java:561)
18-Dec-2025 17:22:07.852 경고 [main] org.apache.catalina.loader.WebappClassLoaderBase.clearReferencesThreads 웹 애플리케이션 [ROOT]이(가) [sysLogScheduler_Worker-8](이)라는 이름의 쓰레드를 시작시킨 것으로 보이지만, 해당 쓰레드를 중지시키지 못했습니다. 이는 메모리 누수를 유발할 가능성이 큽니다. 해당 쓰레드의 스택 트레이스:
 java.base/java.lang.Object.wait0(Native Method)
 java.base/java.lang.Object.wait(Object.java:366)
 org.quartz.simpl.SimpleThreadPool$WorkerThread.run(SimpleThreadPool.java:561)
18-Dec-2025 17:22:07.852 경고 [main] org.apache.catalina.loader.WebappClassLoaderBase.clearReferencesThreads 웹 애플리케이션 [ROOT]이(가) [sysLogScheduler_Worker-9](이)라는 이름의 쓰레드를 시작시킨 것으로 보이지만, 해당 쓰레드를 중지시키지 못했습니다. 이는 메모리 누수를 유발할 가능성이 큽니다. 해당 쓰레드의 스택 트레이스:
 java.base/java.lang.Object.wait0(Native Method)
 java.base/java.lang.Object.wait(Object.java:366)
 org.quartz.simpl.SimpleThreadPool$WorkerThread.run(SimpleThreadPool.java:561)
18-Dec-2025 17:22:07.853 경고 [main] org.apache.catalina.loader.WebappClassLoaderBase.clearReferencesThreads 웹 애플리케이션 [ROOT]이(가) [sysLogScheduler_Worker-10](이)라는 이름의 쓰레드를 시작시킨 것으로 보이지만, 해당 쓰레드를 중지시키지 못했습니다. 이는 메모리 누수를 유발할 가능성이 큽니다. 해당 쓰레드의 스택 트레이스:
 java.base/java.lang.Object.wait0(Native Method)
 java.base/java.lang.Object.wait(Object.java:366)
 org.quartz.simpl.SimpleThreadPool$WorkerThread.run(SimpleThreadPool.java:561)
18-Dec-2025 17:22:07.875 정보 [main] org.apache.coyote.AbstractProtocol.stop 프로토콜 핸들러 ["http-nio-8080"]을(를) 중지시킵니다.
18-Dec-2025 17:22:07.882 정보 [main] org.apache.coyote.AbstractProtocol.destroy 프로토콜 핸들러 ["http-nio-8080"]을(를) 소멸시킵니다.
18-Dec-2025 17:23:28.035 정보 [main] org.apache.catalina.startup.VersionLoggerListener.log 서버 버전 이름:    Apache Tomcat/10.1.50
18-Dec-2025 17:23:28.042 정보 [main] org.apache.catalina.startup.VersionLoggerListener.log Server 빌드 시각:  Dec 2 2025 22:57:41 UTC
18-Dec-2025 17:23:28.043 정보 [main] org.apache.catalina.startup.VersionLoggerListener.log Server 버전 번호:  10.1.50.0
18-Dec-2025 17:23:28.043 정보 [main] org.apache.catalina.startup.VersionLoggerListener.log 운영체제 이름:     Windows 11
18-Dec-2025 17:23:28.043 정보 [main] org.apache.catalina.startup.VersionLoggerListener.log 운영체제 버전:     10.0
18-Dec-2025 17:23:28.043 정보 [main] org.apache.catalina.startup.VersionLoggerListener.log 아키텍처:          amd64
18-Dec-2025 17:23:28.043 정보 [main] org.apache.catalina.startup.VersionLoggerListener.log 자바 홈:           C:\Program Files\Eclipse Adoptium\jdk-21.0.4.7-hotspot
18-Dec-2025 17:23:28.044 정보 [main] org.apache.catalina.startup.VersionLoggerListener.log JVM 버전:          21.0.4+7-LTS
18-Dec-2025 17:23:28.044 정보 [main] org.apache.catalina.startup.VersionLoggerListener.log JVM 벤더:          Eclipse Adoptium
18-Dec-2025 17:23:28.044 정보 [main] org.apache.catalina.startup.VersionLoggerListener.log CATALINA_BASE:     D:\project\egov-enterprise\apache-tomcat-10.1.50\apache-tomcat-10.1.50
18-Dec-2025 17:23:28.044 정보 [main] org.apache.catalina.startup.VersionLoggerListener.log CATALINA_HOME:     D:\project\egov-enterprise\apache-tomcat-10.1.50\apache-tomcat-10.1.50
18-Dec-2025 17:23:28.054 정보 [main] org.apache.catalina.startup.VersionLoggerListener.log 명령 행 아규먼트:  -Djava.util.logging.config.file=D:\project\egov-enterprise\apache-tomcat-10.1.50\apache-tomcat-10.1.50\conf\logging.properties
18-Dec-2025 17:23:28.055 정보 [main] org.apache.catalina.startup.VersionLoggerListener.log 명령 행 아규먼트:  -Djava.util.logging.manager=org.apache.juli.ClassLoaderLogManager
18-Dec-2025 17:23:28.055 정보 [main] org.apache.catalina.startup.VersionLoggerListener.log 명령 행 아규먼트:  -Djdk.tls.ephemeralDHKeySize=2048
18-Dec-2025 17:23:28.056 정보 [main] org.apache.catalina.startup.VersionLoggerListener.log 명령 행 아규먼트:  -Djava.protocol.handler.pkgs=org.apache.catalina.webresources
18-Dec-2025 17:23:28.056 정보 [main] org.apache.catalina.startup.VersionLoggerListener.log 명령 행 아규먼트:  -Dsun.io.useCanonCaches=false
18-Dec-2025 17:23:28.056 정보 [main] org.apache.catalina.startup.VersionLoggerListener.log 명령 행 아규먼트:  --add-opens=java.base/java.lang=ALL-UNNAMED
18-Dec-2025 17:23:28.056 정보 [main] org.apache.catalina.startup.VersionLoggerListener.log 명령 행 아규먼트:  --add-opens=java.base/java.lang.reflect=ALL-UNNAMED
18-Dec-2025 17:23:28.056 정보 [main] org.apache.catalina.startup.VersionLoggerListener.log 명령 행 아규먼트:  --add-opens=java.base/java.io=ALL-UNNAMED
18-Dec-2025 17:23:28.058 정보 [main] org.apache.catalina.startup.VersionLoggerListener.log 명령 행 아규먼트:  --add-opens=java.base/java.util=ALL-UNNAMED
18-Dec-2025 17:23:28.058 정보 [main] org.apache.catalina.startup.VersionLoggerListener.log 명령 행 아규먼트:  --add-opens=java.base/java.util.concurrent=ALL-UNNAMED
18-Dec-2025 17:23:28.059 정보 [main] org.apache.catalina.startup.VersionLoggerListener.log 명령 행 아규먼트:  --add-opens=java.rmi/sun.rmi.transport=ALL-UNNAMED
18-Dec-2025 17:23:28.059 정보 [main] org.apache.catalina.startup.VersionLoggerListener.log 명령 행 아규먼트:  -Dcatalina.base=D:\project\egov-enterprise\apache-tomcat-10.1.50\apache-tomcat-10.1.50
18-Dec-2025 17:23:28.059 정보 [main] org.apache.catalina.startup.VersionLoggerListener.log 명령 행 아규먼트:  -Dcatalina.home=D:\project\egov-enterprise\apache-tomcat-10.1.50\apache-tomcat-10.1.50
18-Dec-2025 17:23:28.059 정보 [main] org.apache.catalina.startup.VersionLoggerListener.log 명령 행 아규먼트:  -Djava.io.tmpdir=D:\project\egov-enterprise\apache-tomcat-10.1.50\apache-tomcat-10.1.50\temp
18-Dec-2025 17:23:28.080 정보 [main] org.apache.catalina.core.AprLifecycleListener.lifecycleEvent 프로덕션 환경들에서 최적의 성능을 제공하는, APR 기반 Apache Tomcat Native 라이브러리가, 다음 java.library.path에서 발견되지 않습니다: [C:\Program Files\Eclipse Adoptium\jdk-21.0.4.7-hotspot\bin;C:\WINDOWS\Sun\Java\bin;C:\WINDOWS\system32;C:\WINDOWS;C:\Python313\Scripts\;C:\Python313\;C:\Program Files\Microsoft\jdk-11.0.25.9-hotspot\bin;C:\Program Files\Common Files\Oracle\Java\javapath;C:\Program Files (x86)\Common Files\Oracle\Java\java8path;C:\Program Files (x86)\Common Files\Oracle\Java\javapath;C:\Program Files\Eclipse Adoptium\jdk-21.0.4.7-hotspot\bin;C:\WINDOWS\system32;C:\WINDOWS;C:\WINDOWS\System32\Wbem;C:\WINDOWS\System32\WindowsPowerShell\v1.0\;C:\WINDOWS\System32\OpenSSH\;C:\Program Files\Bandizip\;C:\Program Files\dotnet\;%JAVA_HOME%\bin;C:\Program Files\nodejs\;C:\ProgramData\chocolatey\bin;C:\Program Files\Git\cmd;C:\Users\lkind\AppData\Roaming\npm;C:\Users\lkind\AppData\Local\Pandoc;C:\Program Files\Docker\Docker\resources\bin;C:\Program Files\Apache\apache-maven-3.9.11\bin;C:\Program Files\Apache\apache-maven-3.9.11\bin;C:\Python313\Scripts\;C:\Python313\;C:\Program Files\Microsoft\jdk-11.0.25.9-hotspot\bin;C:\Program Files\Common Files\Oracle\Java\javapath;C:\Program Files (x86)\Common Files\Oracle\Java\java8path;C:\Program Files (x86)\Common Files\Oracle\Java\javapath;C:\Program Files\Eclipse Adoptium\jdk-21.0.4.7-hotspot\bin;C:\WINDOWS\system32;C:\WINDOWS;C:\WINDOWS\System32\Wbem;C:\WINDOWS\System32\WindowsPowerShell\v1.0\;C:\WINDOWS\System32\OpenSSH\;C:\Program Files\Bandizip\;C:\Program Files\dotnet\;C:\Program Files\Eclipse Adoptium\jdk-21.0.4.7-hotspot\bin;C:\Program Files\nodejs\;C:\ProgramData\chocolatey\bin;C:\Program Files\Docker\Docker\resources\bin;C:\Program Files\Git\cmd;C:\Users\lkind\AppData\Local\Programs\Python\Launcher\;C:\Users\lkind\AppData\Local\Microsoft\WindowsApps;C:\Users\lkind\AppData\Local\Programs\cursor\resources\app\bin;C:\Users\lkind\AppData\Roaming\npm;C:\Users\lkind\AppData\Local\GitHubDesktop\bin;C:\Users\lkind\AppData\Local\Programs\Microsoft VS Code\bin;C:\Users\lkind\AppData\Local\Microsoft\WinGet\Packages\astral-sh.uv_Microsoft;C:\Users\lkind\AppData\Local\Pandoc\;C:\Users\lkind\AppData\Local\Programs\Antigravity\bin;C:\Program Files\Apache\apache-maven-3.9.11\bin;c:\Users\lkind\.antigravity\extensions\vscjava.vscode-java-debug-0.58.3-universal\bundled\scripts\noConfigScriptsc:\Users\lkind\.antigravity\extensions\ms-python.debugpy-2025.14.1-win32-x64\bundled\scripts\noConfigScripts;.]
18-Dec-2025 17:23:28.316 정보 [main] org.apache.coyote.AbstractProtocol.init 프로토콜 핸들러 ["http-nio-8080"]을(를) 초기화합니다.
18-Dec-2025 17:23:28.345 정보 [main] org.apache.catalina.startup.Catalina.load [503] 밀리초 내에 서버가 초기화되었습니다.
18-Dec-2025 17:23:28.398 정보 [main] org.apache.catalina.core.StandardService.startInternal 서비스 [Catalina]을(를) 시작합니다.
18-Dec-2025 17:23:28.398 정보 [main] org.apache.catalina.core.StandardEngine.startInternal 서버 엔진을 시작합니다: [Apache Tomcat/10.1.50]
18-Dec-2025 17:23:28.421 정보 [main] org.apache.catalina.startup.HostConfig.deployWAR 웹 애플리케이션 아카이브 [D:\project\egov-enterprise\apache-tomcat-10.1.50\apache-tomcat-10.1.50\webapps\ROOT.war]을(를) 배치합니다.
18-Dec-2025 17:23:44.276 정보 [main] org.apache.jasper.servlet.TldScanner.scanJars 적어도 하나의 JAR가 TLD들을 찾기 위해 스캔되었으나 아무 것도 찾지 못했습니다. 스캔했으나 TLD가 없는 JAR들의 전체 목록을 보시려면, 로그 레벨을 디버그 레벨로 설정하십시오. 스캔 과정에서 불필요한 JAR들을 건너뛰면, 시스템 시작 시간과 JSP 컴파일 시간을 단축시킬 수 있습니다.
18-Dec-2025 17:23:46.768 심각 [main] org.apache.catalina.core.StandardContext.startInternal 하나 이상의 리스너들이 시작하지 못했습니다. 상세 내역은 적절한 컨테이너 로그 파일에서 찾을 수 있습니다.
18-Dec-2025 17:23:46.791 심각 [main] org.apache.catalina.core.StandardContext.startInternal 이전 오류들로 인해 컨텍스트 []의 시작이 실패했습니다.
18-Dec-2025 17:23:46.832 경고 [main] org.apache.catalina.loader.WebappClassLoaderBase.clearReferencesJdbc 웹 애플리케이션 [ROOT]이(가) JDBC 드라이버 [cubrid.jdbc.driver.CUBRIDDriver]을(를) 등록했지만, 웹 애플리케이션이 중지될 때, 해당 JDBC 드라이버의 등록을 제거하지 못했습니다. 메모리 누수를 방지하기 위하여, 등록을 강제로 제거했습니다.
18-Dec-2025 17:23:46.854 정보 [main] org.apache.catalina.startup.HostConfig.deployWAR 웹 애플리케이션 아카이브 [D:\project\egov-enterprise\apache-tomcat-10.1.50\apache-tomcat-10.1.50\webapps\ROOT.war]의 배치가 [18,427] 밀리초에 완료되었습니다.
18-Dec-2025 17:23:46.856 정보 [main] org.apache.catalina.startup.HostConfig.deployDirectory 웹 애플리케이션 디렉토리 [D:\project\egov-enterprise\apache-tomcat-10.1.50\apache-tomcat-10.1.50\webapps\docs]을(를) 배치합니다.
18-Dec-2025 17:23:46.939 정보 [main] org.apache.jasper.servlet.TldScanner.scanJars 적어도 하나의 JAR가 TLD들을 찾기 위해 스캔되었으나 아무 것도 찾지 못했습니다. 스캔했으나 TLD가 없는 JAR들의 전체 목록을 보시려면, 로그 레벨을 디버그 레벨로 설정하십시오. 스캔 과정에서 불필요한 JAR들을 건너뛰면, 시스템 시작 시간과 JSP 컴파일 시간을 단축시킬 수 있습니다.
18-Dec-2025 17:23:46.966 정보 [main] org.apache.catalina.startup.HostConfig.deployDirectory 웹 애플리케이션 디렉토리 [D:\project\egov-enterprise\apache-tomcat-10.1.50\apache-tomcat-10.1.50\webapps\docs]에 대한 배치가 [109] 밀리초에 완료되었습니다.
18-Dec-2025 17:23:46.967 정보 [main] org.apache.catalina.startup.HostConfig.deployDirectory 웹 애플리케이션 디렉토리 [D:\project\egov-enterprise\apache-tomcat-10.1.50\apache-tomcat-10.1.50\webapps\examples]을(를) 배치합니다.
18-Dec-2025 17:23:47.219 정보 [main] org.apache.jasper.servlet.TldScanner.scanJars 적어도 하나의 JAR가 TLD들을 찾기 위해 스캔되었으나 아무 것도 찾지 못했습니다. 스캔했으나 TLD가 없는 JAR들의 전체 목록을 보시려면, 로그 레벨을 디버그 레벨로 설정하십시오. 스캔 과정에서 불필요한 JAR들을 건너뛰면, 시스템 시작 시간과 JSP 컴파일 시간을 단축시킬 수 있습니다.
18-Dec-2025 17:23:47.280 정보 [main] org.apache.catalina.startup.HostConfig.deployDirectory 웹 애플리케이션 디렉토리 [D:\project\egov-enterprise\apache-tomcat-10.1.50\apache-tomcat-10.1.50\webapps\examples]에 대한 배치가 [312] 밀리초에 완료되었습니다.
18-Dec-2025 17:23:47.281 정보 [main] org.apache.catalina.startup.HostConfig.deployDirectory 웹 애플리케이션 디렉토리 [D:\project\egov-enterprise\apache-tomcat-10.1.50\apache-tomcat-10.1.50\webapps\host-manager]을(를) 배치합니다.
18-Dec-2025 17:23:47.336 정보 [main] org.apache.jasper.servlet.TldScanner.scanJars 적어도 하나의 JAR가 TLD들을 찾기 위해 스캔되었으나 아무 것도 찾지 못했습니다. 스캔했으나 TLD가 없는 JAR들의 전체 목록을 보시려면, 로그 레벨을 디버그 레벨로 설정하십시오. 스캔 과정에서 불필요한 JAR들을 건너뛰면, 시스템 시작 시간과 JSP 컴파일 시간을 단축시킬 수 있습니다.
18-Dec-2025 17:23:47.348 정보 [main] org.apache.catalina.startup.HostConfig.deployDirectory 웹 애플리케이션 디렉토리 [D:\project\egov-enterprise\apache-tomcat-10.1.50\apache-tomcat-10.1.50\webapps\host-manager]에 대한 배치가 [67] 밀리초에 완료되었습니다.
18-Dec-2025 17:23:47.350 정보 [main] org.apache.catalina.startup.HostConfig.deployDirectory 웹 애플리케이션 디렉토리 [D:\project\egov-enterprise\apache-tomcat-10.1.50\apache-tomcat-10.1.50\webapps\manager]을(를) 배치합니다.
18-Dec-2025 17:23:47.402 정보 [main] org.apache.jasper.servlet.TldScanner.scanJars 적어도 하나의 JAR가 TLD들을 찾기 위해 스캔되었으나 아무 것도 찾지 못했습니다. 스캔했으나 TLD가 없는 JAR들의 전체 목록을 보시려면, 로그 레벨을 디버그 레벨로 설정하십시오. 스캔 과정에서 불필요한 JAR들을 건너뛰면, 시스템 시작 시간과 JSP 컴파일 시간을 단축시킬 수 있습니다.
18-Dec-2025 17:23:47.406 정보 [main] org.apache.catalina.startup.HostConfig.deployDirectory 웹 애플리케이션 디렉토리 [D:\project\egov-enterprise\apache-tomcat-10.1.50\apache-tomcat-10.1.50\webapps\manager]에 대한 배치가 [56] 밀리초에 완료되었습니다.
18-Dec-2025 17:23:47.413 정보 [main] org.apache.coyote.AbstractProtocol.start 프로토콜 핸들러 ["http-nio-8080"]을(를) 시작합니다.
18-Dec-2025 17:23:47.472 정보 [main] org.apache.catalina.startup.Catalina.start 서버가 [19126] 밀리초 내에 시작되었습니다.
18-Dec-2025 17:30:47.140 정보 [main] org.apache.catalina.core.StandardServer.await 셧다운 포트를 통해 유효한 셧다운 명령을 받았습니다. 서버 인스턴스를 중지시킵니다.
18-Dec-2025 17:30:47.140 정보 [main] org.apache.coyote.AbstractProtocol.pause 프로토콜 핸들러 ["http-nio-8080"]을(를) 일시 정지 중
18-Dec-2025 17:30:47.151 정보 [main] org.apache.catalina.core.StandardService.stopInternal 서비스 [Catalina]을(를) 중지시킵니다.
18-Dec-2025 17:30:47.167 정보 [main] org.apache.coyote.AbstractProtocol.stop 프로토콜 핸들러 ["http-nio-8080"]을(를) 중지시킵니다.
18-Dec-2025 17:30:47.179 정보 [main] org.apache.coyote.AbstractProtocol.destroy 프로토콜 핸들러 ["http-nio-8080"]을(를) 소멸시킵니다.
18-Dec-2025 17:31:04.000 정보 [main] org.apache.catalina.startup.VersionLoggerListener.log 서버 버전 이름:    Apache Tomcat/10.1.50
18-Dec-2025 17:31:04.006 정보 [main] org.apache.catalina.startup.VersionLoggerListener.log Server 빌드 시각:  Dec 2 2025 22:57:41 UTC
18-Dec-2025 17:31:04.007 정보 [main] org.apache.catalina.startup.VersionLoggerListener.log Server 버전 번호:  10.1.50.0
18-Dec-2025 17:31:04.008 정보 [main] org.apache.catalina.startup.VersionLoggerListener.log 운영체제 이름:     Windows 11
18-Dec-2025 17:31:04.008 정보 [main] org.apache.catalina.startup.VersionLoggerListener.log 운영체제 버전:     10.0
18-Dec-2025 17:31:04.008 정보 [main] org.apache.catalina.startup.VersionLoggerListener.log 아키텍처:          amd64
18-Dec-2025 17:31:04.008 정보 [main] org.apache.catalina.startup.VersionLoggerListener.log 자바 홈:           C:\Program Files\Eclipse Adoptium\jdk-21.0.4.7-hotspot
18-Dec-2025 17:31:04.008 정보 [main] org.apache.catalina.startup.VersionLoggerListener.log JVM 버전:          21.0.4+7-LTS
18-Dec-2025 17:31:04.008 정보 [main] org.apache.catalina.startup.VersionLoggerListener.log JVM 벤더:          Eclipse Adoptium
18-Dec-2025 17:31:04.008 정보 [main] org.apache.catalina.startup.VersionLoggerListener.log CATALINA_BASE:     D:\project\egov-enterprise\apache-tomcat-10.1.50\apache-tomcat-10.1.50
18-Dec-2025 17:31:04.008 정보 [main] org.apache.catalina.startup.VersionLoggerListener.log CATALINA_HOME:     D:\project\egov-enterprise\apache-tomcat-10.1.50\apache-tomcat-10.1.50
18-Dec-2025 17:31:04.019 정보 [main] org.apache.catalina.startup.VersionLoggerListener.log 명령 행 아규먼트:  -Djava.util.logging.config.file=D:\project\egov-enterprise\apache-tomcat-10.1.50\apache-tomcat-10.1.50\conf\logging.properties
18-Dec-2025 17:31:04.021 정보 [main] org.apache.catalina.startup.VersionLoggerListener.log 명령 행 아규먼트:  -Djava.util.logging.manager=org.apache.juli.ClassLoaderLogManager
18-Dec-2025 17:31:04.021 정보 [main] org.apache.catalina.startup.VersionLoggerListener.log 명령 행 아규먼트:  -Djdk.tls.ephemeralDHKeySize=2048
18-Dec-2025 17:31:04.021 정보 [main] org.apache.catalina.startup.VersionLoggerListener.log 명령 행 아규먼트:  -Djava.protocol.handler.pkgs=org.apache.catalina.webresources
18-Dec-2025 17:31:04.022 정보 [main] org.apache.catalina.startup.VersionLoggerListener.log 명령 행 아규먼트:  -Dsun.io.useCanonCaches=false
18-Dec-2025 17:31:04.023 정보 [main] org.apache.catalina.startup.VersionLoggerListener.log 명령 행 아규먼트:  --add-opens=java.base/java.lang=ALL-UNNAMED
18-Dec-2025 17:31:04.023 정보 [main] org.apache.catalina.startup.VersionLoggerListener.log 명령 행 아규먼트:  --add-opens=java.base/java.lang.reflect=ALL-UNNAMED
18-Dec-2025 17:31:04.023 정보 [main] org.apache.catalina.startup.VersionLoggerListener.log 명령 행 아규먼트:  --add-opens=java.base/java.io=ALL-UNNAMED
18-Dec-2025 17:31:04.023 정보 [main] org.apache.catalina.startup.VersionLoggerListener.log 명령 행 아규먼트:  --add-opens=java.base/java.util=ALL-UNNAMED
18-Dec-2025 17:31:04.024 정보 [main] org.apache.catalina.startup.VersionLoggerListener.log 명령 행 아규먼트:  --add-opens=java.base/java.util.concurrent=ALL-UNNAMED
18-Dec-2025 17:31:04.024 정보 [main] org.apache.catalina.startup.VersionLoggerListener.log 명령 행 아규먼트:  --add-opens=java.rmi/sun.rmi.transport=ALL-UNNAMED
18-Dec-2025 17:31:04.024 정보 [main] org.apache.catalina.startup.VersionLoggerListener.log 명령 행 아규먼트:  -Dcatalina.base=D:\project\egov-enterprise\apache-tomcat-10.1.50\apache-tomcat-10.1.50
18-Dec-2025 17:31:04.025 정보 [main] org.apache.catalina.startup.VersionLoggerListener.log 명령 행 아규먼트:  -Dcatalina.home=D:\project\egov-enterprise\apache-tomcat-10.1.50\apache-tomcat-10.1.50
18-Dec-2025 17:31:04.025 정보 [main] org.apache.catalina.startup.VersionLoggerListener.log 명령 행 아규먼트:  -Djava.io.tmpdir=D:\project\egov-enterprise\apache-tomcat-10.1.50\apache-tomcat-10.1.50\temp
18-Dec-2025 17:31:04.043 정보 [main] org.apache.catalina.core.AprLifecycleListener.lifecycleEvent 프로덕션 환경들에서 최적의 성능을 제공하는, APR 기반 Apache Tomcat Native 라이브러리가, 다음 java.library.path에서 발견되지 않습니다: [C:\Program Files\Eclipse Adoptium\jdk-21.0.4.7-hotspot\bin;C:\WINDOWS\Sun\Java\bin;C:\WINDOWS\system32;C:\WINDOWS;C:\Python313\Scripts\;C:\Python313\;C:\Program Files\Microsoft\jdk-11.0.25.9-hotspot\bin;C:\Program Files\Common Files\Oracle\Java\javapath;C:\Program Files (x86)\Common Files\Oracle\Java\java8path;C:\Program Files (x86)\Common Files\Oracle\Java\javapath;C:\Program Files\Eclipse Adoptium\jdk-21.0.4.7-hotspot\bin;C:\WINDOWS\system32;C:\WINDOWS;C:\WINDOWS\System32\Wbem;C:\WINDOWS\System32\WindowsPowerShell\v1.0\;C:\WINDOWS\System32\OpenSSH\;C:\Program Files\Bandizip\;C:\Program Files\dotnet\;%JAVA_HOME%\bin;C:\Program Files\nodejs\;C:\ProgramData\chocolatey\bin;C:\Program Files\Git\cmd;C:\Users\lkind\AppData\Roaming\npm;C:\Users\lkind\AppData\Local\Pandoc;C:\Program Files\Docker\Docker\resources\bin;C:\Program Files\Apache\apache-maven-3.9.11\bin;C:\Program Files\Apache\apache-maven-3.9.11\bin;C:\Python313\Scripts\;C:\Python313\;C:\Program Files\Microsoft\jdk-11.0.25.9-hotspot\bin;C:\Program Files\Common Files\Oracle\Java\javapath;C:\Program Files (x86)\Common Files\Oracle\Java\java8path;C:\Program Files (x86)\Common Files\Oracle\Java\javapath;C:\Program Files\Eclipse Adoptium\jdk-21.0.4.7-hotspot\bin;C:\WINDOWS\system32;C:\WINDOWS;C:\WINDOWS\System32\Wbem;C:\WINDOWS\System32\WindowsPowerShell\v1.0\;C:\WINDOWS\System32\OpenSSH\;C:\Program Files\Bandizip\;C:\Program Files\dotnet\;C:\Program Files\Eclipse Adoptium\jdk-21.0.4.7-hotspot\bin;C:\Program Files\nodejs\;C:\ProgramData\chocolatey\bin;C:\Program Files\Docker\Docker\resources\bin;C:\Program Files\Git\cmd;C:\Users\lkind\AppData\Local\Programs\Python\Launcher\;C:\Users\lkind\AppData\Local\Microsoft\WindowsApps;C:\Users\lkind\AppData\Local\Programs\cursor\resources\app\bin;C:\Users\lkind\AppData\Roaming\npm;C:\Users\lkind\AppData\Local\GitHubDesktop\bin;C:\Users\lkind\AppData\Local\Programs\Microsoft VS Code\bin;C:\Users\lkind\AppData\Local\Microsoft\WinGet\Packages\astral-sh.uv_Microsoft;C:\Users\lkind\AppData\Local\Pandoc\;C:\Users\lkind\AppData\Local\Programs\Antigravity\bin;C:\Program Files\Apache\apache-maven-3.9.11\bin;c:\Users\lkind\.antigravity\extensions\vscjava.vscode-java-debug-0.58.3-universal\bundled\scripts\noConfigScriptsc:\Users\lkind\.antigravity\extensions\ms-python.debugpy-2025.14.1-win32-x64\bundled\scripts\noConfigScripts;.]
18-Dec-2025 17:31:04.374 정보 [main] org.apache.coyote.AbstractProtocol.init 프로토콜 핸들러 ["http-nio-8080"]을(를) 초기화합니다.
18-Dec-2025 17:31:04.465 정보 [main] org.apache.catalina.startup.Catalina.load [753] 밀리초 내에 서버가 초기화되었습니다.
18-Dec-2025 17:31:04.552 정보 [main] org.apache.catalina.core.StandardService.startInternal 서비스 [Catalina]을(를) 시작합니다.
18-Dec-2025 17:31:04.552 정보 [main] org.apache.catalina.core.StandardEngine.startInternal 서버 엔진을 시작합니다: [Apache Tomcat/10.1.50]
18-Dec-2025 17:31:04.601 정보 [main] org.apache.catalina.startup.HostConfig.deployWAR 웹 애플리케이션 아카이브 [D:\project\egov-enterprise\apache-tomcat-10.1.50\apache-tomcat-10.1.50\webapps\ROOT.war]을(를) 배치합니다.
18-Dec-2025 17:31:18.111 정보 [main] org.apache.jasper.servlet.TldScanner.scanJars 적어도 하나의 JAR가 TLD들을 찾기 위해 스캔되었으나 아무 것도 찾지 못했습니다. 스캔했으나 TLD가 없는 JAR들의 전체 목록을 보시려면, 로그 레벨을 디버그 레벨로 설정하십시오. 스캔 과정에서 불필요한 JAR들을 건너뛰면, 시스템 시작 시간과 JSP 컴파일 시간을 단축시킬 수 있습니다.
18-Dec-2025 17:31:23.234 심각 [main] org.apache.catalina.core.StandardContext.startInternal 하나 이상의 리스너들이 시작하지 못했습니다. 상세 내역은 적절한 컨테이너 로그 파일에서 찾을 수 있습니다.
18-Dec-2025 17:31:23.259 심각 [main] org.apache.catalina.core.StandardContext.startInternal 이전 오류들로 인해 컨텍스트 []의 시작이 실패했습니다.
18-Dec-2025 17:31:23.322 경고 [main] org.apache.catalina.loader.WebappClassLoaderBase.clearReferencesJdbc 웹 애플리케이션 [ROOT]이(가) JDBC 드라이버 [cubrid.jdbc.driver.CUBRIDDriver]을(를) 등록했지만, 웹 애플리케이션이 중지될 때, 해당 JDBC 드라이버의 등록을 제거하지 못했습니다. 메모리 누수를 방지하기 위하여, 등록을 강제로 제거했습니다.
18-Dec-2025 17:31:23.353 정보 [main] org.apache.catalina.startup.HostConfig.deployWAR 웹 애플리케이션 아카이브 [D:\project\egov-enterprise\apache-tomcat-10.1.50\apache-tomcat-10.1.50\webapps\ROOT.war]의 배치가 [18,744] 밀리초에 완료되었습니다.
18-Dec-2025 17:31:23.354 정보 [main] org.apache.catalina.startup.HostConfig.deployDirectory 웹 애플리케이션 디렉토리 [D:\project\egov-enterprise\apache-tomcat-10.1.50\apache-tomcat-10.1.50\webapps\docs]을(를) 배치합니다.
18-Dec-2025 17:31:23.522 정보 [main] org.apache.jasper.servlet.TldScanner.scanJars 적어도 하나의 JAR가 TLD들을 찾기 위해 스캔되었으나 아무 것도 찾지 못했습니다. 스캔했으나 TLD가 없는 JAR들의 전체 목록을 보시려면, 로그 레벨을 디버그 레벨로 설정하십시오. 스캔 과정에서 불필요한 JAR들을 건너뛰면, 시스템 시작 시간과 JSP 컴파일 시간을 단축시킬 수 있습니다.
18-Dec-2025 17:31:23.561 정보 [main] org.apache.catalina.startup.HostConfig.deployDirectory 웹 애플리케이션 디렉토리 [D:\project\egov-enterprise\apache-tomcat-10.1.50\apache-tomcat-10.1.50\webapps\docs]에 대한 배치가 [206] 밀리초에 완료되었습니다.
18-Dec-2025 17:31:23.561 정보 [main] org.apache.catalina.startup.HostConfig.deployDirectory 웹 애플리케이션 디렉토리 [D:\project\egov-enterprise\apache-tomcat-10.1.50\apache-tomcat-10.1.50\webapps\examples]을(를) 배치합니다.
18-Dec-2025 17:31:24.100 정보 [main] org.apache.jasper.servlet.TldScanner.scanJars 적어도 하나의 JAR가 TLD들을 찾기 위해 스캔되었으나 아무 것도 찾지 못했습니다. 스캔했으나 TLD가 없는 JAR들의 전체 목록을 보시려면, 로그 레벨을 디버그 레벨로 설정하십시오. 스캔 과정에서 불필요한 JAR들을 건너뛰면, 시스템 시작 시간과 JSP 컴파일 시간을 단축시킬 수 있습니다.
18-Dec-2025 17:31:24.180 정보 [main] org.apache.catalina.startup.HostConfig.deployDirectory 웹 애플리케이션 디렉토리 [D:\project\egov-enterprise\apache-tomcat-10.1.50\apache-tomcat-10.1.50\webapps\examples]에 대한 배치가 [619] 밀리초에 완료되었습니다.
18-Dec-2025 17:31:24.181 정보 [main] org.apache.catalina.startup.HostConfig.deployDirectory 웹 애플리케이션 디렉토리 [D:\project\egov-enterprise\apache-tomcat-10.1.50\apache-tomcat-10.1.50\webapps\host-manager]을(를) 배치합니다.
18-Dec-2025 17:31:24.355 정보 [main] org.apache.jasper.servlet.TldScanner.scanJars 적어도 하나의 JAR가 TLD들을 찾기 위해 스캔되었으나 아무 것도 찾지 못했습니다. 스캔했으나 TLD가 없는 JAR들의 전체 목록을 보시려면, 로그 레벨을 디버그 레벨로 설정하십시오. 스캔 과정에서 불필요한 JAR들을 건너뛰면, 시스템 시작 시간과 JSP 컴파일 시간을 단축시킬 수 있습니다.
18-Dec-2025 17:31:24.371 정보 [main] org.apache.catalina.startup.HostConfig.deployDirectory 웹 애플리케이션 디렉토리 [D:\project\egov-enterprise\apache-tomcat-10.1.50\apache-tomcat-10.1.50\webapps\host-manager]에 대한 배치가 [190] 밀리초에 완료되었습니다.
18-Dec-2025 17:31:24.371 정보 [main] org.apache.catalina.startup.HostConfig.deployDirectory 웹 애플리케이션 디렉토리 [D:\project\egov-enterprise\apache-tomcat-10.1.50\apache-tomcat-10.1.50\webapps\manager]을(를) 배치합니다.
18-Dec-2025 17:31:24.520 정보 [main] org.apache.jasper.servlet.TldScanner.scanJars 적어도 하나의 JAR가 TLD들을 찾기 위해 스캔되었으나 아무 것도 찾지 못했습니다. 스캔했으나 TLD가 없는 JAR들의 전체 목록을 보시려면, 로그 레벨을 디버그 레벨로 설정하십시오. 스캔 과정에서 불필요한 JAR들을 건너뛰면, 시스템 시작 시간과 JSP 컴파일 시간을 단축시킬 수 있습니다.
18-Dec-2025 17:31:24.529 정보 [main] org.apache.catalina.startup.HostConfig.deployDirectory 웹 애플리케이션 디렉토리 [D:\project\egov-enterprise\apache-tomcat-10.1.50\apache-tomcat-10.1.50\webapps\manager]에 대한 배치가 [156] 밀리초에 완료되었습니다.
18-Dec-2025 17:31:24.539 정보 [main] org.apache.coyote.AbstractProtocol.start 프로토콜 핸들러 ["http-nio-8080"]을(를) 시작합니다.
18-Dec-2025 17:31:24.609 정보 [main] org.apache.catalina.startup.Catalina.start 서버가 [20142] 밀리초 내에 시작되었습니다.
18-Dec-2025 17:38:23.940 정보 [main] org.apache.catalina.core.StandardServer.await 셧다운 포트를 통해 유효한 셧다운 명령을 받았습니다. 서버 인스턴스를 중지시킵니다.
18-Dec-2025 17:38:23.942 정보 [main] org.apache.coyote.AbstractProtocol.pause 프로토콜 핸들러 ["http-nio-8080"]을(를) 일시 정지 중
18-Dec-2025 17:38:23.978 정보 [main] org.apache.catalina.core.StandardService.stopInternal 서비스 [Catalina]을(를) 중지시킵니다.
18-Dec-2025 17:38:24.020 정보 [main] org.apache.coyote.AbstractProtocol.stop 프로토콜 핸들러 ["http-nio-8080"]을(를) 중지시킵니다.
18-Dec-2025 17:38:24.027 정보 [main] org.apache.coyote.AbstractProtocol.destroy 프로토콜 핸들러 ["http-nio-8080"]을(를) 소멸시킵니다.
18-Dec-2025 17:38:38.804 정보 [main] org.apache.catalina.startup.VersionLoggerListener.log 서버 버전 이름:    Apache Tomcat/10.1.50
18-Dec-2025 17:38:38.808 정보 [main] org.apache.catalina.startup.VersionLoggerListener.log Server 빌드 시각:  Dec 2 2025 22:57:41 UTC
18-Dec-2025 17:38:38.808 정보 [main] org.apache.catalina.startup.VersionLoggerListener.log Server 버전 번호:  10.1.50.0
18-Dec-2025 17:38:38.808 정보 [main] org.apache.catalina.startup.VersionLoggerListener.log 운영체제 이름:     Windows 11
18-Dec-2025 17:38:38.809 정보 [main] org.apache.catalina.startup.VersionLoggerListener.log 운영체제 버전:     10.0
18-Dec-2025 17:38:38.809 정보 [main] org.apache.catalina.startup.VersionLoggerListener.log 아키텍처:          amd64
18-Dec-2025 17:38:38.810 정보 [main] org.apache.catalina.startup.VersionLoggerListener.log 자바 홈:           C:\Program Files\Eclipse Adoptium\jdk-21.0.4.7-hotspot
18-Dec-2025 17:38:38.810 정보 [main] org.apache.catalina.startup.VersionLoggerListener.log JVM 버전:          21.0.4+7-LTS
18-Dec-2025 17:38:38.810 정보 [main] org.apache.catalina.startup.VersionLoggerListener.log JVM 벤더:          Eclipse Adoptium
18-Dec-2025 17:38:38.811 정보 [main] org.apache.catalina.startup.VersionLoggerListener.log CATALINA_BASE:     D:\project\egov-enterprise\apache-tomcat-10.1.50\apache-tomcat-10.1.50
18-Dec-2025 17:38:38.811 정보 [main] org.apache.catalina.startup.VersionLoggerListener.log CATALINA_HOME:     D:\project\egov-enterprise\apache-tomcat-10.1.50\apache-tomcat-10.1.50
18-Dec-2025 17:38:38.825 정보 [main] org.apache.catalina.startup.VersionLoggerListener.log 명령 행 아규먼트:  -Djava.util.logging.config.file=D:\project\egov-enterprise\apache-tomcat-10.1.50\apache-tomcat-10.1.50\conf\logging.properties
18-Dec-2025 17:38:38.826 정보 [main] org.apache.catalina.startup.VersionLoggerListener.log 명령 행 아규먼트:  -Djava.util.logging.manager=org.apache.juli.ClassLoaderLogManager
18-Dec-2025 17:38:38.826 정보 [main] org.apache.catalina.startup.VersionLoggerListener.log 명령 행 아규먼트:  -Djdk.tls.ephemeralDHKeySize=2048
18-Dec-2025 17:38:38.826 정보 [main] org.apache.catalina.startup.VersionLoggerListener.log 명령 행 아규먼트:  -Djava.protocol.handler.pkgs=org.apache.catalina.webresources
18-Dec-2025 17:38:38.827 정보 [main] org.apache.catalina.startup.VersionLoggerListener.log 명령 행 아규먼트:  -Dsun.io.useCanonCaches=false
18-Dec-2025 17:38:38.827 정보 [main] org.apache.catalina.startup.VersionLoggerListener.log 명령 행 아규먼트:  --add-opens=java.base/java.lang=ALL-UNNAMED
18-Dec-2025 17:38:38.827 정보 [main] org.apache.catalina.startup.VersionLoggerListener.log 명령 행 아규먼트:  --add-opens=java.base/java.lang.reflect=ALL-UNNAMED
18-Dec-2025 17:38:38.828 정보 [main] org.apache.catalina.startup.VersionLoggerListener.log 명령 행 아규먼트:  --add-opens=java.base/java.io=ALL-UNNAMED
18-Dec-2025 17:38:38.828 정보 [main] org.apache.catalina.startup.VersionLoggerListener.log 명령 행 아규먼트:  --add-opens=java.base/java.util=ALL-UNNAMED
18-Dec-2025 17:38:38.829 정보 [main] org.apache.catalina.startup.VersionLoggerListener.log 명령 행 아규먼트:  --add-opens=java.base/java.util.concurrent=ALL-UNNAMED
18-Dec-2025 17:38:38.829 정보 [main] org.apache.catalina.startup.VersionLoggerListener.log 명령 행 아규먼트:  --add-opens=java.rmi/sun.rmi.transport=ALL-UNNAMED
18-Dec-2025 17:38:38.830 정보 [main] org.apache.catalina.startup.VersionLoggerListener.log 명령 행 아규먼트:  -Dcatalina.base=D:\project\egov-enterprise\apache-tomcat-10.1.50\apache-tomcat-10.1.50
18-Dec-2025 17:38:38.830 정보 [main] org.apache.catalina.startup.VersionLoggerListener.log 명령 행 아규먼트:  -Dcatalina.home=D:\project\egov-enterprise\apache-tomcat-10.1.50\apache-tomcat-10.1.50
18-Dec-2025 17:38:38.830 정보 [main] org.apache.catalina.startup.VersionLoggerListener.log 명령 행 아규먼트:  -Djava.io.tmpdir=D:\project\egov-enterprise\apache-tomcat-10.1.50\apache-tomcat-10.1.50\temp
18-Dec-2025 17:38:38.854 정보 [main] org.apache.catalina.core.AprLifecycleListener.lifecycleEvent 프로덕션 환경들에서 최적의 성능을 제공하는, APR 기반 Apache Tomcat Native 라이브러리가, 다음 java.library.path에서 발견되지 않습니다: [C:\Program Files\Eclipse Adoptium\jdk-21.0.4.7-hotspot\bin;C:\WINDOWS\Sun\Java\bin;C:\WINDOWS\system32;C:\WINDOWS;C:\Python313\Scripts\;C:\Python313\;C:\Program Files\Microsoft\jdk-11.0.25.9-hotspot\bin;C:\Program Files\Common Files\Oracle\Java\javapath;C:\Program Files (x86)\Common Files\Oracle\Java\java8path;C:\Program Files (x86)\Common Files\Oracle\Java\javapath;C:\Program Files\Eclipse Adoptium\jdk-21.0.4.7-hotspot\bin;C:\WINDOWS\system32;C:\WINDOWS;C:\WINDOWS\System32\Wbem;C:\WINDOWS\System32\WindowsPowerShell\v1.0\;C:\WINDOWS\System32\OpenSSH\;C:\Program Files\Bandizip\;C:\Program Files\dotnet\;%JAVA_HOME%\bin;C:\Program Files\nodejs\;C:\ProgramData\chocolatey\bin;C:\Program Files\Git\cmd;C:\Users\lkind\AppData\Roaming\npm;C:\Users\lkind\AppData\Local\Pandoc;C:\Program Files\Docker\Docker\resources\bin;C:\Program Files\Apache\apache-maven-3.9.11\bin;C:\Program Files\Apache\apache-maven-3.9.11\bin;C:\Python313\Scripts\;C:\Python313\;C:\Program Files\Microsoft\jdk-11.0.25.9-hotspot\bin;C:\Program Files\Common Files\Oracle\Java\javapath;C:\Program Files (x86)\Common Files\Oracle\Java\java8path;C:\Program Files (x86)\Common Files\Oracle\Java\javapath;C:\Program Files\Eclipse Adoptium\jdk-21.0.4.7-hotspot\bin;C:\WINDOWS\system32;C:\WINDOWS;C:\WINDOWS\System32\Wbem;C:\WINDOWS\System32\WindowsPowerShell\v1.0\;C:\WINDOWS\System32\OpenSSH\;C:\Program Files\Bandizip\;C:\Program Files\dotnet\;C:\Program Files\Eclipse Adoptium\jdk-21.0.4.7-hotspot\bin;C:\Program Files\nodejs\;C:\ProgramData\chocolatey\bin;C:\Program Files\Docker\Docker\resources\bin;C:\Program Files\Git\cmd;C:\Users\lkind\AppData\Local\Programs\Python\Launcher\;C:\Users\lkind\AppData\Local\Microsoft\WindowsApps;C:\Users\lkind\AppData\Local\Programs\cursor\resources\app\bin;C:\Users\lkind\AppData\Roaming\npm;C:\Users\lkind\AppData\Local\GitHubDesktop\bin;C:\Users\lkind\AppData\Local\Programs\Microsoft VS Code\bin;C:\Users\lkind\AppData\Local\Microsoft\WinGet\Packages\astral-sh.uv_Microsoft;C:\Users\lkind\AppData\Local\Pandoc\;C:\Users\lkind\AppData\Local\Programs\Antigravity\bin;C:\Program Files\Apache\apache-maven-3.9.11\bin;c:\Users\lkind\.antigravity\extensions\vscjava.vscode-java-debug-0.58.3-universal\bundled\scripts\noConfigScriptsc:\Users\lkind\.antigravity\extensions\ms-python.debugpy-2025.14.1-win32-x64\bundled\scripts\noConfigScripts;.]
18-Dec-2025 17:38:39.237 정보 [main] org.apache.coyote.AbstractProtocol.init 프로토콜 핸들러 ["http-nio-8080"]을(를) 초기화합니다.
18-Dec-2025 17:38:39.274 정보 [main] org.apache.catalina.startup.Catalina.load [758] 밀리초 내에 서버가 초기화되었습니다.
18-Dec-2025 17:38:39.363 정보 [main] org.apache.catalina.core.StandardService.startInternal 서비스 [Catalina]을(를) 시작합니다.
18-Dec-2025 17:38:39.363 정보 [main] org.apache.catalina.core.StandardEngine.startInternal 서버 엔진을 시작합니다: [Apache Tomcat/10.1.50]
18-Dec-2025 17:38:39.408 정보 [main] org.apache.catalina.startup.HostConfig.deployWAR 웹 애플리케이션 아카이브 [D:\project\egov-enterprise\apache-tomcat-10.1.50\apache-tomcat-10.1.50\webapps\ROOT.war]을(를) 배치합니다.
18-Dec-2025 17:38:57.792 정보 [main] org.apache.jasper.servlet.TldScanner.scanJars 적어도 하나의 JAR가 TLD들을 찾기 위해 스캔되었으나 아무 것도 찾지 못했습니다. 스캔했으나 TLD가 없는 JAR들의 전체 목록을 보시려면, 로그 레벨을 디버그 레벨로 설정하십시오. 스캔 과정에서 불필요한 JAR들을 건너뛰면, 시스템 시작 시간과 JSP 컴파일 시간을 단축시킬 수 있습니다.
18-Dec-2025 17:39:01.356 심각 [main] org.apache.catalina.core.StandardContext.startInternal 하나 이상의 리스너들이 시작하지 못했습니다. 상세 내역은 적절한 컨테이너 로그 파일에서 찾을 수 있습니다.
18-Dec-2025 17:39:01.394 심각 [main] org.apache.catalina.core.StandardContext.startInternal 이전 오류들로 인해 컨텍스트 []의 시작이 실패했습니다.
18-Dec-2025 17:39:01.527 경고 [main] org.apache.catalina.loader.WebappClassLoaderBase.clearReferencesJdbc 웹 애플리케이션 [ROOT]이(가) JDBC 드라이버 [cubrid.jdbc.driver.CUBRIDDriver]을(를) 등록했지만, 웹 애플리케이션이 중지될 때, 해당 JDBC 드라이버의 등록을 제거하지 못했습니다. 메모리 누수를 방지하기 위하여, 등록을 강제로 제거했습니다.
18-Dec-2025 17:39:01.560 정보 [main] org.apache.catalina.startup.HostConfig.deployWAR 웹 애플리케이션 아카이브 [D:\project\egov-enterprise\apache-tomcat-10.1.50\apache-tomcat-10.1.50\webapps\ROOT.war]의 배치가 [22,142] 밀리초에 완료되었습니다.
18-Dec-2025 17:39:01.561 정보 [main] org.apache.catalina.startup.HostConfig.deployDirectory 웹 애플리케이션 디렉토리 [D:\project\egov-enterprise\apache-tomcat-10.1.50\apache-tomcat-10.1.50\webapps\docs]을(를) 배치합니다.
18-Dec-2025 17:39:01.706 정보 [main] org.apache.jasper.servlet.TldScanner.scanJars 적어도 하나의 JAR가 TLD들을 찾기 위해 스캔되었으나 아무 것도 찾지 못했습니다. 스캔했으나 TLD가 없는 JAR들의 전체 목록을 보시려면, 로그 레벨을 디버그 레벨로 설정하십시오. 스캔 과정에서 불필요한 JAR들을 건너뛰면, 시스템 시작 시간과 JSP 컴파일 시간을 단축시킬 수 있습니다.
18-Dec-2025 17:39:01.749 정보 [main] org.apache.catalina.startup.HostConfig.deployDirectory 웹 애플리케이션 디렉토리 [D:\project\egov-enterprise\apache-tomcat-10.1.50\apache-tomcat-10.1.50\webapps\docs]에 대한 배치가 [186] 밀리초에 완료되었습니다.
18-Dec-2025 17:39:01.750 정보 [main] org.apache.catalina.startup.HostConfig.deployDirectory 웹 애플리케이션 디렉토리 [D:\project\egov-enterprise\apache-tomcat-10.1.50\apache-tomcat-10.1.50\webapps\examples]을(를) 배치합니다.
18-Dec-2025 17:39:02.392 정보 [main] org.apache.jasper.servlet.TldScanner.scanJars 적어도 하나의 JAR가 TLD들을 찾기 위해 스캔되었으나 아무 것도 찾지 못했습니다. 스캔했으나 TLD가 없는 JAR들의 전체 목록을 보시려면, 로그 레벨을 디버그 레벨로 설정하십시오. 스캔 과정에서 불필요한 JAR들을 건너뛰면, 시스템 시작 시간과 JSP 컴파일 시간을 단축시킬 수 있습니다.
18-Dec-2025 17:39:02.479 정보 [main] org.apache.catalina.startup.HostConfig.deployDirectory 웹 애플리케이션 디렉토리 [D:\project\egov-enterprise\apache-tomcat-10.1.50\apache-tomcat-10.1.50\webapps\examples]에 대한 배치가 [729] 밀리초에 완료되었습니다.
18-Dec-2025 17:39:02.480 정보 [main] org.apache.catalina.startup.HostConfig.deployDirectory 웹 애플리케이션 디렉토리 [D:\project\egov-enterprise\apache-tomcat-10.1.50\apache-tomcat-10.1.50\webapps\host-manager]을(를) 배치합니다.
18-Dec-2025 17:39:02.602 정보 [main] org.apache.jasper.servlet.TldScanner.scanJars 적어도 하나의 JAR가 TLD들을 찾기 위해 스캔되었으나 아무 것도 찾지 못했습니다. 스캔했으나 TLD가 없는 JAR들의 전체 목록을 보시려면, 로그 레벨을 디버그 레벨로 설정하십시오. 스캔 과정에서 불필요한 JAR들을 건너뛰면, 시스템 시작 시간과 JSP 컴파일 시간을 단축시킬 수 있습니다.
18-Dec-2025 17:39:02.614 정보 [main] org.apache.catalina.startup.HostConfig.deployDirectory 웹 애플리케이션 디렉토리 [D:\project\egov-enterprise\apache-tomcat-10.1.50\apache-tomcat-10.1.50\webapps\host-manager]에 대한 배치가 [134] 밀리초에 완료되었습니다.
18-Dec-2025 17:39:02.614 정보 [main] org.apache.catalina.startup.HostConfig.deployDirectory 웹 애플리케이션 디렉토리 [D:\project\egov-enterprise\apache-tomcat-10.1.50\apache-tomcat-10.1.50\webapps\manager]을(를) 배치합니다.
18-Dec-2025 17:39:02.702 정보 [main] org.apache.jasper.servlet.TldScanner.scanJars 적어도 하나의 JAR가 TLD들을 찾기 위해 스캔되었으나 아무 것도 찾지 못했습니다. 스캔했으나 TLD가 없는 JAR들의 전체 목록을 보시려면, 로그 레벨을 디버그 레벨로 설정하십시오. 스캔 과정에서 불필요한 JAR들을 건너뛰면, 시스템 시작 시간과 JSP 컴파일 시간을 단축시킬 수 있습니다.
18-Dec-2025 17:39:02.706 정보 [main] org.apache.catalina.startup.HostConfig.deployDirectory 웹 애플리케이션 디렉토리 [D:\project\egov-enterprise\apache-tomcat-10.1.50\apache-tomcat-10.1.50\webapps\manager]에 대한 배치가 [92] 밀리초에 완료되었습니다.
18-Dec-2025 17:39:02.712 정보 [main] org.apache.coyote.AbstractProtocol.start 프로토콜 핸들러 ["http-nio-8080"]을(를) 시작합니다.
18-Dec-2025 17:39:02.762 정보 [main] org.apache.catalina.startup.Catalina.start 서버가 [23486] 밀리초 내에 시작되었습니다.
18-Dec-2025 17:53:13.682 정보 [main] org.apache.catalina.startup.VersionLoggerListener.log 서버 버전 이름:    Apache Tomcat/10.1.50
18-Dec-2025 17:53:13.686 정보 [main] org.apache.catalina.startup.VersionLoggerListener.log Server 빌드 시각:  Dec 2 2025 22:57:41 UTC
18-Dec-2025 17:53:13.687 정보 [main] org.apache.catalina.startup.VersionLoggerListener.log Server 버전 번호:  10.1.50.0
18-Dec-2025 17:53:13.688 정보 [main] org.apache.catalina.startup.VersionLoggerListener.log 운영체제 이름:     Windows 11
18-Dec-2025 17:53:13.688 정보 [main] org.apache.catalina.startup.VersionLoggerListener.log 운영체제 버전:     10.0
18-Dec-2025 17:53:13.688 정보 [main] org.apache.catalina.startup.VersionLoggerListener.log 아키텍처:          amd64
18-Dec-2025 17:53:13.688 정보 [main] org.apache.catalina.startup.VersionLoggerListener.log 자바 홈:           C:\Program Files\Eclipse Adoptium\jdk-21.0.4.7-hotspot
18-Dec-2025 17:53:13.688 정보 [main] org.apache.catalina.startup.VersionLoggerListener.log JVM 버전:          21.0.4+7-LTS
18-Dec-2025 17:53:13.688 정보 [main] org.apache.catalina.startup.VersionLoggerListener.log JVM 벤더:          Eclipse Adoptium
18-Dec-2025 17:53:13.688 정보 [main] org.apache.catalina.startup.VersionLoggerListener.log CATALINA_BASE:     D:\project\egov-enterprise\apache-tomcat-10.1.50\apache-tomcat-10.1.50
18-Dec-2025 17:53:13.688 정보 [main] org.apache.catalina.startup.VersionLoggerListener.log CATALINA_HOME:     D:\project\egov-enterprise\apache-tomcat-10.1.50\apache-tomcat-10.1.50
18-Dec-2025 17:53:13.701 정보 [main] org.apache.catalina.startup.VersionLoggerListener.log 명령 행 아규먼트:  -Djava.util.logging.config.file=D:\project\egov-enterprise\apache-tomcat-10.1.50\apache-tomcat-10.1.50\conf\logging.properties
18-Dec-2025 17:53:13.702 정보 [main] org.apache.catalina.startup.VersionLoggerListener.log 명령 행 아규먼트:  -Djava.util.logging.manager=org.apache.juli.ClassLoaderLogManager
18-Dec-2025 17:53:13.702 정보 [main] org.apache.catalina.startup.VersionLoggerListener.log 명령 행 아규먼트:  -Djdk.tls.ephemeralDHKeySize=2048
18-Dec-2025 17:53:13.702 정보 [main] org.apache.catalina.startup.VersionLoggerListener.log 명령 행 아규먼트:  -Djava.protocol.handler.pkgs=org.apache.catalina.webresources
18-Dec-2025 17:53:13.702 정보 [main] org.apache.catalina.startup.VersionLoggerListener.log 명령 행 아규먼트:  -Dsun.io.useCanonCaches=false
18-Dec-2025 17:53:13.703 정보 [main] org.apache.catalina.startup.VersionLoggerListener.log 명령 행 아규먼트:  --add-opens=java.base/java.lang=ALL-UNNAMED
18-Dec-2025 17:53:13.703 정보 [main] org.apache.catalina.startup.VersionLoggerListener.log 명령 행 아규먼트:  --add-opens=java.base/java.lang.reflect=ALL-UNNAMED
18-Dec-2025 17:53:13.703 정보 [main] org.apache.catalina.startup.VersionLoggerListener.log 명령 행 아규먼트:  --add-opens=java.base/java.io=ALL-UNNAMED
18-Dec-2025 17:53:13.703 정보 [main] org.apache.catalina.startup.VersionLoggerListener.log 명령 행 아규먼트:  --add-opens=java.base/java.util=ALL-UNNAMED
18-Dec-2025 17:53:13.704 정보 [main] org.apache.catalina.startup.VersionLoggerListener.log 명령 행 아규먼트:  --add-opens=java.base/java.util.concurrent=ALL-UNNAMED
18-Dec-2025 17:53:13.704 정보 [main] org.apache.catalina.startup.VersionLoggerListener.log 명령 행 아규먼트:  --add-opens=java.rmi/sun.rmi.transport=ALL-UNNAMED
18-Dec-2025 17:53:13.704 정보 [main] org.apache.catalina.startup.VersionLoggerListener.log 명령 행 아규먼트:  -Dcatalina.base=D:\project\egov-enterprise\apache-tomcat-10.1.50\apache-tomcat-10.1.50
18-Dec-2025 17:53:13.704 정보 [main] org.apache.catalina.startup.VersionLoggerListener.log 명령 행 아규먼트:  -Dcatalina.home=D:\project\egov-enterprise\apache-tomcat-10.1.50\apache-tomcat-10.1.50
18-Dec-2025 17:53:13.704 정보 [main] org.apache.catalina.startup.VersionLoggerListener.log 명령 행 아규먼트:  -Djava.io.tmpdir=D:\project\egov-enterprise\apache-tomcat-10.1.50\apache-tomcat-10.1.50\temp
18-Dec-2025 17:53:13.714 정보 [main] org.apache.catalina.core.AprLifecycleListener.lifecycleEvent 프로덕션 환경들에서 최적의 성능을 제공하는, APR 기반 Apache Tomcat Native 라이브러리가, 다음 java.library.path에서 발견되지 않습니다: [C:\Program Files\Eclipse Adoptium\jdk-21.0.4.7-hotspot\bin;C:\WINDOWS\Sun\Java\bin;C:\WINDOWS\system32;C:\WINDOWS;C:\Python313\Scripts\;C:\Python313\;C:\Program Files\Microsoft\jdk-11.0.25.9-hotspot\bin;C:\Program Files\Common Files\Oracle\Java\javapath;C:\Program Files (x86)\Common Files\Oracle\Java\java8path;C:\Program Files (x86)\Common Files\Oracle\Java\javapath;C:\Program Files\Eclipse Adoptium\jdk-21.0.4.7-hotspot\bin;C:\WINDOWS\system32;C:\WINDOWS;C:\WINDOWS\System32\Wbem;C:\WINDOWS\System32\WindowsPowerShell\v1.0\;C:\WINDOWS\System32\OpenSSH\;C:\Program Files\Bandizip\;C:\Program Files\dotnet\;%JAVA_HOME%\bin;C:\Program Files\nodejs\;C:\ProgramData\chocolatey\bin;C:\Program Files\Git\cmd;C:\Users\lkind\AppData\Roaming\npm;C:\Users\lkind\AppData\Local\Pandoc;C:\Program Files\Docker\Docker\resources\bin;C:\Program Files\Apache\apache-maven-3.9.11\bin;C:\Program Files\Apache\apache-maven-3.9.11\bin;C:\Python313\Scripts\;C:\Python313\;C:\Program Files\Microsoft\jdk-11.0.25.9-hotspot\bin;C:\Program Files\Common Files\Oracle\Java\javapath;C:\Program Files (x86)\Common Files\Oracle\Java\java8path;C:\Program Files (x86)\Common Files\Oracle\Java\javapath;C:\Program Files\Eclipse Adoptium\jdk-21.0.4.7-hotspot\bin;C:\WINDOWS\system32;C:\WINDOWS;C:\WINDOWS\System32\Wbem;C:\WINDOWS\System32\WindowsPowerShell\v1.0\;C:\WINDOWS\System32\OpenSSH\;C:\Program Files\Bandizip\;C:\Program Files\dotnet\;C:\Program Files\Eclipse Adoptium\jdk-21.0.4.7-hotspot\bin;C:\Program Files\nodejs\;C:\ProgramData\chocolatey\bin;C:\Program Files\Docker\Docker\resources\bin;C:\Program Files\Git\cmd;C:\Users\lkind\AppData\Local\Programs\Python\Launcher\;C:\Users\lkind\AppData\Local\Microsoft\WindowsApps;C:\Users\lkind\AppData\Local\Programs\cursor\resources\app\bin;C:\Users\lkind\AppData\Roaming\npm;C:\Users\lkind\AppData\Local\GitHubDesktop\bin;C:\Users\lkind\AppData\Local\Programs\Microsoft VS Code\bin;C:\Users\lkind\AppData\Local\Microsoft\WinGet\Packages\astral-sh.uv_Microsoft;C:\Users\lkind\AppData\Local\Pandoc\;C:\Users\lkind\AppData\Local\Programs\Antigravity\bin;C:\Program Files\Apache\apache-maven-3.9.11\bin;c:\Users\lkind\.antigravity\extensions\ms-python.debugpy-2025.14.1-win32-x64\bundled\scripts\noConfigScripts;.]
18-Dec-2025 17:53:13.922 정보 [main] org.apache.coyote.AbstractProtocol.init 프로토콜 핸들러 ["http-nio-8080"]을(를) 초기화합니다.
18-Dec-2025 17:53:13.944 정보 [main] org.apache.catalina.startup.Catalina.load [458] 밀리초 내에 서버가 초기화되었습니다.
18-Dec-2025 17:53:13.992 정보 [main] org.apache.catalina.core.StandardService.startInternal 서비스 [Catalina]을(를) 시작합니다.
18-Dec-2025 17:53:13.993 정보 [main] org.apache.catalina.core.StandardEngine.startInternal 서버 엔진을 시작합니다: [Apache Tomcat/10.1.50]
18-Dec-2025 17:53:14.043 정보 [main] org.apache.catalina.startup.HostConfig.deployWAR 웹 애플리케이션 아카이브 [D:\project\egov-enterprise\apache-tomcat-10.1.50\apache-tomcat-10.1.50\webapps\ROOT.war]을(를) 배치합니다.
18-Dec-2025 17:53:17.114 정보 [main] org.apache.jasper.servlet.TldScanner.scanJars 적어도 하나의 JAR가 TLD들을 찾기 위해 스캔되었으나 아무 것도 찾지 못했습니다. 스캔했으나 TLD가 없는 JAR들의 전체 목록을 보시려면, 로그 레벨을 디버그 레벨로 설정하십시오. 스캔 과정에서 불필요한 JAR들을 건너뛰면, 시스템 시작 시간과 JSP 컴파일 시간을 단축시킬 수 있습니다.
18-Dec-2025 17:53:19.881 심각 [main] org.apache.catalina.core.StandardContext.startInternal 하나 이상의 리스너들이 시작하지 못했습니다. 상세 내역은 적절한 컨테이너 로그 파일에서 찾을 수 있습니다.
18-Dec-2025 17:53:19.904 심각 [main] org.apache.catalina.core.StandardContext.startInternal 이전 오류들로 인해 컨텍스트 []의 시작이 실패했습니다.
18-Dec-2025 17:53:19.956 경고 [main] org.apache.catalina.loader.WebappClassLoaderBase.clearReferencesJdbc 웹 애플리케이션 [ROOT]이(가) JDBC 드라이버 [cubrid.jdbc.driver.CUBRIDDriver]을(를) 등록했지만, 웹 애플리케이션이 중지될 때, 해당 JDBC 드라이버의 등록을 제거하지 못했습니다. 메모리 누수를 방지하기 위하여, 등록을 강제로 제거했습니다.
18-Dec-2025 17:53:19.987 정보 [main] org.apache.catalina.startup.HostConfig.deployWAR 웹 애플리케이션 아카이브 [D:\project\egov-enterprise\apache-tomcat-10.1.50\apache-tomcat-10.1.50\webapps\ROOT.war]의 배치가 [5,934] 밀리초에 완료되었습니다.
18-Dec-2025 17:53:19.989 정보 [main] org.apache.catalina.startup.HostConfig.deployDirectory 웹 애플리케이션 디렉토리 [D:\project\egov-enterprise\apache-tomcat-10.1.50\apache-tomcat-10.1.50\webapps\docs]을(를) 배치합니다.
18-Dec-2025 17:53:20.065 정보 [main] org.apache.jasper.servlet.TldScanner.scanJars 적어도 하나의 JAR가 TLD들을 찾기 위해 스캔되었으나 아무 것도 찾지 못했습니다. 스캔했으나 TLD가 없는 JAR들의 전체 목록을 보시려면, 로그 레벨을 디버그 레벨로 설정하십시오. 스캔 과정에서 불필요한 JAR들을 건너뛰면, 시스템 시작 시간과 JSP 컴파일 시간을 단축시킬 수 있습니다.
18-Dec-2025 17:53:20.089 정보 [main] org.apache.catalina.startup.HostConfig.deployDirectory 웹 애플리케이션 디렉토리 [D:\project\egov-enterprise\apache-tomcat-10.1.50\apache-tomcat-10.1.50\webapps\docs]에 대한 배치가 [100] 밀리초에 완료되었습니다.
18-Dec-2025 17:53:20.090 정보 [main] org.apache.catalina.startup.HostConfig.deployDirectory 웹 애플리케이션 디렉토리 [D:\project\egov-enterprise\apache-tomcat-10.1.50\apache-tomcat-10.1.50\webapps\examples]을(를) 배치합니다.
18-Dec-2025 17:53:20.321 정보 [main] org.apache.jasper.servlet.TldScanner.scanJars 적어도 하나의 JAR가 TLD들을 찾기 위해 스캔되었으나 아무 것도 찾지 못했습니다. 스캔했으나 TLD가 없는 JAR들의 전체 목록을 보시려면, 로그 레벨을 디버그 레벨로 설정하십시오. 스캔 과정에서 불필요한 JAR들을 건너뛰면, 시스템 시작 시간과 JSP 컴파일 시간을 단축시킬 수 있습니다.
18-Dec-2025 17:53:20.400 정보 [main] org.apache.catalina.startup.HostConfig.deployDirectory 웹 애플리케이션 디렉토리 [D:\project\egov-enterprise\apache-tomcat-10.1.50\apache-tomcat-10.1.50\webapps\examples]에 대한 배치가 [310] 밀리초에 완료되었습니다.
18-Dec-2025 17:53:20.401 정보 [main] org.apache.catalina.startup.HostConfig.deployDirectory 웹 애플리케이션 디렉토리 [D:\project\egov-enterprise\apache-tomcat-10.1.50\apache-tomcat-10.1.50\webapps\host-manager]을(를) 배치합니다.
18-Dec-2025 17:53:20.463 정보 [main] org.apache.jasper.servlet.TldScanner.scanJars 적어도 하나의 JAR가 TLD들을 찾기 위해 스캔되었으나 아무 것도 찾지 못했습니다. 스캔했으나 TLD가 없는 JAR들의 전체 목록을 보시려면, 로그 레벨을 디버그 레벨로 설정하십시오. 스캔 과정에서 불필요한 JAR들을 건너뛰면, 시스템 시작 시간과 JSP 컴파일 시간을 단축시킬 수 있습니다.
18-Dec-2025 17:53:20.471 정보 [main] org.apache.catalina.startup.HostConfig.deployDirectory 웹 애플리케이션 디렉토리 [D:\project\egov-enterprise\apache-tomcat-10.1.50\apache-tomcat-10.1.50\webapps\host-manager]에 대한 배치가 [69] 밀리초에 완료되었습니다.
18-Dec-2025 17:53:20.471 정보 [main] org.apache.catalina.startup.HostConfig.deployDirectory 웹 애플리케이션 디렉토리 [D:\project\egov-enterprise\apache-tomcat-10.1.50\apache-tomcat-10.1.50\webapps\manager]을(를) 배치합니다.
18-Dec-2025 17:53:20.520 정보 [main] org.apache.jasper.servlet.TldScanner.scanJars 적어도 하나의 JAR가 TLD들을 찾기 위해 스캔되었으나 아무 것도 찾지 못했습니다. 스캔했으나 TLD가 없는 JAR들의 전체 목록을 보시려면, 로그 레벨을 디버그 레벨로 설정하십시오. 스캔 과정에서 불필요한 JAR들을 건너뛰면, 시스템 시작 시간과 JSP 컴파일 시간을 단축시킬 수 있습니다.
18-Dec-2025 17:53:20.521 정보 [main] org.apache.catalina.startup.HostConfig.deployDirectory 웹 애플리케이션 디렉토리 [D:\project\egov-enterprise\apache-tomcat-10.1.50\apache-tomcat-10.1.50\webapps\manager]에 대한 배치가 [50] 밀리초에 완료되었습니다.
18-Dec-2025 17:53:20.527 정보 [main] org.apache.coyote.AbstractProtocol.start 프로토콜 핸들러 ["http-nio-8080"]을(를) 시작합니다.
18-Dec-2025 17:53:20.563 정보 [main] org.apache.catalina.startup.Catalina.start 서버가 [6618] 밀리초 내에 시작되었습니다.
18-Dec-2025 17:59:54.091 정보 [main] org.apache.catalina.core.StandardServer.await 셧다운 포트를 통해 유효한 셧다운 명령을 받았습니다. 서버 인스턴스를 중지시킵니다.
18-Dec-2025 17:59:54.091 정보 [main] org.apache.coyote.AbstractProtocol.pause 프로토콜 핸들러 ["http-nio-8080"]을(를) 일시 정지 중
18-Dec-2025 17:59:54.111 정보 [main] org.apache.catalina.core.StandardService.stopInternal 서비스 [Catalina]을(를) 중지시킵니다.
18-Dec-2025 17:59:54.152 정보 [main] org.apache.coyote.AbstractProtocol.stop 프로토콜 핸들러 ["http-nio-8080"]을(를) 중지시킵니다.
18-Dec-2025 17:59:54.170 정보 [main] org.apache.coyote.AbstractProtocol.destroy 프로토콜 핸들러 ["http-nio-8080"]을(를) 소멸시킵니다.
18-Dec-2025 18:00:31.184 정보 [main] org.apache.catalina.startup.VersionLoggerListener.log 서버 버전 이름:    Apache Tomcat/10.1.50
18-Dec-2025 18:00:31.188 정보 [main] org.apache.catalina.startup.VersionLoggerListener.log Server 빌드 시각:  Dec 2 2025 22:57:41 UTC
18-Dec-2025 18:00:31.188 정보 [main] org.apache.catalina.startup.VersionLoggerListener.log Server 버전 번호:  10.1.50.0
18-Dec-2025 18:00:31.189 정보 [main] org.apache.catalina.startup.VersionLoggerListener.log 운영체제 이름:     Windows 11
18-Dec-2025 18:00:31.189 정보 [main] org.apache.catalina.startup.VersionLoggerListener.log 운영체제 버전:     10.0
18-Dec-2025 18:00:31.189 정보 [main] org.apache.catalina.startup.VersionLoggerListener.log 아키텍처:          amd64
18-Dec-2025 18:00:31.190 정보 [main] org.apache.catalina.startup.VersionLoggerListener.log 자바 홈:           C:\Program Files\Eclipse Adoptium\jdk-21.0.4.7-hotspot
18-Dec-2025 18:00:31.190 정보 [main] org.apache.catalina.startup.VersionLoggerListener.log JVM 버전:          21.0.4+7-LTS
18-Dec-2025 18:00:31.190 정보 [main] org.apache.catalina.startup.VersionLoggerListener.log JVM 벤더:          Eclipse Adoptium
18-Dec-2025 18:00:31.191 정보 [main] org.apache.catalina.startup.VersionLoggerListener.log CATALINA_BASE:     D:\project\egov-enterprise\apache-tomcat-10.1.50\apache-tomcat-10.1.50
18-Dec-2025 18:00:31.191 정보 [main] org.apache.catalina.startup.VersionLoggerListener.log CATALINA_HOME:     D:\project\egov-enterprise\apache-tomcat-10.1.50\apache-tomcat-10.1.50
18-Dec-2025 18:00:31.201 정보 [main] org.apache.catalina.startup.VersionLoggerListener.log 명령 행 아규먼트:  -Djava.util.logging.config.file=D:\project\egov-enterprise\apache-tomcat-10.1.50\apache-tomcat-10.1.50\conf\logging.properties
18-Dec-2025 18:00:31.202 정보 [main] org.apache.catalina.startup.VersionLoggerListener.log 명령 행 아규먼트:  -Djava.util.logging.manager=org.apache.juli.ClassLoaderLogManager
18-Dec-2025 18:00:31.202 정보 [main] org.apache.catalina.startup.VersionLoggerListener.log 명령 행 아규먼트:  -Djdk.tls.ephemeralDHKeySize=2048
18-Dec-2025 18:00:31.202 정보 [main] org.apache.catalina.startup.VersionLoggerListener.log 명령 행 아규먼트:  -Djava.protocol.handler.pkgs=org.apache.catalina.webresources
18-Dec-2025 18:00:31.202 정보 [main] org.apache.catalina.startup.VersionLoggerListener.log 명령 행 아규먼트:  -Dsun.io.useCanonCaches=false
18-Dec-2025 18:00:31.202 정보 [main] org.apache.catalina.startup.VersionLoggerListener.log 명령 행 아규먼트:  --add-opens=java.base/java.lang=ALL-UNNAMED
18-Dec-2025 18:00:31.202 정보 [main] org.apache.catalina.startup.VersionLoggerListener.log 명령 행 아규먼트:  --add-opens=java.base/java.lang.reflect=ALL-UNNAMED
18-Dec-2025 18:00:31.202 정보 [main] org.apache.catalina.startup.VersionLoggerListener.log 명령 행 아규먼트:  --add-opens=java.base/java.io=ALL-UNNAMED
18-Dec-2025 18:00:31.204 정보 [main] org.apache.catalina.startup.VersionLoggerListener.log 명령 행 아규먼트:  --add-opens=java.base/java.util=ALL-UNNAMED
18-Dec-2025 18:00:31.204 정보 [main] org.apache.catalina.startup.VersionLoggerListener.log 명령 행 아규먼트:  --add-opens=java.base/java.util.concurrent=ALL-UNNAMED
18-Dec-2025 18:00:31.204 정보 [main] org.apache.catalina.startup.VersionLoggerListener.log 명령 행 아규먼트:  --add-opens=java.rmi/sun.rmi.transport=ALL-UNNAMED
18-Dec-2025 18:00:31.204 정보 [main] org.apache.catalina.startup.VersionLoggerListener.log 명령 행 아규먼트:  -Dcatalina.base=D:\project\egov-enterprise\apache-tomcat-10.1.50\apache-tomcat-10.1.50
18-Dec-2025 18:00:31.205 정보 [main] org.apache.catalina.startup.VersionLoggerListener.log 명령 행 아규먼트:  -Dcatalina.home=D:\project\egov-enterprise\apache-tomcat-10.1.50\apache-tomcat-10.1.50
18-Dec-2025 18:00:31.205 정보 [main] org.apache.catalina.startup.VersionLoggerListener.log 명령 행 아규먼트:  -Djava.io.tmpdir=D:\project\egov-enterprise\apache-tomcat-10.1.50\apache-tomcat-10.1.50\temp
18-Dec-2025 18:00:31.220 정보 [main] org.apache.catalina.core.AprLifecycleListener.lifecycleEvent 프로덕션 환경들에서 최적의 성능을 제공하는, APR 기반 Apache Tomcat Native 라이브러리가, 다음 java.library.path에서 발견되지 않습니다: [C:\Program Files\Eclipse Adoptium\jdk-21.0.4.7-hotspot\bin;C:\WINDOWS\Sun\Java\bin;C:\WINDOWS\system32;C:\WINDOWS;C:\Python313\Scripts\;C:\Python313\;C:\Program Files\Microsoft\jdk-11.0.25.9-hotspot\bin;C:\Program Files\Common Files\Oracle\Java\javapath;C:\Program Files (x86)\Common Files\Oracle\Java\java8path;C:\Program Files (x86)\Common Files\Oracle\Java\javapath;C:\Program Files\Eclipse Adoptium\jdk-21.0.4.7-hotspot\bin;C:\WINDOWS\system32;C:\WINDOWS;C:\WINDOWS\System32\Wbem;C:\WINDOWS\System32\WindowsPowerShell\v1.0\;C:\WINDOWS\System32\OpenSSH\;C:\Program Files\Bandizip\;C:\Program Files\dotnet\;%JAVA_HOME%\bin;C:\Program Files\nodejs\;C:\ProgramData\chocolatey\bin;C:\Program Files\Git\cmd;C:\Users\lkind\AppData\Roaming\npm;C:\Users\lkind\AppData\Local\Pandoc;C:\Program Files\Docker\Docker\resources\bin;C:\Program Files\Apache\apache-maven-3.9.11\bin;C:\Program Files\Apache\apache-maven-3.9.11\bin;C:\Python313\Scripts\;C:\Python313\;C:\Program Files\Microsoft\jdk-11.0.25.9-hotspot\bin;C:\Program Files\Common Files\Oracle\Java\javapath;C:\Program Files (x86)\Common Files\Oracle\Java\java8path;C:\Program Files (x86)\Common Files\Oracle\Java\javapath;C:\Program Files\Eclipse Adoptium\jdk-21.0.4.7-hotspot\bin;C:\WINDOWS\system32;C:\WINDOWS;C:\WINDOWS\System32\Wbem;C:\WINDOWS\System32\WindowsPowerShell\v1.0\;C:\WINDOWS\System32\OpenSSH\;C:\Program Files\Bandizip\;C:\Program Files\dotnet\;C:\Program Files\Eclipse Adoptium\jdk-21.0.4.7-hotspot\bin;C:\Program Files\nodejs\;C:\ProgramData\chocolatey\bin;C:\Program Files\Docker\Docker\resources\bin;C:\Program Files\Git\cmd;C:\Users\lkind\AppData\Local\Programs\Python\Launcher\;C:\Users\lkind\AppData\Local\Microsoft\WindowsApps;C:\Users\lkind\AppData\Local\Programs\cursor\resources\app\bin;C:\Users\lkind\AppData\Roaming\npm;C:\Users\lkind\AppData\Local\GitHubDesktop\bin;C:\Users\lkind\AppData\Local\Programs\Microsoft VS Code\bin;C:\Users\lkind\AppData\Local\Microsoft\WinGet\Packages\astral-sh.uv_Microsoft;C:\Users\lkind\AppData\Local\Pandoc\;C:\Users\lkind\AppData\Local\Programs\Antigravity\bin;C:\Program Files\Apache\apache-maven-3.9.11\bin;c:\Users\lkind\.antigravity\extensions\ms-python.debugpy-2025.14.1-win32-x64\bundled\scripts\noConfigScripts;.]
18-Dec-2025 18:00:31.431 정보 [main] org.apache.coyote.AbstractProtocol.init 프로토콜 핸들러 ["http-nio-8080"]을(를) 초기화합니다.
18-Dec-2025 18:00:31.452 정보 [main] org.apache.catalina.startup.Catalina.load [448] 밀리초 내에 서버가 초기화되었습니다.
18-Dec-2025 18:00:31.501 정보 [main] org.apache.catalina.core.StandardService.startInternal 서비스 [Catalina]을(를) 시작합니다.
18-Dec-2025 18:00:31.502 정보 [main] org.apache.catalina.core.StandardEngine.startInternal 서버 엔진을 시작합니다: [Apache Tomcat/10.1.50]
18-Dec-2025 18:00:31.556 정보 [main] org.apache.catalina.startup.HostConfig.deployWAR 웹 애플리케이션 아카이브 [D:\project\egov-enterprise\apache-tomcat-10.1.50\apache-tomcat-10.1.50\webapps\ROOT.war]을(를) 배치합니다.
18-Dec-2025 18:00:45.142 정보 [main] org.apache.jasper.servlet.TldScanner.scanJars 적어도 하나의 JAR가 TLD들을 찾기 위해 스캔되었으나 아무 것도 찾지 못했습니다. 스캔했으나 TLD가 없는 JAR들의 전체 목록을 보시려면, 로그 레벨을 디버그 레벨로 설정하십시오. 스캔 과정에서 불필요한 JAR들을 건너뛰면, 시스템 시작 시간과 JSP 컴파일 시간을 단축시킬 수 있습니다.
18-Dec-2025 18:00:48.111 심각 [main] org.apache.catalina.core.StandardContext.startInternal 하나 이상의 리스너들이 시작하지 못했습니다. 상세 내역은 적절한 컨테이너 로그 파일에서 찾을 수 있습니다.
18-Dec-2025 18:00:48.138 심각 [main] org.apache.catalina.core.StandardContext.startInternal 이전 오류들로 인해 컨텍스트 []의 시작이 실패했습니다.
18-Dec-2025 18:00:48.182 경고 [main] org.apache.catalina.loader.WebappClassLoaderBase.clearReferencesJdbc 웹 애플리케이션 [ROOT]이(가) JDBC 드라이버 [cubrid.jdbc.driver.CUBRIDDriver]을(를) 등록했지만, 웹 애플리케이션이 중지될 때, 해당 JDBC 드라이버의 등록을 제거하지 못했습니다. 메모리 누수를 방지하기 위하여, 등록을 강제로 제거했습니다.
18-Dec-2025 18:00:48.200 정보 [main] org.apache.catalina.startup.HostConfig.deployWAR 웹 애플리케이션 아카이브 [D:\project\egov-enterprise\apache-tomcat-10.1.50\apache-tomcat-10.1.50\webapps\ROOT.war]의 배치가 [16,638] 밀리초에 완료되었습니다.
18-Dec-2025 18:00:48.203 정보 [main] org.apache.catalina.startup.HostConfig.deployDirectory 웹 애플리케이션 디렉토리 [D:\project\egov-enterprise\apache-tomcat-10.1.50\apache-tomcat-10.1.50\webapps\docs]을(를) 배치합니다.
18-Dec-2025 18:00:48.320 정보 [main] org.apache.jasper.servlet.TldScanner.scanJars 적어도 하나의 JAR가 TLD들을 찾기 위해 스캔되었으나 아무 것도 찾지 못했습니다. 스캔했으나 TLD가 없는 JAR들의 전체 목록을 보시려면, 로그 레벨을 디버그 레벨로 설정하십시오. 스캔 과정에서 불필요한 JAR들을 건너뛰면, 시스템 시작 시간과 JSP 컴파일 시간을 단축시킬 수 있습니다.
18-Dec-2025 18:00:48.370 정보 [main] org.apache.catalina.startup.HostConfig.deployDirectory 웹 애플리케이션 디렉토리 [D:\project\egov-enterprise\apache-tomcat-10.1.50\apache-tomcat-10.1.50\webapps\docs]에 대한 배치가 [167] 밀리초에 완료되었습니다.
18-Dec-2025 18:00:48.370 정보 [main] org.apache.catalina.startup.HostConfig.deployDirectory 웹 애플리케이션 디렉토리 [D:\project\egov-enterprise\apache-tomcat-10.1.50\apache-tomcat-10.1.50\webapps\examples]을(를) 배치합니다.
18-Dec-2025 18:00:48.807 정보 [main] org.apache.jasper.servlet.TldScanner.scanJars 적어도 하나의 JAR가 TLD들을 찾기 위해 스캔되었으나 아무 것도 찾지 못했습니다. 스캔했으나 TLD가 없는 JAR들의 전체 목록을 보시려면, 로그 레벨을 디버그 레벨로 설정하십시오. 스캔 과정에서 불필요한 JAR들을 건너뛰면, 시스템 시작 시간과 JSP 컴파일 시간을 단축시킬 수 있습니다.
18-Dec-2025 18:00:48.874 정보 [main] org.apache.catalina.startup.HostConfig.deployDirectory 웹 애플리케이션 디렉토리 [D:\project\egov-enterprise\apache-tomcat-10.1.50\apache-tomcat-10.1.50\webapps\examples]에 대한 배치가 [504] 밀리초에 완료되었습니다.
18-Dec-2025 18:00:48.875 정보 [main] org.apache.catalina.startup.HostConfig.deployDirectory 웹 애플리케이션 디렉토리 [D:\project\egov-enterprise\apache-tomcat-10.1.50\apache-tomcat-10.1.50\webapps\host-manager]을(를) 배치합니다.
18-Dec-2025 18:00:48.943 정보 [main] org.apache.jasper.servlet.TldScanner.scanJars 적어도 하나의 JAR가 TLD들을 찾기 위해 스캔되었으나 아무 것도 찾지 못했습니다. 스캔했으나 TLD가 없는 JAR들의 전체 목록을 보시려면, 로그 레벨을 디버그 레벨로 설정하십시오. 스캔 과정에서 불필요한 JAR들을 건너뛰면, 시스템 시작 시간과 JSP 컴파일 시간을 단축시킬 수 있습니다.
18-Dec-2025 18:00:48.952 정보 [main] org.apache.catalina.startup.HostConfig.deployDirectory 웹 애플리케이션 디렉토리 [D:\project\egov-enterprise\apache-tomcat-10.1.50\apache-tomcat-10.1.50\webapps\host-manager]에 대한 배치가 [77] 밀리초에 완료되었습니다.
18-Dec-2025 18:00:48.953 정보 [main] org.apache.catalina.startup.HostConfig.deployDirectory 웹 애플리케이션 디렉토리 [D:\project\egov-enterprise\apache-tomcat-10.1.50\apache-tomcat-10.1.50\webapps\manager]을(를) 배치합니다.
18-Dec-2025 18:00:49.012 정보 [main] org.apache.jasper.servlet.TldScanner.scanJars 적어도 하나의 JAR가 TLD들을 찾기 위해 스캔되었으나 아무 것도 찾지 못했습니다. 스캔했으나 TLD가 없는 JAR들의 전체 목록을 보시려면, 로그 레벨을 디버그 레벨로 설정하십시오. 스캔 과정에서 불필요한 JAR들을 건너뛰면, 시스템 시작 시간과 JSP 컴파일 시간을 단축시킬 수 있습니다.
18-Dec-2025 18:00:49.017 정보 [main] org.apache.catalina.startup.HostConfig.deployDirectory 웹 애플리케이션 디렉토리 [D:\project\egov-enterprise\apache-tomcat-10.1.50\apache-tomcat-10.1.50\webapps\manager]에 대한 배치가 [64] 밀리초에 완료되었습니다.
18-Dec-2025 18:00:49.029 정보 [main] org.apache.coyote.AbstractProtocol.start 프로토콜 핸들러 ["http-nio-8080"]을(를) 시작합니다.
18-Dec-2025 18:00:49.080 정보 [main] org.apache.catalina.startup.Catalina.start 서버가 [17626] 밀리초 내에 시작되었습니다.
