15-Dec-2025 14:52:31.704 정보 [main] org.apache.catalina.core.ApplicationContext.log No Spring WebApplicationInitializer types detected on classpath
15-Dec-2025 14:52:31.711 정보 [main] org.apache.catalina.core.ApplicationContext.log Initializing Spring root WebApplicationContext
15-Dec-2025 14:52:37.353 정보 [main] org.apache.catalina.core.ApplicationContext.log Initializing Spring DispatcherServlet 'action'
15-Dec-2025 14:52:39.214 심각 [main] org.apache.catalina.core.ApplicationContext.log 서블릿 [action]을(를) 위한 Servlet.init() 호출이 예외를 발생시켰습니다.
	org.springframework.beans.factory.UnsatisfiedDependencyException: Error creating bean with name 'egovLoginController' defined in file [D:\project\egov-enterprise\apache-tomcat-10.1.50\apache-tomcat-10.1.50\webapps\ROOT\WEB-INF\classes\egovframework\let\uat\uia\web\EgovLoginController.class]: Unsatisfied dependency expressed through constructor parameter 0: Error creating bean with name 'authenticationManager' defined in org.egovframe.rte.fdl.security.config.EgovSecurityConfiguration: Failed to instantiate [org.springframework.security.authentication.AuthenticationManager]: Factory method 'authenticationManager' threw exception with message: Error creating bean with name 'jdbcUserService' defined in org.egovframe.rte.fdl.security.config.EgovSecurityConfiguration: Failed to instantiate [org.egovframe.rte.fdl.security.userdetails.jdbc.EgovJdbcUserDetailsManager]: Factory method 'jdbcUserService' threw exception with message: Error creating bean with name 'roleHierarchy' defined in org.egovframe.rte.fdl.security.config.EgovSecurityConfiguration: Failed to instantiate [org.springframework.security.access.hierarchicalroles.RoleHierarchy]: Factory method 'roleHierarchy' threw exception with message: Error creating bean with name 'hierarchyStrings' defined in org.egovframe.rte.fdl.security.config.EgovSecurityConfiguration: Failed to instantiate [java.lang.String]: Factory method 'hierarchyStrings' threw exception with message: PreparedStatementCallback; bad SQL grammar [SELECT a.CHLDRN_ROLE child, a.PARNTS_ROLE parent FROM LETTNROLES_HIERARCHY a LEFT JOIN LETTNROLES_HIERARCHY b on (a.CHLDRN_ROLE = b.PARNTS_ROLE)]
		at org.springframework.beans.factory.support.ConstructorResolver.createArgumentArray(ConstructorResolver.java:804)
		at org.springframework.beans.factory.support.ConstructorResolver.autowireConstructor(ConstructorResolver.java:240)
		at org.springframework.beans.factory.support.AbstractAutowireCapableBeanFactory.autowireConstructor(AbstractAutowireCapableBeanFactory.java:1395)
		at org.springframework.beans.factory.support.AbstractAutowireCapableBeanFactory.createBeanInstance(AbstractAutowireCapableBeanFactory.java:1232)
		at org.springframework.beans.factory.support.AbstractAutowireCapableBeanFactory.doCreateBean(AbstractAutowireCapableBeanFactory.java:569)
		at org.springframework.beans.factory.support.AbstractAutowireCapableBeanFactory.createBean(AbstractAutowireCapableBeanFactory.java:529)
		at org.springframework.beans.factory.support.AbstractBeanFactory.lambda$doGetBean$0(AbstractBeanFactory.java:339)
		at org.springframework.beans.factory.support.DefaultSingletonBeanRegistry.getSingleton(DefaultSingletonBeanRegistry.java:373)
		at org.springframework.beans.factory.support.AbstractBeanFactory.doGetBean(AbstractBeanFactory.java:337)
		at org.springframework.beans.factory.support.AbstractBeanFactory.getBean(AbstractBeanFactory.java:202)
		at org.springframework.beans.factory.support.DefaultListableBeanFactory.instantiateSingleton(DefaultListableBeanFactory.java:1221)
		at org.springframework.beans.factory.support.DefaultListableBeanFactory.preInstantiateSingleton(DefaultListableBeanFactory.java:1187)
		at org.springframework.beans.factory.support.DefaultListableBeanFactory.preInstantiateSingletons(DefaultListableBeanFactory.java:1123)
		at org.springframework.context.support.AbstractApplicationContext.finishBeanFactoryInitialization(AbstractApplicationContext.java:987)
		at org.springframework.context.support.AbstractApplicationContext.refresh(AbstractApplicationContext.java:627)
		at org.springframework.web.servlet.FrameworkServlet.configureAndRefreshWebApplicationContext(FrameworkServlet.java:706)
		at org.springframework.web.servlet.FrameworkServlet.createWebApplicationContext(FrameworkServlet.java:672)
		at org.springframework.web.servlet.FrameworkServlet.createWebApplicationContext(FrameworkServlet.java:720)
		at org.springframework.web.servlet.FrameworkServlet.initWebApplicationContext(FrameworkServlet.java:595)
		at org.springframework.web.servlet.FrameworkServlet.initServletBean(FrameworkServlet.java:537)
		at org.springframework.web.servlet.HttpServletBean.init(HttpServletBean.java:169)
		at jakarta.servlet.GenericServlet.init(GenericServlet.java:143)
		at jakarta.servlet.http.HttpServlet.init(HttpServlet.java:121)
		at org.apache.catalina.core.StandardWrapper.initServlet(StandardWrapper.java:840)
		at org.apache.catalina.core.StandardWrapper.loadServlet(StandardWrapper.java:797)
		at org.apache.catalina.core.StandardWrapper.load(StandardWrapper.java:701)
		at org.apache.catalina.core.StandardContext.loadOnStartup(StandardContext.java:4209)
		at org.apache.catalina.core.StandardContext.startInternal(StandardContext.java:4496)
		at org.apache.catalina.util.LifecycleBase.start(LifecycleBase.java:164)
		at org.apache.catalina.core.ContainerBase.addChildInternal(ContainerBase.java:597)
		at org.apache.catalina.core.ContainerBase.addChild(ContainerBase.java:569)
		at org.apache.catalina.core.StandardHost.addChild(StandardHost.java:665)
		at org.apache.catalina.startup.HostConfig.deployWAR(HostConfig.java:962)
		at org.apache.catalina.startup.HostConfig$DeployWar.run(HostConfig.java:1900)
		at java.base/java.util.concurrent.Executors$RunnableAdapter.call(Executors.java:572)
		at java.base/java.util.concurrent.FutureTask.run(FutureTask.java:317)
		at org.apache.tomcat.util.threads.InlineExecutorService.execute(InlineExecutorService.java:81)
		at java.base/java.util.concurrent.AbstractExecutorService.submit(AbstractExecutorService.java:123)
		at org.apache.catalina.startup.HostConfig.deployWARs(HostConfig.java:766)
		at org.apache.catalina.startup.HostConfig.deployApps(HostConfig.java:417)
		at org.apache.catalina.startup.HostConfig.start(HostConfig.java:1618)
		at org.apache.catalina.startup.HostConfig.lifecycleEvent(HostConfig.java:300)
		at org.apache.catalina.util.LifecycleBase.fireLifecycleEvent(LifecycleBase.java:109)
		at org.apache.catalina.util.LifecycleBase.setStateInternal(LifecycleBase.java:389)
		at org.apache.catalina.util.LifecycleBase.setState(LifecycleBase.java:336)
		at org.apache.catalina.core.ContainerBase.startInternal(ContainerBase.java:774)
		at org.apache.catalina.core.StandardHost.startInternal(StandardHost.java:783)
		at org.apache.catalina.util.LifecycleBase.start(LifecycleBase.java:164)
		at org.apache.catalina.core.ContainerBase$StartChild.call(ContainerBase.java:1201)
		at org.apache.catalina.core.ContainerBase$StartChild.call(ContainerBase.java:1191)
		at java.base/java.util.concurrent.FutureTask.run(FutureTask.java:317)
		at org.apache.tomcat.util.threads.InlineExecutorService.execute(InlineExecutorService.java:81)
		at java.base/java.util.concurrent.AbstractExecutorService.submit(AbstractExecutorService.java:145)
		at org.apache.catalina.core.ContainerBase.startInternal(ContainerBase.java:747)
		at org.apache.catalina.core.StandardEngine.startInternal(StandardEngine.java:201)
		at org.apache.catalina.util.LifecycleBase.start(LifecycleBase.java:164)
		at org.apache.catalina.core.StandardService.startInternal(StandardService.java:410)
		at org.apache.catalina.util.LifecycleBase.start(LifecycleBase.java:164)
		at org.apache.catalina.core.StandardServer.startInternal(StandardServer.java:868)
		at org.apache.catalina.util.LifecycleBase.start(LifecycleBase.java:164)
		at org.apache.catalina.startup.Catalina.start(Catalina.java:758)
		at java.base/jdk.internal.reflect.DirectMethodHandleAccessor.invoke(DirectMethodHandleAccessor.java:103)
		at java.base/java.lang.reflect.Method.invoke(Method.java:580)
		at org.apache.catalina.startup.Bootstrap.start(Bootstrap.java:342)
		at org.apache.catalina.startup.Bootstrap.main(Bootstrap.java:473)
	Caused by: org.springframework.beans.factory.BeanCreationException: Error creating bean with name 'authenticationManager' defined in org.egovframe.rte.fdl.security.config.EgovSecurityConfiguration: Failed to instantiate [org.springframework.security.authentication.AuthenticationManager]: Factory method 'authenticationManager' threw exception with message: Error creating bean with name 'jdbcUserService' defined in org.egovframe.rte.fdl.security.config.EgovSecurityConfiguration: Failed to instantiate [org.egovframe.rte.fdl.security.userdetails.jdbc.EgovJdbcUserDetailsManager]: Factory method 'jdbcUserService' threw exception with message: Error creating bean with name 'roleHierarchy' defined in org.egovframe.rte.fdl.security.config.EgovSecurityConfiguration: Failed to instantiate [org.springframework.security.access.hierarchicalroles.RoleHierarchy]: Factory method 'roleHierarchy' threw exception with message: Error creating bean with name 'hierarchyStrings' defined in org.egovframe.rte.fdl.security.config.EgovSecurityConfiguration: Failed to instantiate [java.lang.String]: Factory method 'hierarchyStrings' threw exception with message: PreparedStatementCallback; bad SQL grammar [SELECT a.CHLDRN_ROLE child, a.PARNTS_ROLE parent FROM LETTNROLES_HIERARCHY a LEFT JOIN LETTNROLES_HIERARCHY b on (a.CHLDRN_ROLE = b.PARNTS_ROLE)]
		at org.springframework.beans.factory.support.ConstructorResolver.instantiate(ConstructorResolver.java:657)
		at org.springframework.beans.factory.support.ConstructorResolver.instantiateUsingFactoryMethod(ConstructorResolver.java:489)
		at org.springframework.beans.factory.support.AbstractAutowireCapableBeanFactory.instantiateUsingFactoryMethod(AbstractAutowireCapableBeanFactory.java:1375)
		at org.springframework.beans.factory.support.AbstractAutowireCapableBeanFactory.createBeanInstance(AbstractAutowireCapableBeanFactory.java:1205)
		at org.springframework.beans.factory.support.AbstractAutowireCapableBeanFactory.doCreateBean(AbstractAutowireCapableBeanFactory.java:569)
		at org.springframework.beans.factory.support.AbstractAutowireCapableBeanFactory.createBean(AbstractAutowireCapableBeanFactory.java:529)
		at org.springframework.beans.factory.support.AbstractBeanFactory.lambda$doGetBean$0(AbstractBeanFactory.java:339)
		at org.springframework.beans.factory.support.DefaultSingletonBeanRegistry.getSingleton(DefaultSingletonBeanRegistry.java:373)
		at org.springframework.beans.factory.support.AbstractBeanFactory.doGetBean(AbstractBeanFactory.java:337)
		at org.springframework.beans.factory.support.AbstractBeanFactory.getBean(AbstractBeanFactory.java:202)
		at org.springframework.beans.factory.config.DependencyDescriptor.resolveCandidate(DependencyDescriptor.java:254)
		at org.springframework.beans.factory.support.DefaultListableBeanFactory.doResolveDependency(DefaultListableBeanFactory.java:1760)
		at org.springframework.beans.factory.support.DefaultListableBeanFactory.resolveDependency(DefaultListableBeanFactory.java:1643)
		at org.springframework.beans.factory.support.ConstructorResolver.resolveAutowiredArgument(ConstructorResolver.java:913)
		at org.springframework.beans.factory.support.ConstructorResolver.createArgumentArray(ConstructorResolver.java:791)
		... 64 more
	Caused by: org.springframework.beans.BeanInstantiationException: Failed to instantiate [org.springframework.security.authentication.AuthenticationManager]: Factory method 'authenticationManager' threw exception with message: Error creating bean with name 'jdbcUserService' defined in org.egovframe.rte.fdl.security.config.EgovSecurityConfiguration: Failed to instantiate [org.egovframe.rte.fdl.security.userdetails.jdbc.EgovJdbcUserDetailsManager]: Factory method 'jdbcUserService' threw exception with message: Error creating bean with name 'roleHierarchy' defined in org.egovframe.rte.fdl.security.config.EgovSecurityConfiguration: Failed to instantiate [org.springframework.security.access.hierarchicalroles.RoleHierarchy]: Factory method 'roleHierarchy' threw exception with message: Error creating bean with name 'hierarchyStrings' defined in org.egovframe.rte.fdl.security.config.EgovSecurityConfiguration: Failed to instantiate [java.lang.String]: Factory method 'hierarchyStrings' threw exception with message: PreparedStatementCallback; bad SQL grammar [SELECT a.CHLDRN_ROLE child, a.PARNTS_ROLE parent FROM LETTNROLES_HIERARCHY a LEFT JOIN LETTNROLES_HIERARCHY b on (a.CHLDRN_ROLE = b.PARNTS_ROLE)]
		at org.springframework.beans.factory.support.SimpleInstantiationStrategy.lambda$instantiate$0(SimpleInstantiationStrategy.java:200)
		at org.springframework.beans.factory.support.SimpleInstantiationStrategy.instantiateWithFactoryMethod(SimpleInstantiationStrategy.java:89)
		at org.springframework.beans.factory.support.SimpleInstantiationStrategy.instantiate(SimpleInstantiationStrategy.java:169)
		at org.springframework.beans.factory.support.ConstructorResolver.instantiate(ConstructorResolver.java:653)
		... 78 more
	Caused by: org.springframework.beans.factory.BeanCreationException: Error creating bean with name 'jdbcUserService' defined in org.egovframe.rte.fdl.security.config.EgovSecurityConfiguration: Failed to instantiate [org.egovframe.rte.fdl.security.userdetails.jdbc.EgovJdbcUserDetailsManager]: Factory method 'jdbcUserService' threw exception with message: Error creating bean with name 'roleHierarchy' defined in org.egovframe.rte.fdl.security.config.EgovSecurityConfiguration: Failed to instantiate [org.springframework.security.access.hierarchicalroles.RoleHierarchy]: Factory method 'roleHierarchy' threw exception with message: Error creating bean with name 'hierarchyStrings' defined in org.egovframe.rte.fdl.security.config.EgovSecurityConfiguration: Failed to instantiate [java.lang.String]: Factory method 'hierarchyStrings' threw exception with message: PreparedStatementCallback; bad SQL grammar [SELECT a.CHLDRN_ROLE child, a.PARNTS_ROLE parent FROM LETTNROLES_HIERARCHY a LEFT JOIN LETTNROLES_HIERARCHY b on (a.CHLDRN_ROLE = b.PARNTS_ROLE)]
		at org.springframework.beans.factory.support.ConstructorResolver.instantiate(ConstructorResolver.java:657)
		at org.springframework.beans.factory.support.ConstructorResolver.instantiateUsingFactoryMethod(ConstructorResolver.java:489)
		at org.springframework.beans.factory.support.AbstractAutowireCapableBeanFactory.instantiateUsingFactoryMethod(AbstractAutowireCapableBeanFactory.java:1375)
		at org.springframework.beans.factory.support.AbstractAutowireCapableBeanFactory.createBeanInstance(AbstractAutowireCapableBeanFactory.java:1205)
		at org.springframework.beans.factory.support.AbstractAutowireCapableBeanFactory.doCreateBean(AbstractAutowireCapableBeanFactory.java:569)
		at org.springframework.beans.factory.support.AbstractAutowireCapableBeanFactory.createBean(AbstractAutowireCapableBeanFactory.java:529)
		at org.springframework.beans.factory.support.AbstractBeanFactory.lambda$doGetBean$0(AbstractBeanFactory.java:339)
		at org.springframework.beans.factory.support.DefaultSingletonBeanRegistry.getSingleton(DefaultSingletonBeanRegistry.java:373)
		at org.springframework.beans.factory.support.AbstractBeanFactory.doGetBean(AbstractBeanFactory.java:337)
		at org.springframework.beans.factory.support.AbstractBeanFactory.getBean(AbstractBeanFactory.java:202)
		at org.springframework.context.annotation.ConfigurationClassEnhancer$BeanMethodInterceptor.resolveBeanReference(ConfigurationClassEnhancer.java:432)
		at org.springframework.context.annotation.ConfigurationClassEnhancer$BeanMethodInterceptor.intercept(ConfigurationClassEnhancer.java:403)
		at org.egovframe.rte.fdl.security.config.EgovSecurityConfiguration$$SpringCGLIB$$0.jdbcUserService(<generated>)
		at org.egovframe.rte.fdl.security.config.EgovSecurityConfiguration.authenticationManager(EgovSecurityConfiguration.java:206)
		at org.egovframe.rte.fdl.security.config.EgovSecurityConfiguration$$SpringCGLIB$$0.CGLIB$authenticationManager$18(<generated>)
		at org.egovframe.rte.fdl.security.config.EgovSecurityConfiguration$$SpringCGLIB$$FastClass$$1.invoke(<generated>)
		at org.springframework.cglib.proxy.MethodProxy.invokeSuper(MethodProxy.java:258)
		at org.springframework.context.annotation.ConfigurationClassEnhancer$BeanMethodInterceptor.intercept(ConfigurationClassEnhancer.java:400)
		at org.egovframe.rte.fdl.security.config.EgovSecurityConfiguration$$SpringCGLIB$$0.authenticationManager(<generated>)
		at java.base/jdk.internal.reflect.DirectMethodHandleAccessor.invoke(DirectMethodHandleAccessor.java:103)
		at java.base/java.lang.reflect.Method.invoke(Method.java:580)
		at org.springframework.beans.factory.support.SimpleInstantiationStrategy.lambda$instantiate$0(SimpleInstantiationStrategy.java:172)
		... 81 more
	Caused by: org.springframework.beans.BeanInstantiationException: Failed to instantiate [org.egovframe.rte.fdl.security.userdetails.jdbc.EgovJdbcUserDetailsManager]: Factory method 'jdbcUserService' threw exception with message: Error creating bean with name 'roleHierarchy' defined in org.egovframe.rte.fdl.security.config.EgovSecurityConfiguration: Failed to instantiate [org.springframework.security.access.hierarchicalroles.RoleHierarchy]: Factory method 'roleHierarchy' threw exception with message: Error creating bean with name 'hierarchyStrings' defined in org.egovframe.rte.fdl.security.config.EgovSecurityConfiguration: Failed to instantiate [java.lang.String]: Factory method 'hierarchyStrings' threw exception with message: PreparedStatementCallback; bad SQL grammar [SELECT a.CHLDRN_ROLE child, a.PARNTS_ROLE parent FROM LETTNROLES_HIERARCHY a LEFT JOIN LETTNROLES_HIERARCHY b on (a.CHLDRN_ROLE = b.PARNTS_ROLE)]
		at org.springframework.beans.factory.support.SimpleInstantiationStrategy.lambda$instantiate$0(SimpleInstantiationStrategy.java:200)
		at org.springframework.beans.factory.support.SimpleInstantiationStrategy.instantiateWithFactoryMethod(SimpleInstantiationStrategy.java:89)
		at org.springframework.beans.factory.support.SimpleInstantiationStrategy.instantiate(SimpleInstantiationStrategy.java:169)
		at org.springframework.beans.factory.support.ConstructorResolver.instantiate(ConstructorResolver.java:653)
		... 102 more
	Caused by: org.springframework.beans.factory.BeanCreationException: Error creating bean with name 'roleHierarchy' defined in org.egovframe.rte.fdl.security.config.EgovSecurityConfiguration: Failed to instantiate [org.springframework.security.access.hierarchicalroles.RoleHierarchy]: Factory method 'roleHierarchy' threw exception with message: Error creating bean with name 'hierarchyStrings' defined in org.egovframe.rte.fdl.security.config.EgovSecurityConfiguration: Failed to instantiate [java.lang.String]: Factory method 'hierarchyStrings' threw exception with message: PreparedStatementCallback; bad SQL grammar [SELECT a.CHLDRN_ROLE child, a.PARNTS_ROLE parent FROM LETTNROLES_HIERARCHY a LEFT JOIN LETTNROLES_HIERARCHY b on (a.CHLDRN_ROLE = b.PARNTS_ROLE)]
		at org.springframework.beans.factory.support.ConstructorResolver.instantiate(ConstructorResolver.java:657)
		at org.springframework.beans.factory.support.ConstructorResolver.instantiateUsingFactoryMethod(ConstructorResolver.java:489)
		at org.springframework.beans.factory.support.AbstractAutowireCapableBeanFactory.instantiateUsingFactoryMethod(AbstractAutowireCapableBeanFactory.java:1375)
		at org.springframework.beans.factory.support.AbstractAutowireCapableBeanFactory.createBeanInstance(AbstractAutowireCapableBeanFactory.java:1205)
		at org.springframework.beans.factory.support.AbstractAutowireCapableBeanFactory.doCreateBean(AbstractAutowireCapableBeanFactory.java:569)
		at org.springframework.beans.factory.support.AbstractAutowireCapableBeanFactory.createBean(AbstractAutowireCapableBeanFactory.java:529)
		at org.springframework.beans.factory.support.AbstractBeanFactory.lambda$doGetBean$0(AbstractBeanFactory.java:339)
		at org.springframework.beans.factory.support.DefaultSingletonBeanRegistry.getSingleton(DefaultSingletonBeanRegistry.java:373)
		at org.springframework.beans.factory.support.AbstractBeanFactory.doGetBean(AbstractBeanFactory.java:337)
		at org.springframework.beans.factory.support.AbstractBeanFactory.getBean(AbstractBeanFactory.java:202)
		at org.springframework.context.annotation.ConfigurationClassEnhancer$BeanMethodInterceptor.resolveBeanReference(ConfigurationClassEnhancer.java:432)
		at org.springframework.context.annotation.ConfigurationClassEnhancer$BeanMethodInterceptor.intercept(ConfigurationClassEnhancer.java:403)
		at org.egovframe.rte.fdl.security.config.EgovSecurityConfiguration$$SpringCGLIB$$0.roleHierarchy(<generated>)
		at org.egovframe.rte.fdl.security.config.EgovSecurityConfiguration.jdbcUserService(EgovSecurityConfiguration.java:225)
		at org.egovframe.rte.fdl.security.config.EgovSecurityConfiguration$$SpringCGLIB$$0.CGLIB$jdbcUserService$10(<generated>)
		at org.egovframe.rte.fdl.security.config.EgovSecurityConfiguration$$SpringCGLIB$$FastClass$$1.invoke(<generated>)
		at org.springframework.cglib.proxy.MethodProxy.invokeSuper(MethodProxy.java:258)
		at org.springframework.context.annotation.ConfigurationClassEnhancer$BeanMethodInterceptor.intercept(ConfigurationClassEnhancer.java:400)
		at org.egovframe.rte.fdl.security.config.EgovSecurityConfiguration$$SpringCGLIB$$0.jdbcUserService(<generated>)
		at java.base/jdk.internal.reflect.DirectMethodHandleAccessor.invoke(DirectMethodHandleAccessor.java:103)
		at java.base/java.lang.reflect.Method.invoke(Method.java:580)
		at org.springframework.beans.factory.support.SimpleInstantiationStrategy.lambda$instantiate$0(SimpleInstantiationStrategy.java:172)
		... 105 more
	Caused by: org.springframework.beans.BeanInstantiationException: Failed to instantiate [org.springframework.security.access.hierarchicalroles.RoleHierarchy]: Factory method 'roleHierarchy' threw exception with message: Error creating bean with name 'hierarchyStrings' defined in org.egovframe.rte.fdl.security.config.EgovSecurityConfiguration: Failed to instantiate [java.lang.String]: Factory method 'hierarchyStrings' threw exception with message: PreparedStatementCallback; bad SQL grammar [SELECT a.CHLDRN_ROLE child, a.PARNTS_ROLE parent FROM LETTNROLES_HIERARCHY a LEFT JOIN LETTNROLES_HIERARCHY b on (a.CHLDRN_ROLE = b.PARNTS_ROLE)]
		at org.springframework.beans.factory.support.SimpleInstantiationStrategy.lambda$instantiate$0(SimpleInstantiationStrategy.java:200)
		at org.springframework.beans.factory.support.SimpleInstantiationStrategy.instantiateWithFactoryMethod(SimpleInstantiationStrategy.java:89)
		at org.springframework.beans.factory.support.SimpleInstantiationStrategy.instantiate(SimpleInstantiationStrategy.java:169)
		at org.springframework.beans.factory.support.ConstructorResolver.instantiate(ConstructorResolver.java:653)
		... 126 more
	Caused by: org.springframework.beans.factory.BeanCreationException: Error creating bean with name 'hierarchyStrings' defined in org.egovframe.rte.fdl.security.config.EgovSecurityConfiguration: Failed to instantiate [java.lang.String]: Factory method 'hierarchyStrings' threw exception with message: PreparedStatementCallback; bad SQL grammar [SELECT a.CHLDRN_ROLE child, a.PARNTS_ROLE parent FROM LETTNROLES_HIERARCHY a LEFT JOIN LETTNROLES_HIERARCHY b on (a.CHLDRN_ROLE = b.PARNTS_ROLE)]
		at org.springframework.beans.factory.support.ConstructorResolver.instantiate(ConstructorResolver.java:657)
		at org.springframework.beans.factory.support.ConstructorResolver.instantiateUsingFactoryMethod(ConstructorResolver.java:489)
		at org.springframework.beans.factory.support.AbstractAutowireCapableBeanFactory.instantiateUsingFactoryMethod(AbstractAutowireCapableBeanFactory.java:1375)
		at org.springframework.beans.factory.support.AbstractAutowireCapableBeanFactory.createBeanInstance(AbstractAutowireCapableBeanFactory.java:1205)
		at org.springframework.beans.factory.support.AbstractAutowireCapableBeanFactory.doCreateBean(AbstractAutowireCapableBeanFactory.java:569)
		at org.springframework.beans.factory.support.AbstractAutowireCapableBeanFactory.createBean(AbstractAutowireCapableBeanFactory.java:529)
		at org.springframework.beans.factory.support.AbstractBeanFactory.lambda$doGetBean$0(AbstractBeanFactory.java:339)
		at org.springframework.beans.factory.support.DefaultSingletonBeanRegistry.getSingleton(DefaultSingletonBeanRegistry.java:373)
		at org.springframework.beans.factory.support.AbstractBeanFactory.doGetBean(AbstractBeanFactory.java:337)
		at org.springframework.beans.factory.support.AbstractBeanFactory.getBean(AbstractBeanFactory.java:202)
		at org.springframework.context.annotation.ConfigurationClassEnhancer$BeanMethodInterceptor.resolveBeanReference(ConfigurationClassEnhancer.java:432)
		at org.springframework.context.annotation.ConfigurationClassEnhancer$BeanMethodInterceptor.intercept(ConfigurationClassEnhancer.java:403)
		at org.egovframe.rte.fdl.security.config.EgovSecurityConfiguration$$SpringCGLIB$$0.hierarchyStrings(<generated>)
		at org.egovframe.rte.fdl.security.config.EgovSecurityConfiguration.roleHierarchy(EgovSecurityConfiguration.java:254)
		at org.egovframe.rte.fdl.security.config.EgovSecurityConfiguration$$SpringCGLIB$$0.CGLIB$roleHierarchy$8(<generated>)
		at org.egovframe.rte.fdl.security.config.EgovSecurityConfiguration$$SpringCGLIB$$FastClass$$1.invoke(<generated>)
		at org.springframework.cglib.proxy.MethodProxy.invokeSuper(MethodProxy.java:258)
		at org.springframework.context.annotation.ConfigurationClassEnhancer$BeanMethodInterceptor.intercept(ConfigurationClassEnhancer.java:400)
		at org.egovframe.rte.fdl.security.config.EgovSecurityConfiguration$$SpringCGLIB$$0.roleHierarchy(<generated>)
		at java.base/jdk.internal.reflect.DirectMethodHandleAccessor.invoke(DirectMethodHandleAccessor.java:103)
		at java.base/java.lang.reflect.Method.invoke(Method.java:580)
		at org.springframework.beans.factory.support.SimpleInstantiationStrategy.lambda$instantiate$0(SimpleInstantiationStrategy.java:172)
		... 129 more
	Caused by: org.springframework.beans.BeanInstantiationException: Failed to instantiate [java.lang.String]: Factory method 'hierarchyStrings' threw exception with message: PreparedStatementCallback; bad SQL grammar [SELECT a.CHLDRN_ROLE child, a.PARNTS_ROLE parent FROM LETTNROLES_HIERARCHY a LEFT JOIN LETTNROLES_HIERARCHY b on (a.CHLDRN_ROLE = b.PARNTS_ROLE)]
		at org.springframework.beans.factory.support.SimpleInstantiationStrategy.lambda$instantiate$0(SimpleInstantiationStrategy.java:200)
		at org.springframework.beans.factory.support.SimpleInstantiationStrategy.instantiateWithFactoryMethod(SimpleInstantiationStrategy.java:89)
		at org.springframework.beans.factory.support.SimpleInstantiationStrategy.instantiate(SimpleInstantiationStrategy.java:169)
		at org.springframework.beans.factory.support.ConstructorResolver.instantiate(ConstructorResolver.java:653)
		... 150 more
	Caused by: org.springframework.jdbc.BadSqlGrammarException: PreparedStatementCallback; bad SQL grammar [SELECT a.CHLDRN_ROLE child, a.PARNTS_ROLE parent FROM LETTNROLES_HIERARCHY a LEFT JOIN LETTNROLES_HIERARCHY b on (a.CHLDRN_ROLE = b.PARNTS_ROLE)]
		at org.springframework.jdbc.support.SQLErrorCodeSQLExceptionTranslator.doTranslate(SQLErrorCodeSQLExceptionTranslator.java:246)
		at org.springframework.jdbc.support.AbstractFallbackSQLExceptionTranslator.translate(AbstractFallbackSQLExceptionTranslator.java:107)
		at org.springframework.jdbc.core.JdbcTemplate.translateException(JdbcTemplate.java:1556)
		at org.springframework.jdbc.core.JdbcTemplate.execute(JdbcTemplate.java:677)
		at org.springframework.jdbc.core.JdbcTemplate.query(JdbcTemplate.java:723)
		at org.springframework.jdbc.core.JdbcTemplate.query(JdbcTemplate.java:748)
		at org.springframework.jdbc.core.JdbcTemplate.query(JdbcTemplate.java:804)
		at org.springframework.jdbc.core.namedparam.NamedParameterJdbcTemplate.query(NamedParameterJdbcTemplate.java:218)
		at org.springframework.jdbc.core.namedparam.NamedParameterJdbcTemplate.queryForList(NamedParameterJdbcTemplate.java:312)
		at org.springframework.jdbc.core.namedparam.NamedParameterJdbcTemplate.queryForList(NamedParameterJdbcTemplate.java:319)
		at org.egovframe.rte.fdl.security.secureobject.impl.SecuredObjectDAO.getHierarchicalRoles(SecuredObjectDAO.java:294)
		at org.egovframe.rte.fdl.security.secureobject.impl.SecuredObjectServiceImpl.getHierarchicalRoles(SecuredObjectServiceImpl.java:98)
		at org.egovframe.rte.fdl.security.userdetails.hierarchicalroles.HierarchyStringsFactoryBean.getObject(HierarchyStringsFactoryBean.java:61)
		at org.egovframe.rte.fdl.security.config.EgovSecurityConfiguration.hierarchyStrings(EgovSecurityConfiguration.java:262)
		at org.egovframe.rte.fdl.security.config.EgovSecurityConfiguration$$SpringCGLIB$$0.CGLIB$hierarchyStrings$11(<generated>)
		at org.egovframe.rte.fdl.security.config.EgovSecurityConfiguration$$SpringCGLIB$$FastClass$$1.invoke(<generated>)
		at org.springframework.cglib.proxy.MethodProxy.invokeSuper(MethodProxy.java:258)
		at org.springframework.context.annotation.ConfigurationClassEnhancer$BeanMethodInterceptor.intercept(ConfigurationClassEnhancer.java:400)
		at org.egovframe.rte.fdl.security.config.EgovSecurityConfiguration$$SpringCGLIB$$0.hierarchyStrings(<generated>)
		at java.base/jdk.internal.reflect.DirectMethodHandleAccessor.invoke(DirectMethodHandleAccessor.java:103)
		at java.base/java.lang.reflect.Method.invoke(Method.java:580)
		at org.springframework.beans.factory.support.SimpleInstantiationStrategy.lambda$instantiate$0(SimpleInstantiationStrategy.java:172)
		... 153 more
	Caused by: cubrid.jdbc.driver.CUBRIDException: Syntax: Unknown class "dba.lettnroles_hierarchy". select a.CHLDRN_ROLE, a.PARNTS_ROLE from [dba.LETTNROLES_HIE...[CAS INFO-localhost:33000,1,41],[SESSION-15],[URL-jdbc:cubrid:localhost:33000:demodb:dba:********:?charset=utf-8].
		at cubrid.jdbc.jci.UConnection.createJciException(UConnection.java:1992)
		at cubrid.jdbc.jci.UInputBuffer.<init>(UInputBuffer.java:176)
		at cubrid.jdbc.jci.UConnection.send_recv_msg(UConnection.java:1854)
		at cubrid.jdbc.jci.UConnection.send_recv_msg(UConnection.java:1866)
		at cubrid.jdbc.jci.UConnection.prepareInternal(UConnection.java:1321)
		at cubrid.jdbc.jci.UConnection.prepare(UConnection.java:822)
		at cubrid.jdbc.jci.UConnection.prepare(UConnection.java:804)
		at cubrid.jdbc.driver.CUBRIDConnection.prepare(CUBRIDConnection.java:668)
		at cubrid.jdbc.driver.CUBRIDConnection.prepare(CUBRIDConnection.java:845)
		at cubrid.jdbc.driver.CUBRIDConnection.prepareStatement(CUBRIDConnection.java:158)
		at org.apache.commons.dbcp2.DelegatingConnection.prepareStatement(DelegatingConnection.java:737)
		at org.apache.commons.dbcp2.DelegatingConnection.prepareStatement(DelegatingConnection.java:737)
		at org.springframework.jdbc.core.PreparedStatementCreatorFactory$PreparedStatementCreatorImpl.createPreparedStatement(PreparedStatementCreatorFactory.java:239)
		at org.springframework.jdbc.core.JdbcTemplate.execute(JdbcTemplate.java:656)
		... 171 more
15-Dec-2025 14:52:39.214 심각 [main] org.apache.catalina.core.StandardContext.loadOnStartup 웹 애플리케이션 [] 내의 서블릿 [action]이(가) load() 예외를 발생시켰습니다.
	cubrid.jdbc.driver.CUBRIDException: Syntax: Unknown class "dba.lettnroles_hierarchy". select a.CHLDRN_ROLE, a.PARNTS_ROLE from [dba.LETTNROLES_HIE...[CAS INFO-localhost:33000,1,41],[SESSION-15],[URL-jdbc:cubrid:localhost:33000:demodb:dba:********:?charset=utf-8].
		at cubrid.jdbc.jci.UConnection.createJciException(UConnection.java:1992)
		at cubrid.jdbc.jci.UInputBuffer.<init>(UInputBuffer.java:176)
		at cubrid.jdbc.jci.UConnection.send_recv_msg(UConnection.java:1854)
		at cubrid.jdbc.jci.UConnection.send_recv_msg(UConnection.java:1866)
		at cubrid.jdbc.jci.UConnection.prepareInternal(UConnection.java:1321)
		at cubrid.jdbc.jci.UConnection.prepare(UConnection.java:822)
		at cubrid.jdbc.jci.UConnection.prepare(UConnection.java:804)
		at cubrid.jdbc.driver.CUBRIDConnection.prepare(CUBRIDConnection.java:668)
		at cubrid.jdbc.driver.CUBRIDConnection.prepare(CUBRIDConnection.java:845)
		at cubrid.jdbc.driver.CUBRIDConnection.prepareStatement(CUBRIDConnection.java:158)
		at org.apache.commons.dbcp2.DelegatingConnection.prepareStatement(DelegatingConnection.java:737)
		at org.apache.commons.dbcp2.DelegatingConnection.prepareStatement(DelegatingConnection.java:737)
		at org.springframework.jdbc.core.PreparedStatementCreatorFactory$PreparedStatementCreatorImpl.createPreparedStatement(PreparedStatementCreatorFactory.java:239)
		at org.springframework.jdbc.core.JdbcTemplate.execute(JdbcTemplate.java:656)
		at org.springframework.jdbc.core.JdbcTemplate.query(JdbcTemplate.java:723)
		at org.springframework.jdbc.core.JdbcTemplate.query(JdbcTemplate.java:748)
		at org.springframework.jdbc.core.JdbcTemplate.query(JdbcTemplate.java:804)
		at org.springframework.jdbc.core.namedparam.NamedParameterJdbcTemplate.query(NamedParameterJdbcTemplate.java:218)
		at org.springframework.jdbc.core.namedparam.NamedParameterJdbcTemplate.queryForList(NamedParameterJdbcTemplate.java:312)
		at org.springframework.jdbc.core.namedparam.NamedParameterJdbcTemplate.queryForList(NamedParameterJdbcTemplate.java:319)
		at org.egovframe.rte.fdl.security.secureobject.impl.SecuredObjectDAO.getHierarchicalRoles(SecuredObjectDAO.java:294)
		at org.egovframe.rte.fdl.security.secureobject.impl.SecuredObjectServiceImpl.getHierarchicalRoles(SecuredObjectServiceImpl.java:98)
		at org.egovframe.rte.fdl.security.userdetails.hierarchicalroles.HierarchyStringsFactoryBean.getObject(HierarchyStringsFactoryBean.java:61)
		at org.egovframe.rte.fdl.security.config.EgovSecurityConfiguration.hierarchyStrings(EgovSecurityConfiguration.java:262)
		at org.egovframe.rte.fdl.security.config.EgovSecurityConfiguration$$SpringCGLIB$$0.CGLIB$hierarchyStrings$11(<generated>)
		at org.egovframe.rte.fdl.security.config.EgovSecurityConfiguration$$SpringCGLIB$$FastClass$$1.invoke(<generated>)
		at org.springframework.cglib.proxy.MethodProxy.invokeSuper(MethodProxy.java:258)
		at org.springframework.context.annotation.ConfigurationClassEnhancer$BeanMethodInterceptor.intercept(ConfigurationClassEnhancer.java:400)
		at org.egovframe.rte.fdl.security.config.EgovSecurityConfiguration$$SpringCGLIB$$0.hierarchyStrings(<generated>)
		at java.base/jdk.internal.reflect.DirectMethodHandleAccessor.invoke(DirectMethodHandleAccessor.java:103)
		at java.base/java.lang.reflect.Method.invoke(Method.java:580)
		at org.springframework.beans.factory.support.SimpleInstantiationStrategy.lambda$instantiate$0(SimpleInstantiationStrategy.java:172)
		at org.springframework.beans.factory.support.SimpleInstantiationStrategy.instantiateWithFactoryMethod(SimpleInstantiationStrategy.java:89)
		at org.springframework.beans.factory.support.SimpleInstantiationStrategy.instantiate(SimpleInstantiationStrategy.java:169)
		at org.springframework.beans.factory.support.ConstructorResolver.instantiate(ConstructorResolver.java:653)
		at org.springframework.beans.factory.support.ConstructorResolver.instantiateUsingFactoryMethod(ConstructorResolver.java:489)
		at org.springframework.beans.factory.support.AbstractAutowireCapableBeanFactory.instantiateUsingFactoryMethod(AbstractAutowireCapableBeanFactory.java:1375)
		at org.springframework.beans.factory.support.AbstractAutowireCapableBeanFactory.createBeanInstance(AbstractAutowireCapableBeanFactory.java:1205)
		at org.springframework.beans.factory.support.AbstractAutowireCapableBeanFactory.doCreateBean(AbstractAutowireCapableBeanFactory.java:569)
		at org.springframework.beans.factory.support.AbstractAutowireCapableBeanFactory.createBean(AbstractAutowireCapableBeanFactory.java:529)
		at org.springframework.beans.factory.support.AbstractBeanFactory.lambda$doGetBean$0(AbstractBeanFactory.java:339)
		at org.springframework.beans.factory.support.DefaultSingletonBeanRegistry.getSingleton(DefaultSingletonBeanRegistry.java:373)
		at org.springframework.beans.factory.support.AbstractBeanFactory.doGetBean(AbstractBeanFactory.java:337)
		at org.springframework.beans.factory.support.AbstractBeanFactory.getBean(AbstractBeanFactory.java:202)
		at org.springframework.context.annotation.ConfigurationClassEnhancer$BeanMethodInterceptor.resolveBeanReference(ConfigurationClassEnhancer.java:432)
		at org.springframework.context.annotation.ConfigurationClassEnhancer$BeanMethodInterceptor.intercept(ConfigurationClassEnhancer.java:403)
		at org.egovframe.rte.fdl.security.config.EgovSecurityConfiguration$$SpringCGLIB$$0.hierarchyStrings(<generated>)
		at org.egovframe.rte.fdl.security.config.EgovSecurityConfiguration.roleHierarchy(EgovSecurityConfiguration.java:254)
		at org.egovframe.rte.fdl.security.config.EgovSecurityConfiguration$$SpringCGLIB$$0.CGLIB$roleHierarchy$8(<generated>)
		at org.egovframe.rte.fdl.security.config.EgovSecurityConfiguration$$SpringCGLIB$$FastClass$$1.invoke(<generated>)
		at org.springframework.cglib.proxy.MethodProxy.invokeSuper(MethodProxy.java:258)
		at org.springframework.context.annotation.ConfigurationClassEnhancer$BeanMethodInterceptor.intercept(ConfigurationClassEnhancer.java:400)
		at org.egovframe.rte.fdl.security.config.EgovSecurityConfiguration$$SpringCGLIB$$0.roleHierarchy(<generated>)
		at java.base/jdk.internal.reflect.DirectMethodHandleAccessor.invoke(DirectMethodHandleAccessor.java:103)
		at java.base/java.lang.reflect.Method.invoke(Method.java:580)
		at org.springframework.beans.factory.support.SimpleInstantiationStrategy.lambda$instantiate$0(SimpleInstantiationStrategy.java:172)
		at org.springframework.beans.factory.support.SimpleInstantiationStrategy.instantiateWithFactoryMethod(SimpleInstantiationStrategy.java:89)
		at org.springframework.beans.factory.support.SimpleInstantiationStrategy.instantiate(SimpleInstantiationStrategy.java:169)
		at org.springframework.beans.factory.support.ConstructorResolver.instantiate(ConstructorResolver.java:653)
		at org.springframework.beans.factory.support.ConstructorResolver.instantiateUsingFactoryMethod(ConstructorResolver.java:489)
		at org.springframework.beans.factory.support.AbstractAutowireCapableBeanFactory.instantiateUsingFactoryMethod(AbstractAutowireCapableBeanFactory.java:1375)
		at org.springframework.beans.factory.support.AbstractAutowireCapableBeanFactory.createBeanInstance(AbstractAutowireCapableBeanFactory.java:1205)
		at org.springframework.beans.factory.support.AbstractAutowireCapableBeanFactory.doCreateBean(AbstractAutowireCapableBeanFactory.java:569)
		at org.springframework.beans.factory.support.AbstractAutowireCapableBeanFactory.createBean(AbstractAutowireCapableBeanFactory.java:529)
		at org.springframework.beans.factory.support.AbstractBeanFactory.lambda$doGetBean$0(AbstractBeanFactory.java:339)
		at org.springframework.beans.factory.support.DefaultSingletonBeanRegistry.getSingleton(DefaultSingletonBeanRegistry.java:373)
		at org.springframework.beans.factory.support.AbstractBeanFactory.doGetBean(AbstractBeanFactory.java:337)
		at org.springframework.beans.factory.support.AbstractBeanFactory.getBean(AbstractBeanFactory.java:202)
		at org.springframework.context.annotation.ConfigurationClassEnhancer$BeanMethodInterceptor.resolveBeanReference(ConfigurationClassEnhancer.java:432)
		at org.springframework.context.annotation.ConfigurationClassEnhancer$BeanMethodInterceptor.intercept(ConfigurationClassEnhancer.java:403)
		at org.egovframe.rte.fdl.security.config.EgovSecurityConfiguration$$SpringCGLIB$$0.roleHierarchy(<generated>)
		at org.egovframe.rte.fdl.security.config.EgovSecurityConfiguration.jdbcUserService(EgovSecurityConfiguration.java:225)
		at org.egovframe.rte.fdl.security.config.EgovSecurityConfiguration$$SpringCGLIB$$0.CGLIB$jdbcUserService$10(<generated>)
		at org.egovframe.rte.fdl.security.config.EgovSecurityConfiguration$$SpringCGLIB$$FastClass$$1.invoke(<generated>)
		at org.springframework.cglib.proxy.MethodProxy.invokeSuper(MethodProxy.java:258)
		at org.springframework.context.annotation.ConfigurationClassEnhancer$BeanMethodInterceptor.intercept(ConfigurationClassEnhancer.java:400)
		at org.egovframe.rte.fdl.security.config.EgovSecurityConfiguration$$SpringCGLIB$$0.jdbcUserService(<generated>)
		at java.base/jdk.internal.reflect.DirectMethodHandleAccessor.invoke(DirectMethodHandleAccessor.java:103)
		at java.base/java.lang.reflect.Method.invoke(Method.java:580)
		at org.springframework.beans.factory.support.SimpleInstantiationStrategy.lambda$instantiate$0(SimpleInstantiationStrategy.java:172)
		at org.springframework.beans.factory.support.SimpleInstantiationStrategy.instantiateWithFactoryMethod(SimpleInstantiationStrategy.java:89)
		at org.springframework.beans.factory.support.SimpleInstantiationStrategy.instantiate(SimpleInstantiationStrategy.java:169)
		at org.springframework.beans.factory.support.ConstructorResolver.instantiate(ConstructorResolver.java:653)
		at org.springframework.beans.factory.support.ConstructorResolver.instantiateUsingFactoryMethod(ConstructorResolver.java:489)
		at org.springframework.beans.factory.support.AbstractAutowireCapableBeanFactory.instantiateUsingFactoryMethod(AbstractAutowireCapableBeanFactory.java:1375)
		at org.springframework.beans.factory.support.AbstractAutowireCapableBeanFactory.createBeanInstance(AbstractAutowireCapableBeanFactory.java:1205)
		at org.springframework.beans.factory.support.AbstractAutowireCapableBeanFactory.doCreateBean(AbstractAutowireCapableBeanFactory.java:569)
		at org.springframework.beans.factory.support.AbstractAutowireCapableBeanFactory.createBean(AbstractAutowireCapableBeanFactory.java:529)
		at org.springframework.beans.factory.support.AbstractBeanFactory.lambda$doGetBean$0(AbstractBeanFactory.java:339)
		at org.springframework.beans.factory.support.DefaultSingletonBeanRegistry.getSingleton(DefaultSingletonBeanRegistry.java:373)
		at org.springframework.beans.factory.support.AbstractBeanFactory.doGetBean(AbstractBeanFactory.java:337)
		at org.springframework.beans.factory.support.AbstractBeanFactory.getBean(AbstractBeanFactory.java:202)
		at org.springframework.context.annotation.ConfigurationClassEnhancer$BeanMethodInterceptor.resolveBeanReference(ConfigurationClassEnhancer.java:432)
		at org.springframework.context.annotation.ConfigurationClassEnhancer$BeanMethodInterceptor.intercept(ConfigurationClassEnhancer.java:403)
		at org.egovframe.rte.fdl.security.config.EgovSecurityConfiguration$$SpringCGLIB$$0.jdbcUserService(<generated>)
		at org.egovframe.rte.fdl.security.config.EgovSecurityConfiguration.authenticationManager(EgovSecurityConfiguration.java:206)
		at org.egovframe.rte.fdl.security.config.EgovSecurityConfiguration$$SpringCGLIB$$0.CGLIB$authenticationManager$18(<generated>)
		at org.egovframe.rte.fdl.security.config.EgovSecurityConfiguration$$SpringCGLIB$$FastClass$$1.invoke(<generated>)
		at org.springframework.cglib.proxy.MethodProxy.invokeSuper(MethodProxy.java:258)
		at org.springframework.context.annotation.ConfigurationClassEnhancer$BeanMethodInterceptor.intercept(ConfigurationClassEnhancer.java:400)
		at org.egovframe.rte.fdl.security.config.EgovSecurityConfiguration$$SpringCGLIB$$0.authenticationManager(<generated>)
		at java.base/jdk.internal.reflect.DirectMethodHandleAccessor.invoke(DirectMethodHandleAccessor.java:103)
		at java.base/java.lang.reflect.Method.invoke(Method.java:580)
		at org.springframework.beans.factory.support.SimpleInstantiationStrategy.lambda$instantiate$0(SimpleInstantiationStrategy.java:172)
		at org.springframework.beans.factory.support.SimpleInstantiationStrategy.instantiateWithFactoryMethod(SimpleInstantiationStrategy.java:89)
		at org.springframework.beans.factory.support.SimpleInstantiationStrategy.instantiate(SimpleInstantiationStrategy.java:169)
		at org.springframework.beans.factory.support.ConstructorResolver.instantiate(ConstructorResolver.java:653)
		at org.springframework.beans.factory.support.ConstructorResolver.instantiateUsingFactoryMethod(ConstructorResolver.java:489)
		at org.springframework.beans.factory.support.AbstractAutowireCapableBeanFactory.instantiateUsingFactoryMethod(AbstractAutowireCapableBeanFactory.java:1375)
		at org.springframework.beans.factory.support.AbstractAutowireCapableBeanFactory.createBeanInstance(AbstractAutowireCapableBeanFactory.java:1205)
		at org.springframework.beans.factory.support.AbstractAutowireCapableBeanFactory.doCreateBean(AbstractAutowireCapableBeanFactory.java:569)
		at org.springframework.beans.factory.support.AbstractAutowireCapableBeanFactory.createBean(AbstractAutowireCapableBeanFactory.java:529)
		at org.springframework.beans.factory.support.AbstractBeanFactory.lambda$doGetBean$0(AbstractBeanFactory.java:339)
		at org.springframework.beans.factory.support.DefaultSingletonBeanRegistry.getSingleton(DefaultSingletonBeanRegistry.java:373)
		at org.springframework.beans.factory.support.AbstractBeanFactory.doGetBean(AbstractBeanFactory.java:337)
		at org.springframework.beans.factory.support.AbstractBeanFactory.getBean(AbstractBeanFactory.java:202)
		at org.springframework.beans.factory.config.DependencyDescriptor.resolveCandidate(DependencyDescriptor.java:254)
		at org.springframework.beans.factory.support.DefaultListableBeanFactory.doResolveDependency(DefaultListableBeanFactory.java:1760)
		at org.springframework.beans.factory.support.DefaultListableBeanFactory.resolveDependency(DefaultListableBeanFactory.java:1643)
		at org.springframework.beans.factory.support.ConstructorResolver.resolveAutowiredArgument(ConstructorResolver.java:913)
		at org.springframework.beans.factory.support.ConstructorResolver.createArgumentArray(ConstructorResolver.java:791)
		at org.springframework.beans.factory.support.ConstructorResolver.autowireConstructor(ConstructorResolver.java:240)
		at org.springframework.beans.factory.support.AbstractAutowireCapableBeanFactory.autowireConstructor(AbstractAutowireCapableBeanFactory.java:1395)
		at org.springframework.beans.factory.support.AbstractAutowireCapableBeanFactory.createBeanInstance(AbstractAutowireCapableBeanFactory.java:1232)
		at org.springframework.beans.factory.support.AbstractAutowireCapableBeanFactory.doCreateBean(AbstractAutowireCapableBeanFactory.java:569)
		at org.springframework.beans.factory.support.AbstractAutowireCapableBeanFactory.createBean(AbstractAutowireCapableBeanFactory.java:529)
		at org.springframework.beans.factory.support.AbstractBeanFactory.lambda$doGetBean$0(AbstractBeanFactory.java:339)
		at org.springframework.beans.factory.support.DefaultSingletonBeanRegistry.getSingleton(DefaultSingletonBeanRegistry.java:373)
		at org.springframework.beans.factory.support.AbstractBeanFactory.doGetBean(AbstractBeanFactory.java:337)
		at org.springframework.beans.factory.support.AbstractBeanFactory.getBean(AbstractBeanFactory.java:202)
		at org.springframework.beans.factory.support.DefaultListableBeanFactory.instantiateSingleton(DefaultListableBeanFactory.java:1221)
		at org.springframework.beans.factory.support.DefaultListableBeanFactory.preInstantiateSingleton(DefaultListableBeanFactory.java:1187)
		at org.springframework.beans.factory.support.DefaultListableBeanFactory.preInstantiateSingletons(DefaultListableBeanFactory.java:1123)
		at org.springframework.context.support.AbstractApplicationContext.finishBeanFactoryInitialization(AbstractApplicationContext.java:987)
		at org.springframework.context.support.AbstractApplicationContext.refresh(AbstractApplicationContext.java:627)
		at org.springframework.web.servlet.FrameworkServlet.configureAndRefreshWebApplicationContext(FrameworkServlet.java:706)
		at org.springframework.web.servlet.FrameworkServlet.createWebApplicationContext(FrameworkServlet.java:672)
		at org.springframework.web.servlet.FrameworkServlet.createWebApplicationContext(FrameworkServlet.java:720)
		at org.springframework.web.servlet.FrameworkServlet.initWebApplicationContext(FrameworkServlet.java:595)
		at org.springframework.web.servlet.FrameworkServlet.initServletBean(FrameworkServlet.java:537)
		at org.springframework.web.servlet.HttpServletBean.init(HttpServletBean.java:169)
		at jakarta.servlet.GenericServlet.init(GenericServlet.java:143)
		at jakarta.servlet.http.HttpServlet.init(HttpServlet.java:121)
		at org.apache.catalina.core.StandardWrapper.initServlet(StandardWrapper.java:840)
		at org.apache.catalina.core.StandardWrapper.loadServlet(StandardWrapper.java:797)
		at org.apache.catalina.core.StandardWrapper.load(StandardWrapper.java:701)
		at org.apache.catalina.core.StandardContext.loadOnStartup(StandardContext.java:4209)
		at org.apache.catalina.core.StandardContext.startInternal(StandardContext.java:4496)
		at org.apache.catalina.util.LifecycleBase.start(LifecycleBase.java:164)
		at org.apache.catalina.core.ContainerBase.addChildInternal(ContainerBase.java:597)
		at org.apache.catalina.core.ContainerBase.addChild(ContainerBase.java:569)
		at org.apache.catalina.core.StandardHost.addChild(StandardHost.java:665)
		at org.apache.catalina.startup.HostConfig.deployWAR(HostConfig.java:962)
		at org.apache.catalina.startup.HostConfig$DeployWar.run(HostConfig.java:1900)
		at java.base/java.util.concurrent.Executors$RunnableAdapter.call(Executors.java:572)
		at java.base/java.util.concurrent.FutureTask.run(FutureTask.java:317)
		at org.apache.tomcat.util.threads.InlineExecutorService.execute(InlineExecutorService.java:81)
		at java.base/java.util.concurrent.AbstractExecutorService.submit(AbstractExecutorService.java:123)
		at org.apache.catalina.startup.HostConfig.deployWARs(HostConfig.java:766)
		at org.apache.catalina.startup.HostConfig.deployApps(HostConfig.java:417)
		at org.apache.catalina.startup.HostConfig.start(HostConfig.java:1618)
		at org.apache.catalina.startup.HostConfig.lifecycleEvent(HostConfig.java:300)
		at org.apache.catalina.util.LifecycleBase.fireLifecycleEvent(LifecycleBase.java:109)
		at org.apache.catalina.util.LifecycleBase.setStateInternal(LifecycleBase.java:389)
		at org.apache.catalina.util.LifecycleBase.setState(LifecycleBase.java:336)
		at org.apache.catalina.core.ContainerBase.startInternal(ContainerBase.java:774)
		at org.apache.catalina.core.StandardHost.startInternal(StandardHost.java:783)
		at org.apache.catalina.util.LifecycleBase.start(LifecycleBase.java:164)
		at org.apache.catalina.core.ContainerBase$StartChild.call(ContainerBase.java:1201)
		at org.apache.catalina.core.ContainerBase$StartChild.call(ContainerBase.java:1191)
		at java.base/java.util.concurrent.FutureTask.run(FutureTask.java:317)
		at org.apache.tomcat.util.threads.InlineExecutorService.execute(InlineExecutorService.java:81)
		at java.base/java.util.concurrent.AbstractExecutorService.submit(AbstractExecutorService.java:145)
		at org.apache.catalina.core.ContainerBase.startInternal(ContainerBase.java:747)
		at org.apache.catalina.core.StandardEngine.startInternal(StandardEngine.java:201)
		at org.apache.catalina.util.LifecycleBase.start(LifecycleBase.java:164)
		at org.apache.catalina.core.StandardService.startInternal(StandardService.java:410)
		at org.apache.catalina.util.LifecycleBase.start(LifecycleBase.java:164)
		at org.apache.catalina.core.StandardServer.startInternal(StandardServer.java:868)
		at org.apache.catalina.util.LifecycleBase.start(LifecycleBase.java:164)
		at org.apache.catalina.startup.Catalina.start(Catalina.java:758)
		at java.base/jdk.internal.reflect.DirectMethodHandleAccessor.invoke(DirectMethodHandleAccessor.java:103)
		at java.base/java.lang.reflect.Method.invoke(Method.java:580)
		at org.apache.catalina.startup.Bootstrap.start(Bootstrap.java:342)
		at org.apache.catalina.startup.Bootstrap.main(Bootstrap.java:473)
15-Dec-2025 14:52:40.358 정보 [main] org.apache.catalina.core.ApplicationContext.log ContextListener: contextInitialized()
15-Dec-2025 14:52:40.359 정보 [main] org.apache.catalina.core.ApplicationContext.log SessionListener: contextInitialized()
15-Dec-2025 14:52:40.360 정보 [main] org.apache.catalina.core.ApplicationContext.log ContextListener: attributeAdded('StockTicker', 'async.Stockticker@1b51963d')
15-Dec-2025 15:14:18.681 심각 [http-nio-8080-exec-1] org.apache.catalina.core.StandardWrapperValve.invoke 경로가 []인 컨텍스트의 서블릿 [jsp]을(를) 위한 Servlet.service() 호출이 예외를 발생시켰습니다.
	java.lang.IllegalStateException: No WebApplicationContext found: no ContextLoaderListener or DispatcherServlet registered?
		at org.springframework.web.filter.DelegatingFilterProxy.doFilter(DelegatingFilterProxy.java:265)
		at org.apache.catalina.core.ApplicationFilterChain.internalDoFilter(ApplicationFilterChain.java:162)
		at org.apache.catalina.core.ApplicationFilterChain.doFilter(ApplicationFilterChain.java:138)
		at org.apache.catalina.core.StandardWrapperValve.invoke(StandardWrapperValve.java:165)
		at org.apache.catalina.core.StandardContextValve.invoke(StandardContextValve.java:88)
		at org.apache.catalina.authenticator.AuthenticatorBase.invoke(AuthenticatorBase.java:482)
		at org.apache.catalina.core.StandardHostValve.invoke(StandardHostValve.java:113)
		at org.apache.catalina.valves.ErrorReportValve.invoke(ErrorReportValve.java:83)
		at org.apache.catalina.valves.AbstractAccessLogValve.invoke(AbstractAccessLogValve.java:654)
		at org.apache.catalina.core.StandardEngineValve.invoke(StandardEngineValve.java:72)
		at org.apache.catalina.connector.CoyoteAdapter.service(CoyoteAdapter.java:342)
		at org.apache.coyote.http11.Http11Processor.service(Http11Processor.java:399)
		at org.apache.coyote.AbstractProcessorLight.process(AbstractProcessorLight.java:63)
		at org.apache.coyote.AbstractProtocol$ConnectionHandler.process(AbstractProtocol.java:903)
		at org.apache.tomcat.util.net.NioEndpoint$SocketProcessor.doRun(NioEndpoint.java:1774)
		at org.apache.tomcat.util.net.SocketProcessorBase.run(SocketProcessorBase.java:52)
		at org.apache.tomcat.util.threads.ThreadPoolExecutor.runWorker(ThreadPoolExecutor.java:973)
		at org.apache.tomcat.util.threads.ThreadPoolExecutor$Worker.run(ThreadPoolExecutor.java:491)
		at org.apache.tomcat.util.threads.TaskThread$WrappingRunnable.run(TaskThread.java:63)
		at java.base/java.lang.Thread.run(Thread.java:1583)
15-Dec-2025 15:14:47.805 심각 [http-nio-8080-exec-2] org.apache.catalina.core.StandardWrapperValve.invoke 경로가 []인 컨텍스트의 서블릿 [default]을(를) 위한 Servlet.service() 호출이 예외를 발생시켰습니다.
	java.lang.IllegalStateException: No WebApplicationContext found: no ContextLoaderListener or DispatcherServlet registered?
		at org.springframework.web.filter.DelegatingFilterProxy.doFilter(DelegatingFilterProxy.java:265)
		at org.apache.catalina.core.ApplicationFilterChain.internalDoFilter(ApplicationFilterChain.java:162)
		at org.apache.catalina.core.ApplicationFilterChain.doFilter(ApplicationFilterChain.java:138)
		at org.apache.catalina.core.StandardWrapperValve.invoke(StandardWrapperValve.java:165)
		at org.apache.catalina.core.StandardContextValve.invoke(StandardContextValve.java:88)
		at org.apache.catalina.authenticator.AuthenticatorBase.invoke(AuthenticatorBase.java:482)
		at org.apache.catalina.core.StandardHostValve.invoke(StandardHostValve.java:113)
		at org.apache.catalina.valves.ErrorReportValve.invoke(ErrorReportValve.java:83)
		at org.apache.catalina.valves.AbstractAccessLogValve.invoke(AbstractAccessLogValve.java:654)
		at org.apache.catalina.core.StandardEngineValve.invoke(StandardEngineValve.java:72)
		at org.apache.catalina.connector.CoyoteAdapter.service(CoyoteAdapter.java:342)
		at org.apache.coyote.http11.Http11Processor.service(Http11Processor.java:399)
		at org.apache.coyote.AbstractProcessorLight.process(AbstractProcessorLight.java:63)
		at org.apache.coyote.AbstractProtocol$ConnectionHandler.process(AbstractProtocol.java:903)
		at org.apache.tomcat.util.net.NioEndpoint$SocketProcessor.doRun(NioEndpoint.java:1774)
		at org.apache.tomcat.util.net.SocketProcessorBase.run(SocketProcessorBase.java:52)
		at org.apache.tomcat.util.threads.ThreadPoolExecutor.runWorker(ThreadPoolExecutor.java:973)
		at org.apache.tomcat.util.threads.ThreadPoolExecutor$Worker.run(ThreadPoolExecutor.java:491)
		at org.apache.tomcat.util.threads.TaskThread$WrappingRunnable.run(TaskThread.java:63)
		at java.base/java.lang.Thread.run(Thread.java:1583)
15-Dec-2025 15:14:47.861 심각 [http-nio-8080-exec-3] org.apache.catalina.core.StandardWrapperValve.invoke 경로가 []인 컨텍스트의 서블릿 [default]을(를) 위한 Servlet.service() 호출이 예외를 발생시켰습니다.
	java.lang.IllegalStateException: No WebApplicationContext found: no ContextLoaderListener or DispatcherServlet registered?
		at org.springframework.web.filter.DelegatingFilterProxy.doFilter(DelegatingFilterProxy.java:265)
		at org.apache.catalina.core.ApplicationFilterChain.internalDoFilter(ApplicationFilterChain.java:162)
		at org.apache.catalina.core.ApplicationFilterChain.doFilter(ApplicationFilterChain.java:138)
		at org.apache.catalina.core.StandardWrapperValve.invoke(StandardWrapperValve.java:165)
		at org.apache.catalina.core.StandardContextValve.invoke(StandardContextValve.java:88)
		at org.apache.catalina.authenticator.AuthenticatorBase.invoke(AuthenticatorBase.java:482)
		at org.apache.catalina.core.StandardHostValve.invoke(StandardHostValve.java:113)
		at org.apache.catalina.valves.ErrorReportValve.invoke(ErrorReportValve.java:83)
		at org.apache.catalina.valves.AbstractAccessLogValve.invoke(AbstractAccessLogValve.java:654)
		at org.apache.catalina.core.StandardEngineValve.invoke(StandardEngineValve.java:72)
		at org.apache.catalina.connector.CoyoteAdapter.service(CoyoteAdapter.java:342)
		at org.apache.coyote.http11.Http11Processor.service(Http11Processor.java:399)
		at org.apache.coyote.AbstractProcessorLight.process(AbstractProcessorLight.java:63)
		at org.apache.coyote.AbstractProtocol$ConnectionHandler.process(AbstractProtocol.java:903)
		at org.apache.tomcat.util.net.NioEndpoint$SocketProcessor.doRun(NioEndpoint.java:1774)
		at org.apache.tomcat.util.net.SocketProcessorBase.run(SocketProcessorBase.java:52)
		at org.apache.tomcat.util.threads.ThreadPoolExecutor.runWorker(ThreadPoolExecutor.java:973)
		at org.apache.tomcat.util.threads.ThreadPoolExecutor$Worker.run(ThreadPoolExecutor.java:491)
		at org.apache.tomcat.util.threads.TaskThread$WrappingRunnable.run(TaskThread.java:63)
		at java.base/java.lang.Thread.run(Thread.java:1583)
15-Dec-2025 15:14:47.866 심각 [http-nio-8080-exec-5] org.apache.catalina.core.StandardWrapperValve.invoke 경로가 []인 컨텍스트의 서블릿 [default]을(를) 위한 Servlet.service() 호출이 예외를 발생시켰습니다.
	java.lang.IllegalStateException: No WebApplicationContext found: no ContextLoaderListener or DispatcherServlet registered?
		at org.springframework.web.filter.DelegatingFilterProxy.doFilter(DelegatingFilterProxy.java:265)
		at org.apache.catalina.core.ApplicationFilterChain.internalDoFilter(ApplicationFilterChain.java:162)
		at org.apache.catalina.core.ApplicationFilterChain.doFilter(ApplicationFilterChain.java:138)
		at org.apache.catalina.core.StandardWrapperValve.invoke(StandardWrapperValve.java:165)
		at org.apache.catalina.core.StandardContextValve.invoke(StandardContextValve.java:88)
		at org.apache.catalina.authenticator.AuthenticatorBase.invoke(AuthenticatorBase.java:482)
		at org.apache.catalina.core.StandardHostValve.invoke(StandardHostValve.java:113)
		at org.apache.catalina.valves.ErrorReportValve.invoke(ErrorReportValve.java:83)
		at org.apache.catalina.valves.AbstractAccessLogValve.invoke(AbstractAccessLogValve.java:654)
		at org.apache.catalina.core.StandardEngineValve.invoke(StandardEngineValve.java:72)
		at org.apache.catalina.connector.CoyoteAdapter.service(CoyoteAdapter.java:342)
		at org.apache.coyote.http11.Http11Processor.service(Http11Processor.java:399)
		at org.apache.coyote.AbstractProcessorLight.process(AbstractProcessorLight.java:63)
		at org.apache.coyote.AbstractProtocol$ConnectionHandler.process(AbstractProtocol.java:903)
		at org.apache.tomcat.util.net.NioEndpoint$SocketProcessor.doRun(NioEndpoint.java:1774)
		at org.apache.tomcat.util.net.SocketProcessorBase.run(SocketProcessorBase.java:52)
		at org.apache.tomcat.util.threads.ThreadPoolExecutor.runWorker(ThreadPoolExecutor.java:973)
		at org.apache.tomcat.util.threads.ThreadPoolExecutor$Worker.run(ThreadPoolExecutor.java:491)
		at org.apache.tomcat.util.threads.TaskThread$WrappingRunnable.run(TaskThread.java:63)
		at java.base/java.lang.Thread.run(Thread.java:1583)
15-Dec-2025 15:14:47.866 심각 [http-nio-8080-exec-6] org.apache.catalina.core.StandardWrapperValve.invoke 경로가 []인 컨텍스트의 서블릿 [default]을(를) 위한 Servlet.service() 호출이 예외를 발생시켰습니다.
	java.lang.IllegalStateException: No WebApplicationContext found: no ContextLoaderListener or DispatcherServlet registered?
		at org.springframework.web.filter.DelegatingFilterProxy.doFilter(DelegatingFilterProxy.java:265)
		at org.apache.catalina.core.ApplicationFilterChain.internalDoFilter(ApplicationFilterChain.java:162)
		at org.apache.catalina.core.ApplicationFilterChain.doFilter(ApplicationFilterChain.java:138)
		at org.apache.catalina.core.StandardWrapperValve.invoke(StandardWrapperValve.java:165)
		at org.apache.catalina.core.StandardContextValve.invoke(StandardContextValve.java:88)
		at org.apache.catalina.authenticator.AuthenticatorBase.invoke(AuthenticatorBase.java:482)
		at org.apache.catalina.core.StandardHostValve.invoke(StandardHostValve.java:113)
		at org.apache.catalina.valves.ErrorReportValve.invoke(ErrorReportValve.java:83)
		at org.apache.catalina.valves.AbstractAccessLogValve.invoke(AbstractAccessLogValve.java:654)
		at org.apache.catalina.core.StandardEngineValve.invoke(StandardEngineValve.java:72)
		at org.apache.catalina.connector.CoyoteAdapter.service(CoyoteAdapter.java:342)
		at org.apache.coyote.http11.Http11Processor.service(Http11Processor.java:399)
		at org.apache.coyote.AbstractProcessorLight.process(AbstractProcessorLight.java:63)
		at org.apache.coyote.AbstractProtocol$ConnectionHandler.process(AbstractProtocol.java:903)
		at org.apache.tomcat.util.net.NioEndpoint$SocketProcessor.doRun(NioEndpoint.java:1774)
		at org.apache.tomcat.util.net.SocketProcessorBase.run(SocketProcessorBase.java:52)
		at org.apache.tomcat.util.threads.ThreadPoolExecutor.runWorker(ThreadPoolExecutor.java:973)
		at org.apache.tomcat.util.threads.ThreadPoolExecutor$Worker.run(ThreadPoolExecutor.java:491)
		at org.apache.tomcat.util.threads.TaskThread$WrappingRunnable.run(TaskThread.java:63)
		at java.base/java.lang.Thread.run(Thread.java:1583)
15-Dec-2025 15:14:47.866 심각 [http-nio-8080-exec-7] org.apache.catalina.core.StandardWrapperValve.invoke 경로가 []인 컨텍스트의 서블릿 [default]을(를) 위한 Servlet.service() 호출이 예외를 발생시켰습니다.
	java.lang.IllegalStateException: No WebApplicationContext found: no ContextLoaderListener or DispatcherServlet registered?
		at org.springframework.web.filter.DelegatingFilterProxy.doFilter(DelegatingFilterProxy.java:265)
		at org.apache.catalina.core.ApplicationFilterChain.internalDoFilter(ApplicationFilterChain.java:162)
		at org.apache.catalina.core.ApplicationFilterChain.doFilter(ApplicationFilterChain.java:138)
		at org.apache.catalina.core.StandardWrapperValve.invoke(StandardWrapperValve.java:165)
		at org.apache.catalina.core.StandardContextValve.invoke(StandardContextValve.java:88)
		at org.apache.catalina.authenticator.AuthenticatorBase.invoke(AuthenticatorBase.java:482)
		at org.apache.catalina.core.StandardHostValve.invoke(StandardHostValve.java:113)
		at org.apache.catalina.valves.ErrorReportValve.invoke(ErrorReportValve.java:83)
		at org.apache.catalina.valves.AbstractAccessLogValve.invoke(AbstractAccessLogValve.java:654)
		at org.apache.catalina.core.StandardEngineValve.invoke(StandardEngineValve.java:72)
		at org.apache.catalina.connector.CoyoteAdapter.service(CoyoteAdapter.java:342)
		at org.apache.coyote.http11.Http11Processor.service(Http11Processor.java:399)
		at org.apache.coyote.AbstractProcessorLight.process(AbstractProcessorLight.java:63)
		at org.apache.coyote.AbstractProtocol$ConnectionHandler.process(AbstractProtocol.java:903)
		at org.apache.tomcat.util.net.NioEndpoint$SocketProcessor.doRun(NioEndpoint.java:1774)
		at org.apache.tomcat.util.net.SocketProcessorBase.run(SocketProcessorBase.java:52)
		at org.apache.tomcat.util.threads.ThreadPoolExecutor.runWorker(ThreadPoolExecutor.java:973)
		at org.apache.tomcat.util.threads.ThreadPoolExecutor$Worker.run(ThreadPoolExecutor.java:491)
		at org.apache.tomcat.util.threads.TaskThread$WrappingRunnable.run(TaskThread.java:63)
		at java.base/java.lang.Thread.run(Thread.java:1583)
15-Dec-2025 15:14:47.866 심각 [http-nio-8080-exec-4] org.apache.catalina.core.StandardWrapperValve.invoke 경로가 []인 컨텍스트의 서블릿 [default]을(를) 위한 Servlet.service() 호출이 예외를 발생시켰습니다.
	java.lang.IllegalStateException: No WebApplicationContext found: no ContextLoaderListener or DispatcherServlet registered?
		at org.springframework.web.filter.DelegatingFilterProxy.doFilter(DelegatingFilterProxy.java:265)
		at org.apache.catalina.core.ApplicationFilterChain.internalDoFilter(ApplicationFilterChain.java:162)
		at org.apache.catalina.core.ApplicationFilterChain.doFilter(ApplicationFilterChain.java:138)
		at org.apache.catalina.core.StandardWrapperValve.invoke(StandardWrapperValve.java:165)
		at org.apache.catalina.core.StandardContextValve.invoke(StandardContextValve.java:88)
		at org.apache.catalina.authenticator.AuthenticatorBase.invoke(AuthenticatorBase.java:482)
		at org.apache.catalina.core.StandardHostValve.invoke(StandardHostValve.java:113)
		at org.apache.catalina.valves.ErrorReportValve.invoke(ErrorReportValve.java:83)
		at org.apache.catalina.valves.AbstractAccessLogValve.invoke(AbstractAccessLogValve.java:654)
		at org.apache.catalina.core.StandardEngineValve.invoke(StandardEngineValve.java:72)
		at org.apache.catalina.connector.CoyoteAdapter.service(CoyoteAdapter.java:342)
		at org.apache.coyote.http11.Http11Processor.service(Http11Processor.java:399)
		at org.apache.coyote.AbstractProcessorLight.process(AbstractProcessorLight.java:63)
		at org.apache.coyote.AbstractProtocol$ConnectionHandler.process(AbstractProtocol.java:903)
		at org.apache.tomcat.util.net.NioEndpoint$SocketProcessor.doRun(NioEndpoint.java:1774)
		at org.apache.tomcat.util.net.SocketProcessorBase.run(SocketProcessorBase.java:52)
		at org.apache.tomcat.util.threads.ThreadPoolExecutor.runWorker(ThreadPoolExecutor.java:973)
		at org.apache.tomcat.util.threads.ThreadPoolExecutor$Worker.run(ThreadPoolExecutor.java:491)
		at org.apache.tomcat.util.threads.TaskThread$WrappingRunnable.run(TaskThread.java:63)
		at java.base/java.lang.Thread.run(Thread.java:1583)
15-Dec-2025 15:14:47.870 심각 [http-nio-8080-exec-8] org.apache.catalina.core.StandardWrapperValve.invoke 경로가 []인 컨텍스트의 서블릿 [default]을(를) 위한 Servlet.service() 호출이 예외를 발생시켰습니다.
	java.lang.IllegalStateException: No WebApplicationContext found: no ContextLoaderListener or DispatcherServlet registered?
		at org.springframework.web.filter.DelegatingFilterProxy.doFilter(DelegatingFilterProxy.java:265)
		at org.apache.catalina.core.ApplicationFilterChain.internalDoFilter(ApplicationFilterChain.java:162)
		at org.apache.catalina.core.ApplicationFilterChain.doFilter(ApplicationFilterChain.java:138)
		at org.apache.catalina.core.StandardWrapperValve.invoke(StandardWrapperValve.java:165)
		at org.apache.catalina.core.StandardContextValve.invoke(StandardContextValve.java:88)
		at org.apache.catalina.authenticator.AuthenticatorBase.invoke(AuthenticatorBase.java:482)
		at org.apache.catalina.core.StandardHostValve.invoke(StandardHostValve.java:113)
		at org.apache.catalina.valves.ErrorReportValve.invoke(ErrorReportValve.java:83)
		at org.apache.catalina.valves.AbstractAccessLogValve.invoke(AbstractAccessLogValve.java:654)
		at org.apache.catalina.core.StandardEngineValve.invoke(StandardEngineValve.java:72)
		at org.apache.catalina.connector.CoyoteAdapter.service(CoyoteAdapter.java:342)
		at org.apache.coyote.http11.Http11Processor.service(Http11Processor.java:399)
		at org.apache.coyote.AbstractProcessorLight.process(AbstractProcessorLight.java:63)
		at org.apache.coyote.AbstractProtocol$ConnectionHandler.process(AbstractProtocol.java:903)
		at org.apache.tomcat.util.net.NioEndpoint$SocketProcessor.doRun(NioEndpoint.java:1774)
		at org.apache.tomcat.util.net.SocketProcessorBase.run(SocketProcessorBase.java:52)
		at org.apache.tomcat.util.threads.ThreadPoolExecutor.runWorker(ThreadPoolExecutor.java:973)
		at org.apache.tomcat.util.threads.ThreadPoolExecutor$Worker.run(ThreadPoolExecutor.java:491)
		at org.apache.tomcat.util.threads.TaskThread$WrappingRunnable.run(TaskThread.java:63)
		at java.base/java.lang.Thread.run(Thread.java:1583)
15-Dec-2025 15:14:54.659 심각 [http-nio-8080-exec-9] org.apache.catalina.core.StandardWrapperValve.invoke 경로가 []인 컨텍스트의 서블릿 [jsp]을(를) 위한 Servlet.service() 호출이 예외를 발생시켰습니다.
	java.lang.IllegalStateException: No WebApplicationContext found: no ContextLoaderListener or DispatcherServlet registered?
		at org.springframework.web.filter.DelegatingFilterProxy.doFilter(DelegatingFilterProxy.java:265)
		at org.apache.catalina.core.ApplicationFilterChain.internalDoFilter(ApplicationFilterChain.java:162)
		at org.apache.catalina.core.ApplicationFilterChain.doFilter(ApplicationFilterChain.java:138)
		at org.apache.catalina.core.StandardWrapperValve.invoke(StandardWrapperValve.java:165)
		at org.apache.catalina.core.StandardContextValve.invoke(StandardContextValve.java:88)
		at org.apache.catalina.authenticator.AuthenticatorBase.invoke(AuthenticatorBase.java:482)
		at org.apache.catalina.core.StandardHostValve.invoke(StandardHostValve.java:113)
		at org.apache.catalina.valves.ErrorReportValve.invoke(ErrorReportValve.java:83)
		at org.apache.catalina.valves.AbstractAccessLogValve.invoke(AbstractAccessLogValve.java:654)
		at org.apache.catalina.core.StandardEngineValve.invoke(StandardEngineValve.java:72)
		at org.apache.catalina.connector.CoyoteAdapter.service(CoyoteAdapter.java:342)
		at org.apache.coyote.http11.Http11Processor.service(Http11Processor.java:399)
		at org.apache.coyote.AbstractProcessorLight.process(AbstractProcessorLight.java:63)
		at org.apache.coyote.AbstractProtocol$ConnectionHandler.process(AbstractProtocol.java:903)
		at org.apache.tomcat.util.net.NioEndpoint$SocketProcessor.doRun(NioEndpoint.java:1774)
		at org.apache.tomcat.util.net.SocketProcessorBase.run(SocketProcessorBase.java:52)
		at org.apache.tomcat.util.threads.ThreadPoolExecutor.runWorker(ThreadPoolExecutor.java:973)
		at org.apache.tomcat.util.threads.ThreadPoolExecutor$Worker.run(ThreadPoolExecutor.java:491)
		at org.apache.tomcat.util.threads.TaskThread$WrappingRunnable.run(TaskThread.java:63)
		at java.base/java.lang.Thread.run(Thread.java:1583)
15-Dec-2025 15:14:54.690 심각 [http-nio-8080-exec-10] org.apache.catalina.core.StandardWrapperValve.invoke 경로가 []인 컨텍스트의 서블릿 [default]을(를) 위한 Servlet.service() 호출이 예외를 발생시켰습니다.
	java.lang.IllegalStateException: No WebApplicationContext found: no ContextLoaderListener or DispatcherServlet registered?
		at org.springframework.web.filter.DelegatingFilterProxy.doFilter(DelegatingFilterProxy.java:265)
		at org.apache.catalina.core.ApplicationFilterChain.internalDoFilter(ApplicationFilterChain.java:162)
		at org.apache.catalina.core.ApplicationFilterChain.doFilter(ApplicationFilterChain.java:138)
		at org.apache.catalina.core.StandardWrapperValve.invoke(StandardWrapperValve.java:165)
		at org.apache.catalina.core.StandardContextValve.invoke(StandardContextValve.java:88)
		at org.apache.catalina.authenticator.AuthenticatorBase.invoke(AuthenticatorBase.java:482)
		at org.apache.catalina.core.StandardHostValve.invoke(StandardHostValve.java:113)
		at org.apache.catalina.valves.ErrorReportValve.invoke(ErrorReportValve.java:83)
		at org.apache.catalina.valves.AbstractAccessLogValve.invoke(AbstractAccessLogValve.java:654)
		at org.apache.catalina.core.StandardEngineValve.invoke(StandardEngineValve.java:72)
		at org.apache.catalina.connector.CoyoteAdapter.service(CoyoteAdapter.java:342)
		at org.apache.coyote.http11.Http11Processor.service(Http11Processor.java:399)
		at org.apache.coyote.AbstractProcessorLight.process(AbstractProcessorLight.java:63)
		at org.apache.coyote.AbstractProtocol$ConnectionHandler.process(AbstractProtocol.java:903)
		at org.apache.tomcat.util.net.NioEndpoint$SocketProcessor.doRun(NioEndpoint.java:1774)
		at org.apache.tomcat.util.net.SocketProcessorBase.run(SocketProcessorBase.java:52)
		at org.apache.tomcat.util.threads.ThreadPoolExecutor.runWorker(ThreadPoolExecutor.java:973)
		at org.apache.tomcat.util.threads.ThreadPoolExecutor$Worker.run(ThreadPoolExecutor.java:491)
		at org.apache.tomcat.util.threads.TaskThread$WrappingRunnable.run(TaskThread.java:63)
		at java.base/java.lang.Thread.run(Thread.java:1583)
15-Dec-2025 15:14:54.693 심각 [http-nio-8080-exec-6] org.apache.catalina.core.StandardWrapperValve.invoke 경로가 []인 컨텍스트의 서블릿 [default]을(를) 위한 Servlet.service() 호출이 예외를 발생시켰습니다.
	java.lang.IllegalStateException: No WebApplicationContext found: no ContextLoaderListener or DispatcherServlet registered?
		at org.springframework.web.filter.DelegatingFilterProxy.doFilter(DelegatingFilterProxy.java:265)
		at org.apache.catalina.core.ApplicationFilterChain.internalDoFilter(ApplicationFilterChain.java:162)
		at org.apache.catalina.core.ApplicationFilterChain.doFilter(ApplicationFilterChain.java:138)
		at org.apache.catalina.core.StandardWrapperValve.invoke(StandardWrapperValve.java:165)
		at org.apache.catalina.core.StandardContextValve.invoke(StandardContextValve.java:88)
		at org.apache.catalina.authenticator.AuthenticatorBase.invoke(AuthenticatorBase.java:482)
		at org.apache.catalina.core.StandardHostValve.invoke(StandardHostValve.java:113)
		at org.apache.catalina.valves.ErrorReportValve.invoke(ErrorReportValve.java:83)
		at org.apache.catalina.valves.AbstractAccessLogValve.invoke(AbstractAccessLogValve.java:654)
		at org.apache.catalina.core.StandardEngineValve.invoke(StandardEngineValve.java:72)
		at org.apache.catalina.connector.CoyoteAdapter.service(CoyoteAdapter.java:342)
		at org.apache.coyote.http11.Http11Processor.service(Http11Processor.java:399)
		at org.apache.coyote.AbstractProcessorLight.process(AbstractProcessorLight.java:63)
		at org.apache.coyote.AbstractProtocol$ConnectionHandler.process(AbstractProtocol.java:903)
		at org.apache.tomcat.util.net.NioEndpoint$SocketProcessor.doRun(NioEndpoint.java:1774)
		at org.apache.tomcat.util.net.SocketProcessorBase.run(SocketProcessorBase.java:52)
		at org.apache.tomcat.util.threads.ThreadPoolExecutor.runWorker(ThreadPoolExecutor.java:973)
		at org.apache.tomcat.util.threads.ThreadPoolExecutor$Worker.run(ThreadPoolExecutor.java:491)
		at org.apache.tomcat.util.threads.TaskThread$WrappingRunnable.run(TaskThread.java:63)
		at java.base/java.lang.Thread.run(Thread.java:1583)
15-Dec-2025 15:14:54.693 심각 [http-nio-8080-exec-2] org.apache.catalina.core.StandardWrapperValve.invoke 경로가 []인 컨텍스트의 서블릿 [default]을(를) 위한 Servlet.service() 호출이 예외를 발생시켰습니다.
	java.lang.IllegalStateException: No WebApplicationContext found: no ContextLoaderListener or DispatcherServlet registered?
		at org.springframework.web.filter.DelegatingFilterProxy.doFilter(DelegatingFilterProxy.java:265)
		at org.apache.catalina.core.ApplicationFilterChain.internalDoFilter(ApplicationFilterChain.java:162)
		at org.apache.catalina.core.ApplicationFilterChain.doFilter(ApplicationFilterChain.java:138)
		at org.apache.catalina.core.StandardWrapperValve.invoke(StandardWrapperValve.java:165)
		at org.apache.catalina.core.StandardContextValve.invoke(StandardContextValve.java:88)
		at org.apache.catalina.authenticator.AuthenticatorBase.invoke(AuthenticatorBase.java:482)
		at org.apache.catalina.core.StandardHostValve.invoke(StandardHostValve.java:113)
		at org.apache.catalina.valves.ErrorReportValve.invoke(ErrorReportValve.java:83)
		at org.apache.catalina.valves.AbstractAccessLogValve.invoke(AbstractAccessLogValve.java:654)
		at org.apache.catalina.core.StandardEngineValve.invoke(StandardEngineValve.java:72)
		at org.apache.catalina.connector.CoyoteAdapter.service(CoyoteAdapter.java:342)
		at org.apache.coyote.http11.Http11Processor.service(Http11Processor.java:399)
		at org.apache.coyote.AbstractProcessorLight.process(AbstractProcessorLight.java:63)
		at org.apache.coyote.AbstractProtocol$ConnectionHandler.process(AbstractProtocol.java:903)
		at org.apache.tomcat.util.net.NioEndpoint$SocketProcessor.doRun(NioEndpoint.java:1774)
		at org.apache.tomcat.util.net.SocketProcessorBase.run(SocketProcessorBase.java:52)
		at org.apache.tomcat.util.threads.ThreadPoolExecutor.runWorker(ThreadPoolExecutor.java:973)
		at org.apache.tomcat.util.threads.ThreadPoolExecutor$Worker.run(ThreadPoolExecutor.java:491)
		at org.apache.tomcat.util.threads.TaskThread$WrappingRunnable.run(TaskThread.java:63)
		at java.base/java.lang.Thread.run(Thread.java:1583)
15-Dec-2025 15:14:54.693 심각 [http-nio-8080-exec-1] org.apache.catalina.core.StandardWrapperValve.invoke 경로가 []인 컨텍스트의 서블릿 [default]을(를) 위한 Servlet.service() 호출이 예외를 발생시켰습니다.
	java.lang.IllegalStateException: No WebApplicationContext found: no ContextLoaderListener or DispatcherServlet registered?
		at org.springframework.web.filter.DelegatingFilterProxy.doFilter(DelegatingFilterProxy.java:265)
		at org.apache.catalina.core.ApplicationFilterChain.internalDoFilter(ApplicationFilterChain.java:162)
		at org.apache.catalina.core.ApplicationFilterChain.doFilter(ApplicationFilterChain.java:138)
		at org.apache.catalina.core.StandardWrapperValve.invoke(StandardWrapperValve.java:165)
		at org.apache.catalina.core.StandardContextValve.invoke(StandardContextValve.java:88)
		at org.apache.catalina.authenticator.AuthenticatorBase.invoke(AuthenticatorBase.java:482)
		at org.apache.catalina.core.StandardHostValve.invoke(StandardHostValve.java:113)
		at org.apache.catalina.valves.ErrorReportValve.invoke(ErrorReportValve.java:83)
		at org.apache.catalina.valves.AbstractAccessLogValve.invoke(AbstractAccessLogValve.java:654)
		at org.apache.catalina.core.StandardEngineValve.invoke(StandardEngineValve.java:72)
		at org.apache.catalina.connector.CoyoteAdapter.service(CoyoteAdapter.java:342)
		at org.apache.coyote.http11.Http11Processor.service(Http11Processor.java:399)
		at org.apache.coyote.AbstractProcessorLight.process(AbstractProcessorLight.java:63)
		at org.apache.coyote.AbstractProtocol$ConnectionHandler.process(AbstractProtocol.java:903)
		at org.apache.tomcat.util.net.NioEndpoint$SocketProcessor.doRun(NioEndpoint.java:1774)
		at org.apache.tomcat.util.net.SocketProcessorBase.run(SocketProcessorBase.java:52)
		at org.apache.tomcat.util.threads.ThreadPoolExecutor.runWorker(ThreadPoolExecutor.java:973)
		at org.apache.tomcat.util.threads.ThreadPoolExecutor$Worker.run(ThreadPoolExecutor.java:491)
		at org.apache.tomcat.util.threads.TaskThread$WrappingRunnable.run(TaskThread.java:63)
		at java.base/java.lang.Thread.run(Thread.java:1583)
15-Dec-2025 15:14:54.694 심각 [http-nio-8080-exec-5] org.apache.catalina.core.StandardWrapperValve.invoke 경로가 []인 컨텍스트의 서블릿 [default]을(를) 위한 Servlet.service() 호출이 예외를 발생시켰습니다.
	java.lang.IllegalStateException: No WebApplicationContext found: no ContextLoaderListener or DispatcherServlet registered?
		at org.springframework.web.filter.DelegatingFilterProxy.doFilter(DelegatingFilterProxy.java:265)
		at org.apache.catalina.core.ApplicationFilterChain.internalDoFilter(ApplicationFilterChain.java:162)
		at org.apache.catalina.core.ApplicationFilterChain.doFilter(ApplicationFilterChain.java:138)
		at org.apache.catalina.core.StandardWrapperValve.invoke(StandardWrapperValve.java:165)
		at org.apache.catalina.core.StandardContextValve.invoke(StandardContextValve.java:88)
		at org.apache.catalina.authenticator.AuthenticatorBase.invoke(AuthenticatorBase.java:482)
		at org.apache.catalina.core.StandardHostValve.invoke(StandardHostValve.java:113)
		at org.apache.catalina.valves.ErrorReportValve.invoke(ErrorReportValve.java:83)
		at org.apache.catalina.valves.AbstractAccessLogValve.invoke(AbstractAccessLogValve.java:654)
		at org.apache.catalina.core.StandardEngineValve.invoke(StandardEngineValve.java:72)
		at org.apache.catalina.connector.CoyoteAdapter.service(CoyoteAdapter.java:342)
		at org.apache.coyote.http11.Http11Processor.service(Http11Processor.java:399)
		at org.apache.coyote.AbstractProcessorLight.process(AbstractProcessorLight.java:63)
		at org.apache.coyote.AbstractProtocol$ConnectionHandler.process(AbstractProtocol.java:903)
		at org.apache.tomcat.util.net.NioEndpoint$SocketProcessor.doRun(NioEndpoint.java:1774)
		at org.apache.tomcat.util.net.SocketProcessorBase.run(SocketProcessorBase.java:52)
		at org.apache.tomcat.util.threads.ThreadPoolExecutor.runWorker(ThreadPoolExecutor.java:973)
		at org.apache.tomcat.util.threads.ThreadPoolExecutor$Worker.run(ThreadPoolExecutor.java:491)
		at org.apache.tomcat.util.threads.TaskThread$WrappingRunnable.run(TaskThread.java:63)
		at java.base/java.lang.Thread.run(Thread.java:1583)
15-Dec-2025 15:14:54.706 심각 [http-nio-8080-exec-7] org.apache.catalina.core.StandardWrapperValve.invoke 경로가 []인 컨텍스트의 서블릿 [default]을(를) 위한 Servlet.service() 호출이 예외를 발생시켰습니다.
	java.lang.IllegalStateException: No WebApplicationContext found: no ContextLoaderListener or DispatcherServlet registered?
		at org.springframework.web.filter.DelegatingFilterProxy.doFilter(DelegatingFilterProxy.java:265)
		at org.apache.catalina.core.ApplicationFilterChain.internalDoFilter(ApplicationFilterChain.java:162)
		at org.apache.catalina.core.ApplicationFilterChain.doFilter(ApplicationFilterChain.java:138)
		at org.apache.catalina.core.StandardWrapperValve.invoke(StandardWrapperValve.java:165)
		at org.apache.catalina.core.StandardContextValve.invoke(StandardContextValve.java:88)
		at org.apache.catalina.authenticator.AuthenticatorBase.invoke(AuthenticatorBase.java:482)
		at org.apache.catalina.core.StandardHostValve.invoke(StandardHostValve.java:113)
		at org.apache.catalina.valves.ErrorReportValve.invoke(ErrorReportValve.java:83)
		at org.apache.catalina.valves.AbstractAccessLogValve.invoke(AbstractAccessLogValve.java:654)
		at org.apache.catalina.core.StandardEngineValve.invoke(StandardEngineValve.java:72)
		at org.apache.catalina.connector.CoyoteAdapter.service(CoyoteAdapter.java:342)
		at org.apache.coyote.http11.Http11Processor.service(Http11Processor.java:399)
		at org.apache.coyote.AbstractProcessorLight.process(AbstractProcessorLight.java:63)
		at org.apache.coyote.AbstractProtocol$ConnectionHandler.process(AbstractProtocol.java:903)
		at org.apache.tomcat.util.net.NioEndpoint$SocketProcessor.doRun(NioEndpoint.java:1774)
		at org.apache.tomcat.util.net.SocketProcessorBase.run(SocketProcessorBase.java:52)
		at org.apache.tomcat.util.threads.ThreadPoolExecutor.runWorker(ThreadPoolExecutor.java:973)
		at org.apache.tomcat.util.threads.ThreadPoolExecutor$Worker.run(ThreadPoolExecutor.java:491)
		at org.apache.tomcat.util.threads.TaskThread$WrappingRunnable.run(TaskThread.java:63)
		at java.base/java.lang.Thread.run(Thread.java:1583)
15-Dec-2025 15:15:03.554 심각 [http-nio-8080-exec-4] org.apache.catalina.core.StandardWrapperValve.invoke 경로가 []인 컨텍스트의 서블릿 [default]을(를) 위한 Servlet.service() 호출이 예외를 발생시켰습니다.
	java.lang.IllegalStateException: No WebApplicationContext found: no ContextLoaderListener or DispatcherServlet registered?
		at org.springframework.web.filter.DelegatingFilterProxy.doFilter(DelegatingFilterProxy.java:265)
		at org.apache.catalina.core.ApplicationFilterChain.internalDoFilter(ApplicationFilterChain.java:162)
		at org.apache.catalina.core.ApplicationFilterChain.doFilter(ApplicationFilterChain.java:138)
		at org.apache.catalina.core.StandardWrapperValve.invoke(StandardWrapperValve.java:165)
		at org.apache.catalina.core.StandardContextValve.invoke(StandardContextValve.java:88)
		at org.apache.catalina.authenticator.AuthenticatorBase.invoke(AuthenticatorBase.java:482)
		at org.apache.catalina.core.StandardHostValve.invoke(StandardHostValve.java:113)
		at org.apache.catalina.valves.ErrorReportValve.invoke(ErrorReportValve.java:83)
		at org.apache.catalina.valves.AbstractAccessLogValve.invoke(AbstractAccessLogValve.java:654)
		at org.apache.catalina.core.StandardEngineValve.invoke(StandardEngineValve.java:72)
		at org.apache.catalina.connector.CoyoteAdapter.service(CoyoteAdapter.java:342)
		at org.apache.coyote.http11.Http11Processor.service(Http11Processor.java:399)
		at org.apache.coyote.AbstractProcessorLight.process(AbstractProcessorLight.java:63)
		at org.apache.coyote.AbstractProtocol$ConnectionHandler.process(AbstractProtocol.java:903)
		at org.apache.tomcat.util.net.NioEndpoint$SocketProcessor.doRun(NioEndpoint.java:1774)
		at org.apache.tomcat.util.net.SocketProcessorBase.run(SocketProcessorBase.java:52)
		at org.apache.tomcat.util.threads.ThreadPoolExecutor.runWorker(ThreadPoolExecutor.java:973)
		at org.apache.tomcat.util.threads.ThreadPoolExecutor$Worker.run(ThreadPoolExecutor.java:491)
		at org.apache.tomcat.util.threads.TaskThread$WrappingRunnable.run(TaskThread.java:63)
		at java.base/java.lang.Thread.run(Thread.java:1583)
15-Dec-2025 15:58:23.173 심각 [http-nio-8080-exec-3] org.apache.catalina.core.StandardWrapperValve.invoke 경로가 []인 컨텍스트의 서블릿 [jsp]을(를) 위한 Servlet.service() 호출이 예외를 발생시켰습니다.
	java.lang.IllegalStateException: No WebApplicationContext found: no ContextLoaderListener or DispatcherServlet registered?
		at org.springframework.web.filter.DelegatingFilterProxy.doFilter(DelegatingFilterProxy.java:265)
		at org.apache.catalina.core.ApplicationFilterChain.internalDoFilter(ApplicationFilterChain.java:162)
		at org.apache.catalina.core.ApplicationFilterChain.doFilter(ApplicationFilterChain.java:138)
		at org.apache.catalina.core.StandardWrapperValve.invoke(StandardWrapperValve.java:165)
		at org.apache.catalina.core.StandardContextValve.invoke(StandardContextValve.java:88)
		at org.apache.catalina.authenticator.AuthenticatorBase.invoke(AuthenticatorBase.java:482)
		at org.apache.catalina.core.StandardHostValve.invoke(StandardHostValve.java:113)
		at org.apache.catalina.valves.ErrorReportValve.invoke(ErrorReportValve.java:83)
		at org.apache.catalina.valves.AbstractAccessLogValve.invoke(AbstractAccessLogValve.java:654)
		at org.apache.catalina.core.StandardEngineValve.invoke(StandardEngineValve.java:72)
		at org.apache.catalina.connector.CoyoteAdapter.service(CoyoteAdapter.java:342)
		at org.apache.coyote.http11.Http11Processor.service(Http11Processor.java:399)
		at org.apache.coyote.AbstractProcessorLight.process(AbstractProcessorLight.java:63)
		at org.apache.coyote.AbstractProtocol$ConnectionHandler.process(AbstractProtocol.java:903)
		at org.apache.tomcat.util.net.NioEndpoint$SocketProcessor.doRun(NioEndpoint.java:1774)
		at org.apache.tomcat.util.net.SocketProcessorBase.run(SocketProcessorBase.java:52)
		at org.apache.tomcat.util.threads.ThreadPoolExecutor.runWorker(ThreadPoolExecutor.java:973)
		at org.apache.tomcat.util.threads.ThreadPoolExecutor$Worker.run(ThreadPoolExecutor.java:491)
		at org.apache.tomcat.util.threads.TaskThread$WrappingRunnable.run(TaskThread.java:63)
		at java.base/java.lang.Thread.run(Thread.java:1583)
15-Dec-2025 16:01:08.850 정보 [main] org.apache.catalina.core.ApplicationContext.log Closing Spring root WebApplicationContext
15-Dec-2025 16:01:08.930 정보 [main] org.apache.catalina.core.ApplicationContext.log SessionListener: contextDestroyed()
15-Dec-2025 16:01:08.930 정보 [main] org.apache.catalina.core.ApplicationContext.log ContextListener: contextDestroyed()
15-Dec-2025 16:02:19.263 정보 [main] org.apache.catalina.core.ApplicationContext.log No Spring WebApplicationInitializer types detected on classpath
15-Dec-2025 16:02:19.269 정보 [main] org.apache.catalina.core.ApplicationContext.log Initializing Spring root WebApplicationContext
15-Dec-2025 16:02:26.974 정보 [main] org.apache.catalina.core.ApplicationContext.log Initializing Spring DispatcherServlet 'action'
15-Dec-2025 16:02:28.695 심각 [main] org.apache.catalina.core.ApplicationContext.log 서블릿 [action]을(를) 위한 Servlet.init() 호출이 예외를 발생시켰습니다.
	org.springframework.beans.factory.UnsatisfiedDependencyException: Error creating bean with name 'egovLoginController' defined in file [D:\project\egov-enterprise\apache-tomcat-10.1.50\apache-tomcat-10.1.50\webapps\ROOT\WEB-INF\classes\egovframework\let\uat\uia\web\EgovLoginController.class]: Unsatisfied dependency expressed through constructor parameter 0: Error creating bean with name 'authenticationManager' defined in org.egovframe.rte.fdl.security.config.EgovSecurityConfiguration: Failed to instantiate [org.springframework.security.authentication.AuthenticationManager]: Factory method 'authenticationManager' threw exception with message: Error creating bean with name 'jdbcUserService' defined in org.egovframe.rte.fdl.security.config.EgovSecurityConfiguration: Failed to instantiate [org.egovframe.rte.fdl.security.userdetails.jdbc.EgovJdbcUserDetailsManager]: Factory method 'jdbcUserService' threw exception with message: Error creating bean with name 'roleHierarchy' defined in org.egovframe.rte.fdl.security.config.EgovSecurityConfiguration: Failed to instantiate [org.springframework.security.access.hierarchicalroles.RoleHierarchy]: Factory method 'roleHierarchy' threw exception with message: Error creating bean with name 'hierarchyStrings' defined in org.egovframe.rte.fdl.security.config.EgovSecurityConfiguration: Failed to instantiate [java.lang.String]: Factory method 'hierarchyStrings' threw exception with message: PreparedStatementCallback; bad SQL grammar [SELECT a.CHLDRN_ROLE child, a.PARNTS_ROLE parent FROM LETTNROLES_HIERARCHY a LEFT JOIN LETTNROLES_HIERARCHY b on (a.CHLDRN_ROLE = b.PARNTS_ROLE)]
		at org.springframework.beans.factory.support.ConstructorResolver.createArgumentArray(ConstructorResolver.java:804)
		at org.springframework.beans.factory.support.ConstructorResolver.autowireConstructor(ConstructorResolver.java:240)
		at org.springframework.beans.factory.support.AbstractAutowireCapableBeanFactory.autowireConstructor(AbstractAutowireCapableBeanFactory.java:1395)
		at org.springframework.beans.factory.support.AbstractAutowireCapableBeanFactory.createBeanInstance(AbstractAutowireCapableBeanFactory.java:1232)
		at org.springframework.beans.factory.support.AbstractAutowireCapableBeanFactory.doCreateBean(AbstractAutowireCapableBeanFactory.java:569)
		at org.springframework.beans.factory.support.AbstractAutowireCapableBeanFactory.createBean(AbstractAutowireCapableBeanFactory.java:529)
		at org.springframework.beans.factory.support.AbstractBeanFactory.lambda$doGetBean$0(AbstractBeanFactory.java:339)
		at org.springframework.beans.factory.support.DefaultSingletonBeanRegistry.getSingleton(DefaultSingletonBeanRegistry.java:373)
		at org.springframework.beans.factory.support.AbstractBeanFactory.doGetBean(AbstractBeanFactory.java:337)
		at org.springframework.beans.factory.support.AbstractBeanFactory.getBean(AbstractBeanFactory.java:202)
		at org.springframework.beans.factory.support.DefaultListableBeanFactory.instantiateSingleton(DefaultListableBeanFactory.java:1221)
		at org.springframework.beans.factory.support.DefaultListableBeanFactory.preInstantiateSingleton(DefaultListableBeanFactory.java:1187)
		at org.springframework.beans.factory.support.DefaultListableBeanFactory.preInstantiateSingletons(DefaultListableBeanFactory.java:1123)
		at org.springframework.context.support.AbstractApplicationContext.finishBeanFactoryInitialization(AbstractApplicationContext.java:987)
		at org.springframework.context.support.AbstractApplicationContext.refresh(AbstractApplicationContext.java:627)
		at org.springframework.web.servlet.FrameworkServlet.configureAndRefreshWebApplicationContext(FrameworkServlet.java:706)
		at org.springframework.web.servlet.FrameworkServlet.createWebApplicationContext(FrameworkServlet.java:672)
		at org.springframework.web.servlet.FrameworkServlet.createWebApplicationContext(FrameworkServlet.java:720)
		at org.springframework.web.servlet.FrameworkServlet.initWebApplicationContext(FrameworkServlet.java:595)
		at org.springframework.web.servlet.FrameworkServlet.initServletBean(FrameworkServlet.java:537)
		at org.springframework.web.servlet.HttpServletBean.init(HttpServletBean.java:169)
		at jakarta.servlet.GenericServlet.init(GenericServlet.java:143)
		at jakarta.servlet.http.HttpServlet.init(HttpServlet.java:121)
		at org.apache.catalina.core.StandardWrapper.initServlet(StandardWrapper.java:840)
		at org.apache.catalina.core.StandardWrapper.loadServlet(StandardWrapper.java:797)
		at org.apache.catalina.core.StandardWrapper.load(StandardWrapper.java:701)
		at org.apache.catalina.core.StandardContext.loadOnStartup(StandardContext.java:4209)
		at org.apache.catalina.core.StandardContext.startInternal(StandardContext.java:4496)
		at org.apache.catalina.util.LifecycleBase.start(LifecycleBase.java:164)
		at org.apache.catalina.core.ContainerBase.addChildInternal(ContainerBase.java:597)
		at org.apache.catalina.core.ContainerBase.addChild(ContainerBase.java:569)
		at org.apache.catalina.core.StandardHost.addChild(StandardHost.java:665)
		at org.apache.catalina.startup.HostConfig.deployWAR(HostConfig.java:962)
		at org.apache.catalina.startup.HostConfig$DeployWar.run(HostConfig.java:1900)
		at java.base/java.util.concurrent.Executors$RunnableAdapter.call(Executors.java:572)
		at java.base/java.util.concurrent.FutureTask.run(FutureTask.java:317)
		at org.apache.tomcat.util.threads.InlineExecutorService.execute(InlineExecutorService.java:81)
		at java.base/java.util.concurrent.AbstractExecutorService.submit(AbstractExecutorService.java:123)
		at org.apache.catalina.startup.HostConfig.deployWARs(HostConfig.java:766)
		at org.apache.catalina.startup.HostConfig.deployApps(HostConfig.java:417)
		at org.apache.catalina.startup.HostConfig.start(HostConfig.java:1618)
		at org.apache.catalina.startup.HostConfig.lifecycleEvent(HostConfig.java:300)
		at org.apache.catalina.util.LifecycleBase.fireLifecycleEvent(LifecycleBase.java:109)
		at org.apache.catalina.util.LifecycleBase.setStateInternal(LifecycleBase.java:389)
		at org.apache.catalina.util.LifecycleBase.setState(LifecycleBase.java:336)
		at org.apache.catalina.core.ContainerBase.startInternal(ContainerBase.java:774)
		at org.apache.catalina.core.StandardHost.startInternal(StandardHost.java:783)
		at org.apache.catalina.util.LifecycleBase.start(LifecycleBase.java:164)
		at org.apache.catalina.core.ContainerBase$StartChild.call(ContainerBase.java:1201)
		at org.apache.catalina.core.ContainerBase$StartChild.call(ContainerBase.java:1191)
		at java.base/java.util.concurrent.FutureTask.run(FutureTask.java:317)
		at org.apache.tomcat.util.threads.InlineExecutorService.execute(InlineExecutorService.java:81)
		at java.base/java.util.concurrent.AbstractExecutorService.submit(AbstractExecutorService.java:145)
		at org.apache.catalina.core.ContainerBase.startInternal(ContainerBase.java:747)
		at org.apache.catalina.core.StandardEngine.startInternal(StandardEngine.java:201)
		at org.apache.catalina.util.LifecycleBase.start(LifecycleBase.java:164)
		at org.apache.catalina.core.StandardService.startInternal(StandardService.java:410)
		at org.apache.catalina.util.LifecycleBase.start(LifecycleBase.java:164)
		at org.apache.catalina.core.StandardServer.startInternal(StandardServer.java:868)
		at org.apache.catalina.util.LifecycleBase.start(LifecycleBase.java:164)
		at org.apache.catalina.startup.Catalina.start(Catalina.java:758)
		at java.base/jdk.internal.reflect.DirectMethodHandleAccessor.invoke(DirectMethodHandleAccessor.java:103)
		at java.base/java.lang.reflect.Method.invoke(Method.java:580)
		at org.apache.catalina.startup.Bootstrap.start(Bootstrap.java:342)
		at org.apache.catalina.startup.Bootstrap.main(Bootstrap.java:473)
	Caused by: org.springframework.beans.factory.BeanCreationException: Error creating bean with name 'authenticationManager' defined in org.egovframe.rte.fdl.security.config.EgovSecurityConfiguration: Failed to instantiate [org.springframework.security.authentication.AuthenticationManager]: Factory method 'authenticationManager' threw exception with message: Error creating bean with name 'jdbcUserService' defined in org.egovframe.rte.fdl.security.config.EgovSecurityConfiguration: Failed to instantiate [org.egovframe.rte.fdl.security.userdetails.jdbc.EgovJdbcUserDetailsManager]: Factory method 'jdbcUserService' threw exception with message: Error creating bean with name 'roleHierarchy' defined in org.egovframe.rte.fdl.security.config.EgovSecurityConfiguration: Failed to instantiate [org.springframework.security.access.hierarchicalroles.RoleHierarchy]: Factory method 'roleHierarchy' threw exception with message: Error creating bean with name 'hierarchyStrings' defined in org.egovframe.rte.fdl.security.config.EgovSecurityConfiguration: Failed to instantiate [java.lang.String]: Factory method 'hierarchyStrings' threw exception with message: PreparedStatementCallback; bad SQL grammar [SELECT a.CHLDRN_ROLE child, a.PARNTS_ROLE parent FROM LETTNROLES_HIERARCHY a LEFT JOIN LETTNROLES_HIERARCHY b on (a.CHLDRN_ROLE = b.PARNTS_ROLE)]
		at org.springframework.beans.factory.support.ConstructorResolver.instantiate(ConstructorResolver.java:657)
		at org.springframework.beans.factory.support.ConstructorResolver.instantiateUsingFactoryMethod(ConstructorResolver.java:489)
		at org.springframework.beans.factory.support.AbstractAutowireCapableBeanFactory.instantiateUsingFactoryMethod(AbstractAutowireCapableBeanFactory.java:1375)
		at org.springframework.beans.factory.support.AbstractAutowireCapableBeanFactory.createBeanInstance(AbstractAutowireCapableBeanFactory.java:1205)
		at org.springframework.beans.factory.support.AbstractAutowireCapableBeanFactory.doCreateBean(AbstractAutowireCapableBeanFactory.java:569)
		at org.springframework.beans.factory.support.AbstractAutowireCapableBeanFactory.createBean(AbstractAutowireCapableBeanFactory.java:529)
		at org.springframework.beans.factory.support.AbstractBeanFactory.lambda$doGetBean$0(AbstractBeanFactory.java:339)
		at org.springframework.beans.factory.support.DefaultSingletonBeanRegistry.getSingleton(DefaultSingletonBeanRegistry.java:373)
		at org.springframework.beans.factory.support.AbstractBeanFactory.doGetBean(AbstractBeanFactory.java:337)
		at org.springframework.beans.factory.support.AbstractBeanFactory.getBean(AbstractBeanFactory.java:202)
		at org.springframework.beans.factory.config.DependencyDescriptor.resolveCandidate(DependencyDescriptor.java:254)
		at org.springframework.beans.factory.support.DefaultListableBeanFactory.doResolveDependency(DefaultListableBeanFactory.java:1760)
		at org.springframework.beans.factory.support.DefaultListableBeanFactory.resolveDependency(DefaultListableBeanFactory.java:1643)
		at org.springframework.beans.factory.support.ConstructorResolver.resolveAutowiredArgument(ConstructorResolver.java:913)
		at org.springframework.beans.factory.support.ConstructorResolver.createArgumentArray(ConstructorResolver.java:791)
		... 64 more
	Caused by: org.springframework.beans.BeanInstantiationException: Failed to instantiate [org.springframework.security.authentication.AuthenticationManager]: Factory method 'authenticationManager' threw exception with message: Error creating bean with name 'jdbcUserService' defined in org.egovframe.rte.fdl.security.config.EgovSecurityConfiguration: Failed to instantiate [org.egovframe.rte.fdl.security.userdetails.jdbc.EgovJdbcUserDetailsManager]: Factory method 'jdbcUserService' threw exception with message: Error creating bean with name 'roleHierarchy' defined in org.egovframe.rte.fdl.security.config.EgovSecurityConfiguration: Failed to instantiate [org.springframework.security.access.hierarchicalroles.RoleHierarchy]: Factory method 'roleHierarchy' threw exception with message: Error creating bean with name 'hierarchyStrings' defined in org.egovframe.rte.fdl.security.config.EgovSecurityConfiguration: Failed to instantiate [java.lang.String]: Factory method 'hierarchyStrings' threw exception with message: PreparedStatementCallback; bad SQL grammar [SELECT a.CHLDRN_ROLE child, a.PARNTS_ROLE parent FROM LETTNROLES_HIERARCHY a LEFT JOIN LETTNROLES_HIERARCHY b on (a.CHLDRN_ROLE = b.PARNTS_ROLE)]
		at org.springframework.beans.factory.support.SimpleInstantiationStrategy.lambda$instantiate$0(SimpleInstantiationStrategy.java:200)
		at org.springframework.beans.factory.support.SimpleInstantiationStrategy.instantiateWithFactoryMethod(SimpleInstantiationStrategy.java:89)
		at org.springframework.beans.factory.support.SimpleInstantiationStrategy.instantiate(SimpleInstantiationStrategy.java:169)
		at org.springframework.beans.factory.support.ConstructorResolver.instantiate(ConstructorResolver.java:653)
		... 78 more
	Caused by: org.springframework.beans.factory.BeanCreationException: Error creating bean with name 'jdbcUserService' defined in org.egovframe.rte.fdl.security.config.EgovSecurityConfiguration: Failed to instantiate [org.egovframe.rte.fdl.security.userdetails.jdbc.EgovJdbcUserDetailsManager]: Factory method 'jdbcUserService' threw exception with message: Error creating bean with name 'roleHierarchy' defined in org.egovframe.rte.fdl.security.config.EgovSecurityConfiguration: Failed to instantiate [org.springframework.security.access.hierarchicalroles.RoleHierarchy]: Factory method 'roleHierarchy' threw exception with message: Error creating bean with name 'hierarchyStrings' defined in org.egovframe.rte.fdl.security.config.EgovSecurityConfiguration: Failed to instantiate [java.lang.String]: Factory method 'hierarchyStrings' threw exception with message: PreparedStatementCallback; bad SQL grammar [SELECT a.CHLDRN_ROLE child, a.PARNTS_ROLE parent FROM LETTNROLES_HIERARCHY a LEFT JOIN LETTNROLES_HIERARCHY b on (a.CHLDRN_ROLE = b.PARNTS_ROLE)]
		at org.springframework.beans.factory.support.ConstructorResolver.instantiate(ConstructorResolver.java:657)
		at org.springframework.beans.factory.support.ConstructorResolver.instantiateUsingFactoryMethod(ConstructorResolver.java:489)
		at org.springframework.beans.factory.support.AbstractAutowireCapableBeanFactory.instantiateUsingFactoryMethod(AbstractAutowireCapableBeanFactory.java:1375)
		at org.springframework.beans.factory.support.AbstractAutowireCapableBeanFactory.createBeanInstance(AbstractAutowireCapableBeanFactory.java:1205)
		at org.springframework.beans.factory.support.AbstractAutowireCapableBeanFactory.doCreateBean(AbstractAutowireCapableBeanFactory.java:569)
		at org.springframework.beans.factory.support.AbstractAutowireCapableBeanFactory.createBean(AbstractAutowireCapableBeanFactory.java:529)
		at org.springframework.beans.factory.support.AbstractBeanFactory.lambda$doGetBean$0(AbstractBeanFactory.java:339)
		at org.springframework.beans.factory.support.DefaultSingletonBeanRegistry.getSingleton(DefaultSingletonBeanRegistry.java:373)
		at org.springframework.beans.factory.support.AbstractBeanFactory.doGetBean(AbstractBeanFactory.java:337)
		at org.springframework.beans.factory.support.AbstractBeanFactory.getBean(AbstractBeanFactory.java:202)
		at org.springframework.context.annotation.ConfigurationClassEnhancer$BeanMethodInterceptor.resolveBeanReference(ConfigurationClassEnhancer.java:432)
		at org.springframework.context.annotation.ConfigurationClassEnhancer$BeanMethodInterceptor.intercept(ConfigurationClassEnhancer.java:403)
		at org.egovframe.rte.fdl.security.config.EgovSecurityConfiguration$$SpringCGLIB$$0.jdbcUserService(<generated>)
		at org.egovframe.rte.fdl.security.config.EgovSecurityConfiguration.authenticationManager(EgovSecurityConfiguration.java:206)
		at org.egovframe.rte.fdl.security.config.EgovSecurityConfiguration$$SpringCGLIB$$0.CGLIB$authenticationManager$1(<generated>)
		at org.egovframe.rte.fdl.security.config.EgovSecurityConfiguration$$SpringCGLIB$$FastClass$$1.invoke(<generated>)
		at org.springframework.cglib.proxy.MethodProxy.invokeSuper(MethodProxy.java:258)
		at org.springframework.context.annotation.ConfigurationClassEnhancer$BeanMethodInterceptor.intercept(ConfigurationClassEnhancer.java:400)
		at org.egovframe.rte.fdl.security.config.EgovSecurityConfiguration$$SpringCGLIB$$0.authenticationManager(<generated>)
		at java.base/jdk.internal.reflect.DirectMethodHandleAccessor.invoke(DirectMethodHandleAccessor.java:103)
		at java.base/java.lang.reflect.Method.invoke(Method.java:580)
		at org.springframework.beans.factory.support.SimpleInstantiationStrategy.lambda$instantiate$0(SimpleInstantiationStrategy.java:172)
		... 81 more
	Caused by: org.springframework.beans.BeanInstantiationException: Failed to instantiate [org.egovframe.rte.fdl.security.userdetails.jdbc.EgovJdbcUserDetailsManager]: Factory method 'jdbcUserService' threw exception with message: Error creating bean with name 'roleHierarchy' defined in org.egovframe.rte.fdl.security.config.EgovSecurityConfiguration: Failed to instantiate [org.springframework.security.access.hierarchicalroles.RoleHierarchy]: Factory method 'roleHierarchy' threw exception with message: Error creating bean with name 'hierarchyStrings' defined in org.egovframe.rte.fdl.security.config.EgovSecurityConfiguration: Failed to instantiate [java.lang.String]: Factory method 'hierarchyStrings' threw exception with message: PreparedStatementCallback; bad SQL grammar [SELECT a.CHLDRN_ROLE child, a.PARNTS_ROLE parent FROM LETTNROLES_HIERARCHY a LEFT JOIN LETTNROLES_HIERARCHY b on (a.CHLDRN_ROLE = b.PARNTS_ROLE)]
		at org.springframework.beans.factory.support.SimpleInstantiationStrategy.lambda$instantiate$0(SimpleInstantiationStrategy.java:200)
		at org.springframework.beans.factory.support.SimpleInstantiationStrategy.instantiateWithFactoryMethod(SimpleInstantiationStrategy.java:89)
		at org.springframework.beans.factory.support.SimpleInstantiationStrategy.instantiate(SimpleInstantiationStrategy.java:169)
		at org.springframework.beans.factory.support.ConstructorResolver.instantiate(ConstructorResolver.java:653)
		... 102 more
	Caused by: org.springframework.beans.factory.BeanCreationException: Error creating bean with name 'roleHierarchy' defined in org.egovframe.rte.fdl.security.config.EgovSecurityConfiguration: Failed to instantiate [org.springframework.security.access.hierarchicalroles.RoleHierarchy]: Factory method 'roleHierarchy' threw exception with message: Error creating bean with name 'hierarchyStrings' defined in org.egovframe.rte.fdl.security.config.EgovSecurityConfiguration: Failed to instantiate [java.lang.String]: Factory method 'hierarchyStrings' threw exception with message: PreparedStatementCallback; bad SQL grammar [SELECT a.CHLDRN_ROLE child, a.PARNTS_ROLE parent FROM LETTNROLES_HIERARCHY a LEFT JOIN LETTNROLES_HIERARCHY b on (a.CHLDRN_ROLE = b.PARNTS_ROLE)]
		at org.springframework.beans.factory.support.ConstructorResolver.instantiate(ConstructorResolver.java:657)
		at org.springframework.beans.factory.support.ConstructorResolver.instantiateUsingFactoryMethod(ConstructorResolver.java:489)
		at org.springframework.beans.factory.support.AbstractAutowireCapableBeanFactory.instantiateUsingFactoryMethod(AbstractAutowireCapableBeanFactory.java:1375)
		at org.springframework.beans.factory.support.AbstractAutowireCapableBeanFactory.createBeanInstance(AbstractAutowireCapableBeanFactory.java:1205)
		at org.springframework.beans.factory.support.AbstractAutowireCapableBeanFactory.doCreateBean(AbstractAutowireCapableBeanFactory.java:569)
		at org.springframework.beans.factory.support.AbstractAutowireCapableBeanFactory.createBean(AbstractAutowireCapableBeanFactory.java:529)
		at org.springframework.beans.factory.support.AbstractBeanFactory.lambda$doGetBean$0(AbstractBeanFactory.java:339)
		at org.springframework.beans.factory.support.DefaultSingletonBeanRegistry.getSingleton(DefaultSingletonBeanRegistry.java:373)
		at org.springframework.beans.factory.support.AbstractBeanFactory.doGetBean(AbstractBeanFactory.java:337)
		at org.springframework.beans.factory.support.AbstractBeanFactory.getBean(AbstractBeanFactory.java:202)
		at org.springframework.context.annotation.ConfigurationClassEnhancer$BeanMethodInterceptor.resolveBeanReference(ConfigurationClassEnhancer.java:432)
		at org.springframework.context.annotation.ConfigurationClassEnhancer$BeanMethodInterceptor.intercept(ConfigurationClassEnhancer.java:403)
		at org.egovframe.rte.fdl.security.config.EgovSecurityConfiguration$$SpringCGLIB$$0.roleHierarchy(<generated>)
		at org.egovframe.rte.fdl.security.config.EgovSecurityConfiguration.jdbcUserService(EgovSecurityConfiguration.java:225)
		at org.egovframe.rte.fdl.security.config.EgovSecurityConfiguration$$SpringCGLIB$$0.CGLIB$jdbcUserService$10(<generated>)
		at org.egovframe.rte.fdl.security.config.EgovSecurityConfiguration$$SpringCGLIB$$FastClass$$1.invoke(<generated>)
		at org.springframework.cglib.proxy.MethodProxy.invokeSuper(MethodProxy.java:258)
		at org.springframework.context.annotation.ConfigurationClassEnhancer$BeanMethodInterceptor.intercept(ConfigurationClassEnhancer.java:400)
		at org.egovframe.rte.fdl.security.config.EgovSecurityConfiguration$$SpringCGLIB$$0.jdbcUserService(<generated>)
		at java.base/jdk.internal.reflect.DirectMethodHandleAccessor.invoke(DirectMethodHandleAccessor.java:103)
		at java.base/java.lang.reflect.Method.invoke(Method.java:580)
		at org.springframework.beans.factory.support.SimpleInstantiationStrategy.lambda$instantiate$0(SimpleInstantiationStrategy.java:172)
		... 105 more
	Caused by: org.springframework.beans.BeanInstantiationException: Failed to instantiate [org.springframework.security.access.hierarchicalroles.RoleHierarchy]: Factory method 'roleHierarchy' threw exception with message: Error creating bean with name 'hierarchyStrings' defined in org.egovframe.rte.fdl.security.config.EgovSecurityConfiguration: Failed to instantiate [java.lang.String]: Factory method 'hierarchyStrings' threw exception with message: PreparedStatementCallback; bad SQL grammar [SELECT a.CHLDRN_ROLE child, a.PARNTS_ROLE parent FROM LETTNROLES_HIERARCHY a LEFT JOIN LETTNROLES_HIERARCHY b on (a.CHLDRN_ROLE = b.PARNTS_ROLE)]
		at org.springframework.beans.factory.support.SimpleInstantiationStrategy.lambda$instantiate$0(SimpleInstantiationStrategy.java:200)
		at org.springframework.beans.factory.support.SimpleInstantiationStrategy.instantiateWithFactoryMethod(SimpleInstantiationStrategy.java:89)
		at org.springframework.beans.factory.support.SimpleInstantiationStrategy.instantiate(SimpleInstantiationStrategy.java:169)
		at org.springframework.beans.factory.support.ConstructorResolver.instantiate(ConstructorResolver.java:653)
		... 126 more
	Caused by: org.springframework.beans.factory.BeanCreationException: Error creating bean with name 'hierarchyStrings' defined in org.egovframe.rte.fdl.security.config.EgovSecurityConfiguration: Failed to instantiate [java.lang.String]: Factory method 'hierarchyStrings' threw exception with message: PreparedStatementCallback; bad SQL grammar [SELECT a.CHLDRN_ROLE child, a.PARNTS_ROLE parent FROM LETTNROLES_HIERARCHY a LEFT JOIN LETTNROLES_HIERARCHY b on (a.CHLDRN_ROLE = b.PARNTS_ROLE)]
		at org.springframework.beans.factory.support.ConstructorResolver.instantiate(ConstructorResolver.java:657)
		at org.springframework.beans.factory.support.ConstructorResolver.instantiateUsingFactoryMethod(ConstructorResolver.java:489)
		at org.springframework.beans.factory.support.AbstractAutowireCapableBeanFactory.instantiateUsingFactoryMethod(AbstractAutowireCapableBeanFactory.java:1375)
		at org.springframework.beans.factory.support.AbstractAutowireCapableBeanFactory.createBeanInstance(AbstractAutowireCapableBeanFactory.java:1205)
		at org.springframework.beans.factory.support.AbstractAutowireCapableBeanFactory.doCreateBean(AbstractAutowireCapableBeanFactory.java:569)
		at org.springframework.beans.factory.support.AbstractAutowireCapableBeanFactory.createBean(AbstractAutowireCapableBeanFactory.java:529)
		at org.springframework.beans.factory.support.AbstractBeanFactory.lambda$doGetBean$0(AbstractBeanFactory.java:339)
		at org.springframework.beans.factory.support.DefaultSingletonBeanRegistry.getSingleton(DefaultSingletonBeanRegistry.java:373)
		at org.springframework.beans.factory.support.AbstractBeanFactory.doGetBean(AbstractBeanFactory.java:337)
		at org.springframework.beans.factory.support.AbstractBeanFactory.getBean(AbstractBeanFactory.java:202)
		at org.springframework.context.annotation.ConfigurationClassEnhancer$BeanMethodInterceptor.resolveBeanReference(ConfigurationClassEnhancer.java:432)
		at org.springframework.context.annotation.ConfigurationClassEnhancer$BeanMethodInterceptor.intercept(ConfigurationClassEnhancer.java:403)
		at org.egovframe.rte.fdl.security.config.EgovSecurityConfiguration$$SpringCGLIB$$0.hierarchyStrings(<generated>)
		at org.egovframe.rte.fdl.security.config.EgovSecurityConfiguration.roleHierarchy(EgovSecurityConfiguration.java:254)
		at org.egovframe.rte.fdl.security.config.EgovSecurityConfiguration$$SpringCGLIB$$0.CGLIB$roleHierarchy$11(<generated>)
		at org.egovframe.rte.fdl.security.config.EgovSecurityConfiguration$$SpringCGLIB$$FastClass$$1.invoke(<generated>)
		at org.springframework.cglib.proxy.MethodProxy.invokeSuper(MethodProxy.java:258)
		at org.springframework.context.annotation.ConfigurationClassEnhancer$BeanMethodInterceptor.intercept(ConfigurationClassEnhancer.java:400)
		at org.egovframe.rte.fdl.security.config.EgovSecurityConfiguration$$SpringCGLIB$$0.roleHierarchy(<generated>)
		at java.base/jdk.internal.reflect.DirectMethodHandleAccessor.invoke(DirectMethodHandleAccessor.java:103)
		at java.base/java.lang.reflect.Method.invoke(Method.java:580)
		at org.springframework.beans.factory.support.SimpleInstantiationStrategy.lambda$instantiate$0(SimpleInstantiationStrategy.java:172)
		... 129 more
	Caused by: org.springframework.beans.BeanInstantiationException: Failed to instantiate [java.lang.String]: Factory method 'hierarchyStrings' threw exception with message: PreparedStatementCallback; bad SQL grammar [SELECT a.CHLDRN_ROLE child, a.PARNTS_ROLE parent FROM LETTNROLES_HIERARCHY a LEFT JOIN LETTNROLES_HIERARCHY b on (a.CHLDRN_ROLE = b.PARNTS_ROLE)]
		at org.springframework.beans.factory.support.SimpleInstantiationStrategy.lambda$instantiate$0(SimpleInstantiationStrategy.java:200)
		at org.springframework.beans.factory.support.SimpleInstantiationStrategy.instantiateWithFactoryMethod(SimpleInstantiationStrategy.java:89)
		at org.springframework.beans.factory.support.SimpleInstantiationStrategy.instantiate(SimpleInstantiationStrategy.java:169)
		at org.springframework.beans.factory.support.ConstructorResolver.instantiate(ConstructorResolver.java:653)
		... 150 more
	Caused by: org.springframework.jdbc.BadSqlGrammarException: PreparedStatementCallback; bad SQL grammar [SELECT a.CHLDRN_ROLE child, a.PARNTS_ROLE parent FROM LETTNROLES_HIERARCHY a LEFT JOIN LETTNROLES_HIERARCHY b on (a.CHLDRN_ROLE = b.PARNTS_ROLE)]
		at org.springframework.jdbc.support.SQLErrorCodeSQLExceptionTranslator.doTranslate(SQLErrorCodeSQLExceptionTranslator.java:246)
		at org.springframework.jdbc.support.AbstractFallbackSQLExceptionTranslator.translate(AbstractFallbackSQLExceptionTranslator.java:107)
		at org.springframework.jdbc.core.JdbcTemplate.translateException(JdbcTemplate.java:1556)
		at org.springframework.jdbc.core.JdbcTemplate.execute(JdbcTemplate.java:677)
		at org.springframework.jdbc.core.JdbcTemplate.query(JdbcTemplate.java:723)
		at org.springframework.jdbc.core.JdbcTemplate.query(JdbcTemplate.java:748)
		at org.springframework.jdbc.core.JdbcTemplate.query(JdbcTemplate.java:804)
		at org.springframework.jdbc.core.namedparam.NamedParameterJdbcTemplate.query(NamedParameterJdbcTemplate.java:218)
		at org.springframework.jdbc.core.namedparam.NamedParameterJdbcTemplate.queryForList(NamedParameterJdbcTemplate.java:312)
		at org.springframework.jdbc.core.namedparam.NamedParameterJdbcTemplate.queryForList(NamedParameterJdbcTemplate.java:319)
		at org.egovframe.rte.fdl.security.secureobject.impl.SecuredObjectDAO.getHierarchicalRoles(SecuredObjectDAO.java:294)
		at org.egovframe.rte.fdl.security.secureobject.impl.SecuredObjectServiceImpl.getHierarchicalRoles(SecuredObjectServiceImpl.java:98)
		at org.egovframe.rte.fdl.security.userdetails.hierarchicalroles.HierarchyStringsFactoryBean.getObject(HierarchyStringsFactoryBean.java:61)
		at org.egovframe.rte.fdl.security.config.EgovSecurityConfiguration.hierarchyStrings(EgovSecurityConfiguration.java:262)
		at org.egovframe.rte.fdl.security.config.EgovSecurityConfiguration$$SpringCGLIB$$0.CGLIB$hierarchyStrings$9(<generated>)
		at org.egovframe.rte.fdl.security.config.EgovSecurityConfiguration$$SpringCGLIB$$FastClass$$1.invoke(<generated>)
		at org.springframework.cglib.proxy.MethodProxy.invokeSuper(MethodProxy.java:258)
		at org.springframework.context.annotation.ConfigurationClassEnhancer$BeanMethodInterceptor.intercept(ConfigurationClassEnhancer.java:400)
		at org.egovframe.rte.fdl.security.config.EgovSecurityConfiguration$$SpringCGLIB$$0.hierarchyStrings(<generated>)
		at java.base/jdk.internal.reflect.DirectMethodHandleAccessor.invoke(DirectMethodHandleAccessor.java:103)
		at java.base/java.lang.reflect.Method.invoke(Method.java:580)
		at org.springframework.beans.factory.support.SimpleInstantiationStrategy.lambda$instantiate$0(SimpleInstantiationStrategy.java:172)
		... 153 more
	Caused by: cubrid.jdbc.driver.CUBRIDException: Syntax: Unknown class "dba.lettnroles_hierarchy". select a.CHLDRN_ROLE, a.PARNTS_ROLE from [dba.LETTNROLES_HIE...[CAS INFO-localhost:33000,1,41],[SESSION-18],[URL-jdbc:cubrid:localhost:33000:demodb:dba:********:?charset=utf-8].
		at cubrid.jdbc.jci.UConnection.createJciException(UConnection.java:1992)
		at cubrid.jdbc.jci.UInputBuffer.<init>(UInputBuffer.java:176)
		at cubrid.jdbc.jci.UConnection.send_recv_msg(UConnection.java:1854)
		at cubrid.jdbc.jci.UConnection.send_recv_msg(UConnection.java:1866)
		at cubrid.jdbc.jci.UConnection.prepareInternal(UConnection.java:1321)
		at cubrid.jdbc.jci.UConnection.prepare(UConnection.java:822)
		at cubrid.jdbc.jci.UConnection.prepare(UConnection.java:804)
		at cubrid.jdbc.driver.CUBRIDConnection.prepare(CUBRIDConnection.java:668)
		at cubrid.jdbc.driver.CUBRIDConnection.prepare(CUBRIDConnection.java:845)
		at cubrid.jdbc.driver.CUBRIDConnection.prepareStatement(CUBRIDConnection.java:158)
		at org.apache.commons.dbcp2.DelegatingConnection.prepareStatement(DelegatingConnection.java:737)
		at org.apache.commons.dbcp2.DelegatingConnection.prepareStatement(DelegatingConnection.java:737)
		at org.springframework.jdbc.core.PreparedStatementCreatorFactory$PreparedStatementCreatorImpl.createPreparedStatement(PreparedStatementCreatorFactory.java:239)
		at org.springframework.jdbc.core.JdbcTemplate.execute(JdbcTemplate.java:656)
		... 171 more
15-Dec-2025 16:02:28.696 심각 [main] org.apache.catalina.core.StandardContext.loadOnStartup 웹 애플리케이션 [] 내의 서블릿 [action]이(가) load() 예외를 발생시켰습니다.
	cubrid.jdbc.driver.CUBRIDException: Syntax: Unknown class "dba.lettnroles_hierarchy". select a.CHLDRN_ROLE, a.PARNTS_ROLE from [dba.LETTNROLES_HIE...[CAS INFO-localhost:33000,1,41],[SESSION-18],[URL-jdbc:cubrid:localhost:33000:demodb:dba:********:?charset=utf-8].
		at cubrid.jdbc.jci.UConnection.createJciException(UConnection.java:1992)
		at cubrid.jdbc.jci.UInputBuffer.<init>(UInputBuffer.java:176)
		at cubrid.jdbc.jci.UConnection.send_recv_msg(UConnection.java:1854)
		at cubrid.jdbc.jci.UConnection.send_recv_msg(UConnection.java:1866)
		at cubrid.jdbc.jci.UConnection.prepareInternal(UConnection.java:1321)
		at cubrid.jdbc.jci.UConnection.prepare(UConnection.java:822)
		at cubrid.jdbc.jci.UConnection.prepare(UConnection.java:804)
		at cubrid.jdbc.driver.CUBRIDConnection.prepare(CUBRIDConnection.java:668)
		at cubrid.jdbc.driver.CUBRIDConnection.prepare(CUBRIDConnection.java:845)
		at cubrid.jdbc.driver.CUBRIDConnection.prepareStatement(CUBRIDConnection.java:158)
		at org.apache.commons.dbcp2.DelegatingConnection.prepareStatement(DelegatingConnection.java:737)
		at org.apache.commons.dbcp2.DelegatingConnection.prepareStatement(DelegatingConnection.java:737)
		at org.springframework.jdbc.core.PreparedStatementCreatorFactory$PreparedStatementCreatorImpl.createPreparedStatement(PreparedStatementCreatorFactory.java:239)
		at org.springframework.jdbc.core.JdbcTemplate.execute(JdbcTemplate.java:656)
		at org.springframework.jdbc.core.JdbcTemplate.query(JdbcTemplate.java:723)
		at org.springframework.jdbc.core.JdbcTemplate.query(JdbcTemplate.java:748)
		at org.springframework.jdbc.core.JdbcTemplate.query(JdbcTemplate.java:804)
		at org.springframework.jdbc.core.namedparam.NamedParameterJdbcTemplate.query(NamedParameterJdbcTemplate.java:218)
		at org.springframework.jdbc.core.namedparam.NamedParameterJdbcTemplate.queryForList(NamedParameterJdbcTemplate.java:312)
		at org.springframework.jdbc.core.namedparam.NamedParameterJdbcTemplate.queryForList(NamedParameterJdbcTemplate.java:319)
		at org.egovframe.rte.fdl.security.secureobject.impl.SecuredObjectDAO.getHierarchicalRoles(SecuredObjectDAO.java:294)
		at org.egovframe.rte.fdl.security.secureobject.impl.SecuredObjectServiceImpl.getHierarchicalRoles(SecuredObjectServiceImpl.java:98)
		at org.egovframe.rte.fdl.security.userdetails.hierarchicalroles.HierarchyStringsFactoryBean.getObject(HierarchyStringsFactoryBean.java:61)
		at org.egovframe.rte.fdl.security.config.EgovSecurityConfiguration.hierarchyStrings(EgovSecurityConfiguration.java:262)
		at org.egovframe.rte.fdl.security.config.EgovSecurityConfiguration$$SpringCGLIB$$0.CGLIB$hierarchyStrings$9(<generated>)
		at org.egovframe.rte.fdl.security.config.EgovSecurityConfiguration$$SpringCGLIB$$FastClass$$1.invoke(<generated>)
		at org.springframework.cglib.proxy.MethodProxy.invokeSuper(MethodProxy.java:258)
		at org.springframework.context.annotation.ConfigurationClassEnhancer$BeanMethodInterceptor.intercept(ConfigurationClassEnhancer.java:400)
		at org.egovframe.rte.fdl.security.config.EgovSecurityConfiguration$$SpringCGLIB$$0.hierarchyStrings(<generated>)
		at java.base/jdk.internal.reflect.DirectMethodHandleAccessor.invoke(DirectMethodHandleAccessor.java:103)
		at java.base/java.lang.reflect.Method.invoke(Method.java:580)
		at org.springframework.beans.factory.support.SimpleInstantiationStrategy.lambda$instantiate$0(SimpleInstantiationStrategy.java:172)
		at org.springframework.beans.factory.support.SimpleInstantiationStrategy.instantiateWithFactoryMethod(SimpleInstantiationStrategy.java:89)
		at org.springframework.beans.factory.support.SimpleInstantiationStrategy.instantiate(SimpleInstantiationStrategy.java:169)
		at org.springframework.beans.factory.support.ConstructorResolver.instantiate(ConstructorResolver.java:653)
		at org.springframework.beans.factory.support.ConstructorResolver.instantiateUsingFactoryMethod(ConstructorResolver.java:489)
		at org.springframework.beans.factory.support.AbstractAutowireCapableBeanFactory.instantiateUsingFactoryMethod(AbstractAutowireCapableBeanFactory.java:1375)
		at org.springframework.beans.factory.support.AbstractAutowireCapableBeanFactory.createBeanInstance(AbstractAutowireCapableBeanFactory.java:1205)
		at org.springframework.beans.factory.support.AbstractAutowireCapableBeanFactory.doCreateBean(AbstractAutowireCapableBeanFactory.java:569)
		at org.springframework.beans.factory.support.AbstractAutowireCapableBeanFactory.createBean(AbstractAutowireCapableBeanFactory.java:529)
		at org.springframework.beans.factory.support.AbstractBeanFactory.lambda$doGetBean$0(AbstractBeanFactory.java:339)
		at org.springframework.beans.factory.support.DefaultSingletonBeanRegistry.getSingleton(DefaultSingletonBeanRegistry.java:373)
		at org.springframework.beans.factory.support.AbstractBeanFactory.doGetBean(AbstractBeanFactory.java:337)
		at org.springframework.beans.factory.support.AbstractBeanFactory.getBean(AbstractBeanFactory.java:202)
		at org.springframework.context.annotation.ConfigurationClassEnhancer$BeanMethodInterceptor.resolveBeanReference(ConfigurationClassEnhancer.java:432)
		at org.springframework.context.annotation.ConfigurationClassEnhancer$BeanMethodInterceptor.intercept(ConfigurationClassEnhancer.java:403)
		at org.egovframe.rte.fdl.security.config.EgovSecurityConfiguration$$SpringCGLIB$$0.hierarchyStrings(<generated>)
		at org.egovframe.rte.fdl.security.config.EgovSecurityConfiguration.roleHierarchy(EgovSecurityConfiguration.java:254)
		at org.egovframe.rte.fdl.security.config.EgovSecurityConfiguration$$SpringCGLIB$$0.CGLIB$roleHierarchy$11(<generated>)
		at org.egovframe.rte.fdl.security.config.EgovSecurityConfiguration$$SpringCGLIB$$FastClass$$1.invoke(<generated>)
		at org.springframework.cglib.proxy.MethodProxy.invokeSuper(MethodProxy.java:258)
		at org.springframework.context.annotation.ConfigurationClassEnhancer$BeanMethodInterceptor.intercept(ConfigurationClassEnhancer.java:400)
		at org.egovframe.rte.fdl.security.config.EgovSecurityConfiguration$$SpringCGLIB$$0.roleHierarchy(<generated>)
		at java.base/jdk.internal.reflect.DirectMethodHandleAccessor.invoke(DirectMethodHandleAccessor.java:103)
		at java.base/java.lang.reflect.Method.invoke(Method.java:580)
		at org.springframework.beans.factory.support.SimpleInstantiationStrategy.lambda$instantiate$0(SimpleInstantiationStrategy.java:172)
		at org.springframework.beans.factory.support.SimpleInstantiationStrategy.instantiateWithFactoryMethod(SimpleInstantiationStrategy.java:89)
		at org.springframework.beans.factory.support.SimpleInstantiationStrategy.instantiate(SimpleInstantiationStrategy.java:169)
		at org.springframework.beans.factory.support.ConstructorResolver.instantiate(ConstructorResolver.java:653)
		at org.springframework.beans.factory.support.ConstructorResolver.instantiateUsingFactoryMethod(ConstructorResolver.java:489)
		at org.springframework.beans.factory.support.AbstractAutowireCapableBeanFactory.instantiateUsingFactoryMethod(AbstractAutowireCapableBeanFactory.java:1375)
		at org.springframework.beans.factory.support.AbstractAutowireCapableBeanFactory.createBeanInstance(AbstractAutowireCapableBeanFactory.java:1205)
		at org.springframework.beans.factory.support.AbstractAutowireCapableBeanFactory.doCreateBean(AbstractAutowireCapableBeanFactory.java:569)
		at org.springframework.beans.factory.support.AbstractAutowireCapableBeanFactory.createBean(AbstractAutowireCapableBeanFactory.java:529)
		at org.springframework.beans.factory.support.AbstractBeanFactory.lambda$doGetBean$0(AbstractBeanFactory.java:339)
		at org.springframework.beans.factory.support.DefaultSingletonBeanRegistry.getSingleton(DefaultSingletonBeanRegistry.java:373)
		at org.springframework.beans.factory.support.AbstractBeanFactory.doGetBean(AbstractBeanFactory.java:337)
		at org.springframework.beans.factory.support.AbstractBeanFactory.getBean(AbstractBeanFactory.java:202)
		at org.springframework.context.annotation.ConfigurationClassEnhancer$BeanMethodInterceptor.resolveBeanReference(ConfigurationClassEnhancer.java:432)
		at org.springframework.context.annotation.ConfigurationClassEnhancer$BeanMethodInterceptor.intercept(ConfigurationClassEnhancer.java:403)
		at org.egovframe.rte.fdl.security.config.EgovSecurityConfiguration$$SpringCGLIB$$0.roleHierarchy(<generated>)
		at org.egovframe.rte.fdl.security.config.EgovSecurityConfiguration.jdbcUserService(EgovSecurityConfiguration.java:225)
		at org.egovframe.rte.fdl.security.config.EgovSecurityConfiguration$$SpringCGLIB$$0.CGLIB$jdbcUserService$10(<generated>)
		at org.egovframe.rte.fdl.security.config.EgovSecurityConfiguration$$SpringCGLIB$$FastClass$$1.invoke(<generated>)
		at org.springframework.cglib.proxy.MethodProxy.invokeSuper(MethodProxy.java:258)
		at org.springframework.context.annotation.ConfigurationClassEnhancer$BeanMethodInterceptor.intercept(ConfigurationClassEnhancer.java:400)
		at org.egovframe.rte.fdl.security.config.EgovSecurityConfiguration$$SpringCGLIB$$0.jdbcUserService(<generated>)
		at java.base/jdk.internal.reflect.DirectMethodHandleAccessor.invoke(DirectMethodHandleAccessor.java:103)
		at java.base/java.lang.reflect.Method.invoke(Method.java:580)
		at org.springframework.beans.factory.support.SimpleInstantiationStrategy.lambda$instantiate$0(SimpleInstantiationStrategy.java:172)
		at org.springframework.beans.factory.support.SimpleInstantiationStrategy.instantiateWithFactoryMethod(SimpleInstantiationStrategy.java:89)
		at org.springframework.beans.factory.support.SimpleInstantiationStrategy.instantiate(SimpleInstantiationStrategy.java:169)
		at org.springframework.beans.factory.support.ConstructorResolver.instantiate(ConstructorResolver.java:653)
		at org.springframework.beans.factory.support.ConstructorResolver.instantiateUsingFactoryMethod(ConstructorResolver.java:489)
		at org.springframework.beans.factory.support.AbstractAutowireCapableBeanFactory.instantiateUsingFactoryMethod(AbstractAutowireCapableBeanFactory.java:1375)
		at org.springframework.beans.factory.support.AbstractAutowireCapableBeanFactory.createBeanInstance(AbstractAutowireCapableBeanFactory.java:1205)
		at org.springframework.beans.factory.support.AbstractAutowireCapableBeanFactory.doCreateBean(AbstractAutowireCapableBeanFactory.java:569)
		at org.springframework.beans.factory.support.AbstractAutowireCapableBeanFactory.createBean(AbstractAutowireCapableBeanFactory.java:529)
		at org.springframework.beans.factory.support.AbstractBeanFactory.lambda$doGetBean$0(AbstractBeanFactory.java:339)
		at org.springframework.beans.factory.support.DefaultSingletonBeanRegistry.getSingleton(DefaultSingletonBeanRegistry.java:373)
		at org.springframework.beans.factory.support.AbstractBeanFactory.doGetBean(AbstractBeanFactory.java:337)
		at org.springframework.beans.factory.support.AbstractBeanFactory.getBean(AbstractBeanFactory.java:202)
		at org.springframework.context.annotation.ConfigurationClassEnhancer$BeanMethodInterceptor.resolveBeanReference(ConfigurationClassEnhancer.java:432)
		at org.springframework.context.annotation.ConfigurationClassEnhancer$BeanMethodInterceptor.intercept(ConfigurationClassEnhancer.java:403)
		at org.egovframe.rte.fdl.security.config.EgovSecurityConfiguration$$SpringCGLIB$$0.jdbcUserService(<generated>)
		at org.egovframe.rte.fdl.security.config.EgovSecurityConfiguration.authenticationManager(EgovSecurityConfiguration.java:206)
		at org.egovframe.rte.fdl.security.config.EgovSecurityConfiguration$$SpringCGLIB$$0.CGLIB$authenticationManager$1(<generated>)
		at org.egovframe.rte.fdl.security.config.EgovSecurityConfiguration$$SpringCGLIB$$FastClass$$1.invoke(<generated>)
		at org.springframework.cglib.proxy.MethodProxy.invokeSuper(MethodProxy.java:258)
		at org.springframework.context.annotation.ConfigurationClassEnhancer$BeanMethodInterceptor.intercept(ConfigurationClassEnhancer.java:400)
		at org.egovframe.rte.fdl.security.config.EgovSecurityConfiguration$$SpringCGLIB$$0.authenticationManager(<generated>)
		at java.base/jdk.internal.reflect.DirectMethodHandleAccessor.invoke(DirectMethodHandleAccessor.java:103)
		at java.base/java.lang.reflect.Method.invoke(Method.java:580)
		at org.springframework.beans.factory.support.SimpleInstantiationStrategy.lambda$instantiate$0(SimpleInstantiationStrategy.java:172)
		at org.springframework.beans.factory.support.SimpleInstantiationStrategy.instantiateWithFactoryMethod(SimpleInstantiationStrategy.java:89)
		at org.springframework.beans.factory.support.SimpleInstantiationStrategy.instantiate(SimpleInstantiationStrategy.java:169)
		at org.springframework.beans.factory.support.ConstructorResolver.instantiate(ConstructorResolver.java:653)
		at org.springframework.beans.factory.support.ConstructorResolver.instantiateUsingFactoryMethod(ConstructorResolver.java:489)
		at org.springframework.beans.factory.support.AbstractAutowireCapableBeanFactory.instantiateUsingFactoryMethod(AbstractAutowireCapableBeanFactory.java:1375)
		at org.springframework.beans.factory.support.AbstractAutowireCapableBeanFactory.createBeanInstance(AbstractAutowireCapableBeanFactory.java:1205)
		at org.springframework.beans.factory.support.AbstractAutowireCapableBeanFactory.doCreateBean(AbstractAutowireCapableBeanFactory.java:569)
		at org.springframework.beans.factory.support.AbstractAutowireCapableBeanFactory.createBean(AbstractAutowireCapableBeanFactory.java:529)
		at org.springframework.beans.factory.support.AbstractBeanFactory.lambda$doGetBean$0(AbstractBeanFactory.java:339)
		at org.springframework.beans.factory.support.DefaultSingletonBeanRegistry.getSingleton(DefaultSingletonBeanRegistry.java:373)
		at org.springframework.beans.factory.support.AbstractBeanFactory.doGetBean(AbstractBeanFactory.java:337)
		at org.springframework.beans.factory.support.AbstractBeanFactory.getBean(AbstractBeanFactory.java:202)
		at org.springframework.beans.factory.config.DependencyDescriptor.resolveCandidate(DependencyDescriptor.java:254)
		at org.springframework.beans.factory.support.DefaultListableBeanFactory.doResolveDependency(DefaultListableBeanFactory.java:1760)
		at org.springframework.beans.factory.support.DefaultListableBeanFactory.resolveDependency(DefaultListableBeanFactory.java:1643)
		at org.springframework.beans.factory.support.ConstructorResolver.resolveAutowiredArgument(ConstructorResolver.java:913)
		at org.springframework.beans.factory.support.ConstructorResolver.createArgumentArray(ConstructorResolver.java:791)
		at org.springframework.beans.factory.support.ConstructorResolver.autowireConstructor(ConstructorResolver.java:240)
		at org.springframework.beans.factory.support.AbstractAutowireCapableBeanFactory.autowireConstructor(AbstractAutowireCapableBeanFactory.java:1395)
		at org.springframework.beans.factory.support.AbstractAutowireCapableBeanFactory.createBeanInstance(AbstractAutowireCapableBeanFactory.java:1232)
		at org.springframework.beans.factory.support.AbstractAutowireCapableBeanFactory.doCreateBean(AbstractAutowireCapableBeanFactory.java:569)
		at org.springframework.beans.factory.support.AbstractAutowireCapableBeanFactory.createBean(AbstractAutowireCapableBeanFactory.java:529)
		at org.springframework.beans.factory.support.AbstractBeanFactory.lambda$doGetBean$0(AbstractBeanFactory.java:339)
		at org.springframework.beans.factory.support.DefaultSingletonBeanRegistry.getSingleton(DefaultSingletonBeanRegistry.java:373)
		at org.springframework.beans.factory.support.AbstractBeanFactory.doGetBean(AbstractBeanFactory.java:337)
		at org.springframework.beans.factory.support.AbstractBeanFactory.getBean(AbstractBeanFactory.java:202)
		at org.springframework.beans.factory.support.DefaultListableBeanFactory.instantiateSingleton(DefaultListableBeanFactory.java:1221)
		at org.springframework.beans.factory.support.DefaultListableBeanFactory.preInstantiateSingleton(DefaultListableBeanFactory.java:1187)
		at org.springframework.beans.factory.support.DefaultListableBeanFactory.preInstantiateSingletons(DefaultListableBeanFactory.java:1123)
		at org.springframework.context.support.AbstractApplicationContext.finishBeanFactoryInitialization(AbstractApplicationContext.java:987)
		at org.springframework.context.support.AbstractApplicationContext.refresh(AbstractApplicationContext.java:627)
		at org.springframework.web.servlet.FrameworkServlet.configureAndRefreshWebApplicationContext(FrameworkServlet.java:706)
		at org.springframework.web.servlet.FrameworkServlet.createWebApplicationContext(FrameworkServlet.java:672)
		at org.springframework.web.servlet.FrameworkServlet.createWebApplicationContext(FrameworkServlet.java:720)
		at org.springframework.web.servlet.FrameworkServlet.initWebApplicationContext(FrameworkServlet.java:595)
		at org.springframework.web.servlet.FrameworkServlet.initServletBean(FrameworkServlet.java:537)
		at org.springframework.web.servlet.HttpServletBean.init(HttpServletBean.java:169)
		at jakarta.servlet.GenericServlet.init(GenericServlet.java:143)
		at jakarta.servlet.http.HttpServlet.init(HttpServlet.java:121)
		at org.apache.catalina.core.StandardWrapper.initServlet(StandardWrapper.java:840)
		at org.apache.catalina.core.StandardWrapper.loadServlet(StandardWrapper.java:797)
		at org.apache.catalina.core.StandardWrapper.load(StandardWrapper.java:701)
		at org.apache.catalina.core.StandardContext.loadOnStartup(StandardContext.java:4209)
		at org.apache.catalina.core.StandardContext.startInternal(StandardContext.java:4496)
		at org.apache.catalina.util.LifecycleBase.start(LifecycleBase.java:164)
		at org.apache.catalina.core.ContainerBase.addChildInternal(ContainerBase.java:597)
		at org.apache.catalina.core.ContainerBase.addChild(ContainerBase.java:569)
		at org.apache.catalina.core.StandardHost.addChild(StandardHost.java:665)
		at org.apache.catalina.startup.HostConfig.deployWAR(HostConfig.java:962)
		at org.apache.catalina.startup.HostConfig$DeployWar.run(HostConfig.java:1900)
		at java.base/java.util.concurrent.Executors$RunnableAdapter.call(Executors.java:572)
		at java.base/java.util.concurrent.FutureTask.run(FutureTask.java:317)
		at org.apache.tomcat.util.threads.InlineExecutorService.execute(InlineExecutorService.java:81)
		at java.base/java.util.concurrent.AbstractExecutorService.submit(AbstractExecutorService.java:123)
		at org.apache.catalina.startup.HostConfig.deployWARs(HostConfig.java:766)
		at org.apache.catalina.startup.HostConfig.deployApps(HostConfig.java:417)
		at org.apache.catalina.startup.HostConfig.start(HostConfig.java:1618)
		at org.apache.catalina.startup.HostConfig.lifecycleEvent(HostConfig.java:300)
		at org.apache.catalina.util.LifecycleBase.fireLifecycleEvent(LifecycleBase.java:109)
		at org.apache.catalina.util.LifecycleBase.setStateInternal(LifecycleBase.java:389)
		at org.apache.catalina.util.LifecycleBase.setState(LifecycleBase.java:336)
		at org.apache.catalina.core.ContainerBase.startInternal(ContainerBase.java:774)
		at org.apache.catalina.core.StandardHost.startInternal(StandardHost.java:783)
		at org.apache.catalina.util.LifecycleBase.start(LifecycleBase.java:164)
		at org.apache.catalina.core.ContainerBase$StartChild.call(ContainerBase.java:1201)
		at org.apache.catalina.core.ContainerBase$StartChild.call(ContainerBase.java:1191)
		at java.base/java.util.concurrent.FutureTask.run(FutureTask.java:317)
		at org.apache.tomcat.util.threads.InlineExecutorService.execute(InlineExecutorService.java:81)
		at java.base/java.util.concurrent.AbstractExecutorService.submit(AbstractExecutorService.java:145)
		at org.apache.catalina.core.ContainerBase.startInternal(ContainerBase.java:747)
		at org.apache.catalina.core.StandardEngine.startInternal(StandardEngine.java:201)
		at org.apache.catalina.util.LifecycleBase.start(LifecycleBase.java:164)
		at org.apache.catalina.core.StandardService.startInternal(StandardService.java:410)
		at org.apache.catalina.util.LifecycleBase.start(LifecycleBase.java:164)
		at org.apache.catalina.core.StandardServer.startInternal(StandardServer.java:868)
		at org.apache.catalina.util.LifecycleBase.start(LifecycleBase.java:164)
		at org.apache.catalina.startup.Catalina.start(Catalina.java:758)
		at java.base/jdk.internal.reflect.DirectMethodHandleAccessor.invoke(DirectMethodHandleAccessor.java:103)
		at java.base/java.lang.reflect.Method.invoke(Method.java:580)
		at org.apache.catalina.startup.Bootstrap.start(Bootstrap.java:342)
		at org.apache.catalina.startup.Bootstrap.main(Bootstrap.java:473)
15-Dec-2025 16:02:29.372 정보 [main] org.apache.catalina.core.ApplicationContext.log ContextListener: contextInitialized()
15-Dec-2025 16:02:29.373 정보 [main] org.apache.catalina.core.ApplicationContext.log SessionListener: contextInitialized()
15-Dec-2025 16:02:29.377 정보 [main] org.apache.catalina.core.ApplicationContext.log ContextListener: attributeAdded('StockTicker', 'async.Stockticker@36ac7956')
15-Dec-2025 16:02:34.145 심각 [http-nio-8080-exec-1] org.apache.catalina.core.StandardWrapperValve.invoke 경로가 []인 컨텍스트의 서블릿 [jsp]을(를) 위한 Servlet.service() 호출이 예외를 발생시켰습니다.
	java.lang.IllegalStateException: No WebApplicationContext found: no ContextLoaderListener or DispatcherServlet registered?
		at org.springframework.web.filter.DelegatingFilterProxy.doFilter(DelegatingFilterProxy.java:265)
		at org.apache.catalina.core.ApplicationFilterChain.internalDoFilter(ApplicationFilterChain.java:162)
		at org.apache.catalina.core.ApplicationFilterChain.doFilter(ApplicationFilterChain.java:138)
		at org.apache.catalina.core.StandardWrapperValve.invoke(StandardWrapperValve.java:165)
		at org.apache.catalina.core.StandardContextValve.invoke(StandardContextValve.java:88)
		at org.apache.catalina.authenticator.AuthenticatorBase.invoke(AuthenticatorBase.java:482)
		at org.apache.catalina.core.StandardHostValve.invoke(StandardHostValve.java:113)
		at org.apache.catalina.valves.ErrorReportValve.invoke(ErrorReportValve.java:83)
		at org.apache.catalina.valves.AbstractAccessLogValve.invoke(AbstractAccessLogValve.java:654)
		at org.apache.catalina.core.StandardEngineValve.invoke(StandardEngineValve.java:72)
		at org.apache.catalina.connector.CoyoteAdapter.service(CoyoteAdapter.java:342)
		at org.apache.coyote.http11.Http11Processor.service(Http11Processor.java:399)
		at org.apache.coyote.AbstractProcessorLight.process(AbstractProcessorLight.java:63)
		at org.apache.coyote.AbstractProtocol$ConnectionHandler.process(AbstractProtocol.java:903)
		at org.apache.tomcat.util.net.NioEndpoint$SocketProcessor.doRun(NioEndpoint.java:1774)
		at org.apache.tomcat.util.net.SocketProcessorBase.run(SocketProcessorBase.java:52)
		at org.apache.tomcat.util.threads.ThreadPoolExecutor.runWorker(ThreadPoolExecutor.java:973)
		at org.apache.tomcat.util.threads.ThreadPoolExecutor$Worker.run(ThreadPoolExecutor.java:491)
		at org.apache.tomcat.util.threads.TaskThread$WrappingRunnable.run(TaskThread.java:63)
		at java.base/java.lang.Thread.run(Thread.java:1583)
15-Dec-2025 16:04:16.600 정보 [main] org.apache.catalina.core.ApplicationContext.log Closing Spring root WebApplicationContext
15-Dec-2025 16:04:16.699 정보 [main] org.apache.catalina.core.ApplicationContext.log SessionListener: contextDestroyed()
15-Dec-2025 16:04:16.700 정보 [main] org.apache.catalina.core.ApplicationContext.log ContextListener: contextDestroyed()
15-Dec-2025 16:04:27.547 정보 [main] org.apache.catalina.core.ApplicationContext.log No Spring WebApplicationInitializer types detected on classpath
15-Dec-2025 16:04:27.557 정보 [main] org.apache.catalina.core.ApplicationContext.log Initializing Spring root WebApplicationContext
15-Dec-2025 16:04:33.935 정보 [main] org.apache.catalina.core.ApplicationContext.log Initializing Spring DispatcherServlet 'action'
15-Dec-2025 16:04:37.714 심각 [main] org.apache.catalina.core.ApplicationContext.log 서블릿 [action]을(를) 위한 Servlet.init() 호출이 예외를 발생시켰습니다.
	org.springframework.beans.factory.UnsatisfiedDependencyException: Error creating bean with name 'org.springframework.security.config.annotation.web.configuration.WebSecurityConfiguration': Unsatisfied dependency expressed through method 'setFilterChains' parameter 0: Error creating bean with name 'securityFilterChain' defined in org.egovframe.rte.fdl.security.config.EgovSecurityConfiguration: Failed to instantiate [org.springframework.security.web.SecurityFilterChain]: Factory method 'securityFilterChain' threw exception with message: StatementCallback; bad SQL grammar [SELECT a.ROLE_PTTRN url, b.AUTHOR_CODE authority FROM LETTNROLEINFO a, LETTNAUTHORROLERELATE b WHERE a.ROLE_CODE = b.ROLE_CODE AND a.ROLE_TY = 'url' ORDER BY a.ROLE_SORT]
		at org.springframework.beans.factory.annotation.AutowiredAnnotationBeanPostProcessor$AutowiredMethodElement.resolveMethodArguments(AutowiredAnnotationBeanPostProcessor.java:896)
		at org.springframework.beans.factory.annotation.AutowiredAnnotationBeanPostProcessor$AutowiredMethodElement.inject(AutowiredAnnotationBeanPostProcessor.java:849)
		at org.springframework.beans.factory.annotation.InjectionMetadata.inject(InjectionMetadata.java:146)
		at org.springframework.beans.factory.annotation.AutowiredAnnotationBeanPostProcessor.postProcessProperties(AutowiredAnnotationBeanPostProcessor.java:509)
		at org.springframework.beans.factory.support.AbstractAutowireCapableBeanFactory.populateBean(AbstractAutowireCapableBeanFactory.java:1459)
		at org.springframework.beans.factory.support.AbstractAutowireCapableBeanFactory.doCreateBean(AbstractAutowireCapableBeanFactory.java:606)
		at org.springframework.beans.factory.support.AbstractAutowireCapableBeanFactory.createBean(AbstractAutowireCapableBeanFactory.java:529)
		at org.springframework.beans.factory.support.AbstractBeanFactory.lambda$doGetBean$0(AbstractBeanFactory.java:339)
		at org.springframework.beans.factory.support.DefaultSingletonBeanRegistry.getSingleton(DefaultSingletonBeanRegistry.java:373)
		at org.springframework.beans.factory.support.AbstractBeanFactory.doGetBean(AbstractBeanFactory.java:337)
		at org.springframework.beans.factory.support.AbstractBeanFactory.getBean(AbstractBeanFactory.java:202)
		at org.springframework.beans.factory.support.DefaultListableBeanFactory.instantiateSingleton(DefaultListableBeanFactory.java:1221)
		at org.springframework.beans.factory.support.DefaultListableBeanFactory.preInstantiateSingleton(DefaultListableBeanFactory.java:1187)
		at org.springframework.beans.factory.support.DefaultListableBeanFactory.preInstantiateSingletons(DefaultListableBeanFactory.java:1123)
		at org.springframework.context.support.AbstractApplicationContext.finishBeanFactoryInitialization(AbstractApplicationContext.java:987)
		at org.springframework.context.support.AbstractApplicationContext.refresh(AbstractApplicationContext.java:627)
		at org.springframework.web.servlet.FrameworkServlet.configureAndRefreshWebApplicationContext(FrameworkServlet.java:706)
		at org.springframework.web.servlet.FrameworkServlet.createWebApplicationContext(FrameworkServlet.java:672)
		at org.springframework.web.servlet.FrameworkServlet.createWebApplicationContext(FrameworkServlet.java:720)
		at org.springframework.web.servlet.FrameworkServlet.initWebApplicationContext(FrameworkServlet.java:595)
		at org.springframework.web.servlet.FrameworkServlet.initServletBean(FrameworkServlet.java:537)
		at org.springframework.web.servlet.HttpServletBean.init(HttpServletBean.java:169)
		at jakarta.servlet.GenericServlet.init(GenericServlet.java:143)
		at jakarta.servlet.http.HttpServlet.init(HttpServlet.java:121)
		at org.apache.catalina.core.StandardWrapper.initServlet(StandardWrapper.java:840)
		at org.apache.catalina.core.StandardWrapper.loadServlet(StandardWrapper.java:797)
		at org.apache.catalina.core.StandardWrapper.load(StandardWrapper.java:701)
		at org.apache.catalina.core.StandardContext.loadOnStartup(StandardContext.java:4209)
		at org.apache.catalina.core.StandardContext.startInternal(StandardContext.java:4496)
		at org.apache.catalina.util.LifecycleBase.start(LifecycleBase.java:164)
		at org.apache.catalina.core.ContainerBase.addChildInternal(ContainerBase.java:597)
		at org.apache.catalina.core.ContainerBase.addChild(ContainerBase.java:569)
		at org.apache.catalina.core.StandardHost.addChild(StandardHost.java:665)
		at org.apache.catalina.startup.HostConfig.deployWAR(HostConfig.java:962)
		at org.apache.catalina.startup.HostConfig$DeployWar.run(HostConfig.java:1900)
		at java.base/java.util.concurrent.Executors$RunnableAdapter.call(Executors.java:572)
		at java.base/java.util.concurrent.FutureTask.run(FutureTask.java:317)
		at org.apache.tomcat.util.threads.InlineExecutorService.execute(InlineExecutorService.java:81)
		at java.base/java.util.concurrent.AbstractExecutorService.submit(AbstractExecutorService.java:123)
		at org.apache.catalina.startup.HostConfig.deployWARs(HostConfig.java:766)
		at org.apache.catalina.startup.HostConfig.deployApps(HostConfig.java:417)
		at org.apache.catalina.startup.HostConfig.start(HostConfig.java:1618)
		at org.apache.catalina.startup.HostConfig.lifecycleEvent(HostConfig.java:300)
		at org.apache.catalina.util.LifecycleBase.fireLifecycleEvent(LifecycleBase.java:109)
		at org.apache.catalina.util.LifecycleBase.setStateInternal(LifecycleBase.java:389)
		at org.apache.catalina.util.LifecycleBase.setState(LifecycleBase.java:336)
		at org.apache.catalina.core.ContainerBase.startInternal(ContainerBase.java:774)
		at org.apache.catalina.core.StandardHost.startInternal(StandardHost.java:783)
		at org.apache.catalina.util.LifecycleBase.start(LifecycleBase.java:164)
		at org.apache.catalina.core.ContainerBase$StartChild.call(ContainerBase.java:1201)
		at org.apache.catalina.core.ContainerBase$StartChild.call(ContainerBase.java:1191)
		at java.base/java.util.concurrent.FutureTask.run(FutureTask.java:317)
		at org.apache.tomcat.util.threads.InlineExecutorService.execute(InlineExecutorService.java:81)
		at java.base/java.util.concurrent.AbstractExecutorService.submit(AbstractExecutorService.java:145)
		at org.apache.catalina.core.ContainerBase.startInternal(ContainerBase.java:747)
		at org.apache.catalina.core.StandardEngine.startInternal(StandardEngine.java:201)
		at org.apache.catalina.util.LifecycleBase.start(LifecycleBase.java:164)
		at org.apache.catalina.core.StandardService.startInternal(StandardService.java:410)
		at org.apache.catalina.util.LifecycleBase.start(LifecycleBase.java:164)
		at org.apache.catalina.core.StandardServer.startInternal(StandardServer.java:868)
		at org.apache.catalina.util.LifecycleBase.start(LifecycleBase.java:164)
		at org.apache.catalina.startup.Catalina.start(Catalina.java:758)
		at java.base/jdk.internal.reflect.DirectMethodHandleAccessor.invoke(DirectMethodHandleAccessor.java:103)
		at java.base/java.lang.reflect.Method.invoke(Method.java:580)
		at org.apache.catalina.startup.Bootstrap.start(Bootstrap.java:342)
		at org.apache.catalina.startup.Bootstrap.main(Bootstrap.java:473)
	Caused by: org.springframework.beans.factory.BeanCreationException: Error creating bean with name 'securityFilterChain' defined in org.egovframe.rte.fdl.security.config.EgovSecurityConfiguration: Failed to instantiate [org.springframework.security.web.SecurityFilterChain]: Factory method 'securityFilterChain' threw exception with message: StatementCallback; bad SQL grammar [SELECT a.ROLE_PTTRN url, b.AUTHOR_CODE authority FROM LETTNROLEINFO a, LETTNAUTHORROLERELATE b WHERE a.ROLE_CODE = b.ROLE_CODE AND a.ROLE_TY = 'url' ORDER BY a.ROLE_SORT]
		at org.springframework.beans.factory.support.ConstructorResolver.instantiate(ConstructorResolver.java:657)
		at org.springframework.beans.factory.support.ConstructorResolver.instantiateUsingFactoryMethod(ConstructorResolver.java:645)
		at org.springframework.beans.factory.support.AbstractAutowireCapableBeanFactory.instantiateUsingFactoryMethod(AbstractAutowireCapableBeanFactory.java:1375)
		at org.springframework.beans.factory.support.AbstractAutowireCapableBeanFactory.createBeanInstance(AbstractAutowireCapableBeanFactory.java:1205)
		at org.springframework.beans.factory.support.AbstractAutowireCapableBeanFactory.doCreateBean(AbstractAutowireCapableBeanFactory.java:569)
		at org.springframework.beans.factory.support.AbstractAutowireCapableBeanFactory.createBean(AbstractAutowireCapableBeanFactory.java:529)
		at org.springframework.beans.factory.support.AbstractBeanFactory.lambda$doGetBean$0(AbstractBeanFactory.java:339)
		at org.springframework.beans.factory.support.DefaultSingletonBeanRegistry.getSingleton(DefaultSingletonBeanRegistry.java:373)
		at org.springframework.beans.factory.support.AbstractBeanFactory.doGetBean(AbstractBeanFactory.java:337)
		at org.springframework.beans.factory.support.AbstractBeanFactory.getBean(AbstractBeanFactory.java:202)
		at org.springframework.beans.factory.config.DependencyDescriptor.resolveCandidate(DependencyDescriptor.java:254)
		at org.springframework.beans.factory.support.DefaultListableBeanFactory.addCandidateEntry(DefaultListableBeanFactory.java:2011)
		at org.springframework.beans.factory.support.DefaultListableBeanFactory.findAutowireCandidates(DefaultListableBeanFactory.java:1975)
		at org.springframework.beans.factory.support.DefaultListableBeanFactory.resolveMultipleBeanCollection(DefaultListableBeanFactory.java:1865)
		at org.springframework.beans.factory.support.DefaultListableBeanFactory.resolveMultipleBeans(DefaultListableBeanFactory.java:1833)
		at org.springframework.beans.factory.support.DefaultListableBeanFactory.doResolveDependency(DefaultListableBeanFactory.java:1709)
		at org.springframework.beans.factory.support.DefaultListableBeanFactory.resolveDependency(DefaultListableBeanFactory.java:1643)
		at org.springframework.beans.factory.annotation.AutowiredAnnotationBeanPostProcessor$AutowiredMethodElement.resolveMethodArguments(AutowiredAnnotationBeanPostProcessor.java:888)
		... 65 more
	Caused by: org.springframework.beans.BeanInstantiationException: Failed to instantiate [org.springframework.security.web.SecurityFilterChain]: Factory method 'securityFilterChain' threw exception with message: StatementCallback; bad SQL grammar [SELECT a.ROLE_PTTRN url, b.AUTHOR_CODE authority FROM LETTNROLEINFO a, LETTNAUTHORROLERELATE b WHERE a.ROLE_CODE = b.ROLE_CODE AND a.ROLE_TY = 'url' ORDER BY a.ROLE_SORT]
		at org.springframework.beans.factory.support.SimpleInstantiationStrategy.lambda$instantiate$0(SimpleInstantiationStrategy.java:200)
		at org.springframework.beans.factory.support.SimpleInstantiationStrategy.instantiateWithFactoryMethod(SimpleInstantiationStrategy.java:89)
		at org.springframework.beans.factory.support.SimpleInstantiationStrategy.instantiate(SimpleInstantiationStrategy.java:169)
		at org.springframework.beans.factory.support.ConstructorResolver.instantiate(ConstructorResolver.java:653)
		... 82 more
	Caused by: org.springframework.jdbc.BadSqlGrammarException: StatementCallback; bad SQL grammar [SELECT a.ROLE_PTTRN url, b.AUTHOR_CODE authority FROM LETTNROLEINFO a, LETTNAUTHORROLERELATE b WHERE a.ROLE_CODE = b.ROLE_CODE AND a.ROLE_TY = 'url' ORDER BY a.ROLE_SORT]
		at org.springframework.jdbc.support.SQLErrorCodeSQLExceptionTranslator.doTranslate(SQLErrorCodeSQLExceptionTranslator.java:246)
		at org.springframework.jdbc.support.AbstractFallbackSQLExceptionTranslator.translate(AbstractFallbackSQLExceptionTranslator.java:107)
		at org.springframework.jdbc.core.JdbcTemplate.translateException(JdbcTemplate.java:1556)
		at org.springframework.jdbc.core.JdbcTemplate.execute(JdbcTemplate.java:408)
		at org.springframework.jdbc.core.JdbcTemplate.query(JdbcTemplate.java:476)
		at org.springframework.jdbc.core.JdbcTemplate.query(JdbcTemplate.java:481)
		at org.egovframe.rte.fdl.security.config.EgovSecurityConfiguration.loadUrlAuthorizationsFromDb(EgovSecurityConfiguration.java:112)
		at org.egovframe.rte.fdl.security.config.EgovSecurityConfiguration.securityFilterChain(EgovSecurityConfiguration.java:352)
		at org.egovframe.rte.fdl.security.config.EgovSecurityConfiguration$$SpringCGLIB$$0.CGLIB$securityFilterChain$12(<generated>)
		at org.egovframe.rte.fdl.security.config.EgovSecurityConfiguration$$SpringCGLIB$$FastClass$$1.invoke(<generated>)
		at org.springframework.cglib.proxy.MethodProxy.invokeSuper(MethodProxy.java:258)
		at org.springframework.context.annotation.ConfigurationClassEnhancer$BeanMethodInterceptor.intercept(ConfigurationClassEnhancer.java:400)
		at org.egovframe.rte.fdl.security.config.EgovSecurityConfiguration$$SpringCGLIB$$0.securityFilterChain(<generated>)
		at java.base/jdk.internal.reflect.DirectMethodHandleAccessor.invoke(DirectMethodHandleAccessor.java:103)
		at java.base/java.lang.reflect.Method.invoke(Method.java:580)
		at org.springframework.beans.factory.support.SimpleInstantiationStrategy.lambda$instantiate$0(SimpleInstantiationStrategy.java:172)
		... 85 more
	Caused by: cubrid.jdbc.driver.CUBRIDException: Syntax: before '  ORDER BY a.ROLE_SORT'
Unknown class "dba.lettnroleinfo". select a.ROLE_PTTRN, b.AUTHOR_CODE from [dba.LETTNROLEINFO] ...[CAS INFO-localhost:33000,1,41],[SESSION-22],[URL-jdbc:cubrid:localhost:33000:demodb:dba:********:?charset=utf-8].
		at cubrid.jdbc.jci.UConnection.createJciException(UConnection.java:1992)
		at cubrid.jdbc.jci.UInputBuffer.<init>(UInputBuffer.java:176)
		at cubrid.jdbc.jci.UConnection.send_recv_msg(UConnection.java:1854)
		at cubrid.jdbc.jci.UConnection.send_recv_msg(UConnection.java:1866)
		at cubrid.jdbc.jci.UConnection.prepareInternal(UConnection.java:1321)
		at cubrid.jdbc.jci.UConnection.prepare(UConnection.java:822)
		at cubrid.jdbc.jci.UConnection.prepare(UConnection.java:804)
		at cubrid.jdbc.driver.CUBRIDConnection.prepare(CUBRIDConnection.java:668)
		at cubrid.jdbc.driver.CUBRIDStatement.prepare(CUBRIDStatement.java:995)
		at cubrid.jdbc.driver.CUBRIDStatement.executeQuery(CUBRIDStatement.java:148)
		at org.apache.commons.dbcp2.DelegatingStatement.executeQuery(DelegatingStatement.java:319)
		at org.apache.commons.dbcp2.DelegatingStatement.executeQuery(DelegatingStatement.java:319)
		at org.springframework.jdbc.core.JdbcTemplate$1QueryStatementCallback.doInStatement(JdbcTemplate.java:463)
		at org.springframework.jdbc.core.JdbcTemplate.execute(JdbcTemplate.java:393)
		... 97 more
15-Dec-2025 16:04:37.714 심각 [main] org.apache.catalina.core.StandardContext.loadOnStartup 웹 애플리케이션 [] 내의 서블릿 [action]이(가) load() 예외를 발생시켰습니다.
	cubrid.jdbc.driver.CUBRIDException: Syntax: before '  ORDER BY a.ROLE_SORT'
Unknown class "dba.lettnroleinfo". select a.ROLE_PTTRN, b.AUTHOR_CODE from [dba.LETTNROLEINFO] ...[CAS INFO-localhost:33000,1,41],[SESSION-22],[URL-jdbc:cubrid:localhost:33000:demodb:dba:********:?charset=utf-8].
		at cubrid.jdbc.jci.UConnection.createJciException(UConnection.java:1992)
		at cubrid.jdbc.jci.UInputBuffer.<init>(UInputBuffer.java:176)
		at cubrid.jdbc.jci.UConnection.send_recv_msg(UConnection.java:1854)
		at cubrid.jdbc.jci.UConnection.send_recv_msg(UConnection.java:1866)
		at cubrid.jdbc.jci.UConnection.prepareInternal(UConnection.java:1321)
		at cubrid.jdbc.jci.UConnection.prepare(UConnection.java:822)
		at cubrid.jdbc.jci.UConnection.prepare(UConnection.java:804)
		at cubrid.jdbc.driver.CUBRIDConnection.prepare(CUBRIDConnection.java:668)
		at cubrid.jdbc.driver.CUBRIDStatement.prepare(CUBRIDStatement.java:995)
		at cubrid.jdbc.driver.CUBRIDStatement.executeQuery(CUBRIDStatement.java:148)
		at org.apache.commons.dbcp2.DelegatingStatement.executeQuery(DelegatingStatement.java:319)
		at org.apache.commons.dbcp2.DelegatingStatement.executeQuery(DelegatingStatement.java:319)
		at org.springframework.jdbc.core.JdbcTemplate$1QueryStatementCallback.doInStatement(JdbcTemplate.java:463)
		at org.springframework.jdbc.core.JdbcTemplate.execute(JdbcTemplate.java:393)
		at org.springframework.jdbc.core.JdbcTemplate.query(JdbcTemplate.java:476)
		at org.springframework.jdbc.core.JdbcTemplate.query(JdbcTemplate.java:481)
		at org.egovframe.rte.fdl.security.config.EgovSecurityConfiguration.loadUrlAuthorizationsFromDb(EgovSecurityConfiguration.java:112)
		at org.egovframe.rte.fdl.security.config.EgovSecurityConfiguration.securityFilterChain(EgovSecurityConfiguration.java:352)
		at org.egovframe.rte.fdl.security.config.EgovSecurityConfiguration$$SpringCGLIB$$0.CGLIB$securityFilterChain$12(<generated>)
		at org.egovframe.rte.fdl.security.config.EgovSecurityConfiguration$$SpringCGLIB$$FastClass$$1.invoke(<generated>)
		at org.springframework.cglib.proxy.MethodProxy.invokeSuper(MethodProxy.java:258)
		at org.springframework.context.annotation.ConfigurationClassEnhancer$BeanMethodInterceptor.intercept(ConfigurationClassEnhancer.java:400)
		at org.egovframe.rte.fdl.security.config.EgovSecurityConfiguration$$SpringCGLIB$$0.securityFilterChain(<generated>)
		at java.base/jdk.internal.reflect.DirectMethodHandleAccessor.invoke(DirectMethodHandleAccessor.java:103)
		at java.base/java.lang.reflect.Method.invoke(Method.java:580)
		at org.springframework.beans.factory.support.SimpleInstantiationStrategy.lambda$instantiate$0(SimpleInstantiationStrategy.java:172)
		at org.springframework.beans.factory.support.SimpleInstantiationStrategy.instantiateWithFactoryMethod(SimpleInstantiationStrategy.java:89)
		at org.springframework.beans.factory.support.SimpleInstantiationStrategy.instantiate(SimpleInstantiationStrategy.java:169)
		at org.springframework.beans.factory.support.ConstructorResolver.instantiate(ConstructorResolver.java:653)
		at org.springframework.beans.factory.support.ConstructorResolver.instantiateUsingFactoryMethod(ConstructorResolver.java:645)
		at org.springframework.beans.factory.support.AbstractAutowireCapableBeanFactory.instantiateUsingFactoryMethod(AbstractAutowireCapableBeanFactory.java:1375)
		at org.springframework.beans.factory.support.AbstractAutowireCapableBeanFactory.createBeanInstance(AbstractAutowireCapableBeanFactory.java:1205)
		at org.springframework.beans.factory.support.AbstractAutowireCapableBeanFactory.doCreateBean(AbstractAutowireCapableBeanFactory.java:569)
		at org.springframework.beans.factory.support.AbstractAutowireCapableBeanFactory.createBean(AbstractAutowireCapableBeanFactory.java:529)
		at org.springframework.beans.factory.support.AbstractBeanFactory.lambda$doGetBean$0(AbstractBeanFactory.java:339)
		at org.springframework.beans.factory.support.DefaultSingletonBeanRegistry.getSingleton(DefaultSingletonBeanRegistry.java:373)
		at org.springframework.beans.factory.support.AbstractBeanFactory.doGetBean(AbstractBeanFactory.java:337)
		at org.springframework.beans.factory.support.AbstractBeanFactory.getBean(AbstractBeanFactory.java:202)
		at org.springframework.beans.factory.config.DependencyDescriptor.resolveCandidate(DependencyDescriptor.java:254)
		at org.springframework.beans.factory.support.DefaultListableBeanFactory.addCandidateEntry(DefaultListableBeanFactory.java:2011)
		at org.springframework.beans.factory.support.DefaultListableBeanFactory.findAutowireCandidates(DefaultListableBeanFactory.java:1975)
		at org.springframework.beans.factory.support.DefaultListableBeanFactory.resolveMultipleBeanCollection(DefaultListableBeanFactory.java:1865)
		at org.springframework.beans.factory.support.DefaultListableBeanFactory.resolveMultipleBeans(DefaultListableBeanFactory.java:1833)
		at org.springframework.beans.factory.support.DefaultListableBeanFactory.doResolveDependency(DefaultListableBeanFactory.java:1709)
		at org.springframework.beans.factory.support.DefaultListableBeanFactory.resolveDependency(DefaultListableBeanFactory.java:1643)
		at org.springframework.beans.factory.annotation.AutowiredAnnotationBeanPostProcessor$AutowiredMethodElement.resolveMethodArguments(AutowiredAnnotationBeanPostProcessor.java:888)
		at org.springframework.beans.factory.annotation.AutowiredAnnotationBeanPostProcessor$AutowiredMethodElement.inject(AutowiredAnnotationBeanPostProcessor.java:849)
		at org.springframework.beans.factory.annotation.InjectionMetadata.inject(InjectionMetadata.java:146)
		at org.springframework.beans.factory.annotation.AutowiredAnnotationBeanPostProcessor.postProcessProperties(AutowiredAnnotationBeanPostProcessor.java:509)
		at org.springframework.beans.factory.support.AbstractAutowireCapableBeanFactory.populateBean(AbstractAutowireCapableBeanFactory.java:1459)
		at org.springframework.beans.factory.support.AbstractAutowireCapableBeanFactory.doCreateBean(AbstractAutowireCapableBeanFactory.java:606)
		at org.springframework.beans.factory.support.AbstractAutowireCapableBeanFactory.createBean(AbstractAutowireCapableBeanFactory.java:529)
		at org.springframework.beans.factory.support.AbstractBeanFactory.lambda$doGetBean$0(AbstractBeanFactory.java:339)
		at org.springframework.beans.factory.support.DefaultSingletonBeanRegistry.getSingleton(DefaultSingletonBeanRegistry.java:373)
		at org.springframework.beans.factory.support.AbstractBeanFactory.doGetBean(AbstractBeanFactory.java:337)
		at org.springframework.beans.factory.support.AbstractBeanFactory.getBean(AbstractBeanFactory.java:202)
		at org.springframework.beans.factory.support.DefaultListableBeanFactory.instantiateSingleton(DefaultListableBeanFactory.java:1221)
		at org.springframework.beans.factory.support.DefaultListableBeanFactory.preInstantiateSingleton(DefaultListableBeanFactory.java:1187)
		at org.springframework.beans.factory.support.DefaultListableBeanFactory.preInstantiateSingletons(DefaultListableBeanFactory.java:1123)
		at org.springframework.context.support.AbstractApplicationContext.finishBeanFactoryInitialization(AbstractApplicationContext.java:987)
		at org.springframework.context.support.AbstractApplicationContext.refresh(AbstractApplicationContext.java:627)
		at org.springframework.web.servlet.FrameworkServlet.configureAndRefreshWebApplicationContext(FrameworkServlet.java:706)
		at org.springframework.web.servlet.FrameworkServlet.createWebApplicationContext(FrameworkServlet.java:672)
		at org.springframework.web.servlet.FrameworkServlet.createWebApplicationContext(FrameworkServlet.java:720)
		at org.springframework.web.servlet.FrameworkServlet.initWebApplicationContext(FrameworkServlet.java:595)
		at org.springframework.web.servlet.FrameworkServlet.initServletBean(FrameworkServlet.java:537)
		at org.springframework.web.servlet.HttpServletBean.init(HttpServletBean.java:169)
		at jakarta.servlet.GenericServlet.init(GenericServlet.java:143)
		at jakarta.servlet.http.HttpServlet.init(HttpServlet.java:121)
		at org.apache.catalina.core.StandardWrapper.initServlet(StandardWrapper.java:840)
		at org.apache.catalina.core.StandardWrapper.loadServlet(StandardWrapper.java:797)
		at org.apache.catalina.core.StandardWrapper.load(StandardWrapper.java:701)
		at org.apache.catalina.core.StandardContext.loadOnStartup(StandardContext.java:4209)
		at org.apache.catalina.core.StandardContext.startInternal(StandardContext.java:4496)
		at org.apache.catalina.util.LifecycleBase.start(LifecycleBase.java:164)
		at org.apache.catalina.core.ContainerBase.addChildInternal(ContainerBase.java:597)
		at org.apache.catalina.core.ContainerBase.addChild(ContainerBase.java:569)
		at org.apache.catalina.core.StandardHost.addChild(StandardHost.java:665)
		at org.apache.catalina.startup.HostConfig.deployWAR(HostConfig.java:962)
		at org.apache.catalina.startup.HostConfig$DeployWar.run(HostConfig.java:1900)
		at java.base/java.util.concurrent.Executors$RunnableAdapter.call(Executors.java:572)
		at java.base/java.util.concurrent.FutureTask.run(FutureTask.java:317)
		at org.apache.tomcat.util.threads.InlineExecutorService.execute(InlineExecutorService.java:81)
		at java.base/java.util.concurrent.AbstractExecutorService.submit(AbstractExecutorService.java:123)
		at org.apache.catalina.startup.HostConfig.deployWARs(HostConfig.java:766)
		at org.apache.catalina.startup.HostConfig.deployApps(HostConfig.java:417)
		at org.apache.catalina.startup.HostConfig.start(HostConfig.java:1618)
		at org.apache.catalina.startup.HostConfig.lifecycleEvent(HostConfig.java:300)
		at org.apache.catalina.util.LifecycleBase.fireLifecycleEvent(LifecycleBase.java:109)
		at org.apache.catalina.util.LifecycleBase.setStateInternal(LifecycleBase.java:389)
		at org.apache.catalina.util.LifecycleBase.setState(LifecycleBase.java:336)
		at org.apache.catalina.core.ContainerBase.startInternal(ContainerBase.java:774)
		at org.apache.catalina.core.StandardHost.startInternal(StandardHost.java:783)
		at org.apache.catalina.util.LifecycleBase.start(LifecycleBase.java:164)
		at org.apache.catalina.core.ContainerBase$StartChild.call(ContainerBase.java:1201)
		at org.apache.catalina.core.ContainerBase$StartChild.call(ContainerBase.java:1191)
		at java.base/java.util.concurrent.FutureTask.run(FutureTask.java:317)
		at org.apache.tomcat.util.threads.InlineExecutorService.execute(InlineExecutorService.java:81)
		at java.base/java.util.concurrent.AbstractExecutorService.submit(AbstractExecutorService.java:145)
		at org.apache.catalina.core.ContainerBase.startInternal(ContainerBase.java:747)
		at org.apache.catalina.core.StandardEngine.startInternal(StandardEngine.java:201)
		at org.apache.catalina.util.LifecycleBase.start(LifecycleBase.java:164)
		at org.apache.catalina.core.StandardService.startInternal(StandardService.java:410)
		at org.apache.catalina.util.LifecycleBase.start(LifecycleBase.java:164)
		at org.apache.catalina.core.StandardServer.startInternal(StandardServer.java:868)
		at org.apache.catalina.util.LifecycleBase.start(LifecycleBase.java:164)
		at org.apache.catalina.startup.Catalina.start(Catalina.java:758)
		at java.base/jdk.internal.reflect.DirectMethodHandleAccessor.invoke(DirectMethodHandleAccessor.java:103)
		at java.base/java.lang.reflect.Method.invoke(Method.java:580)
		at org.apache.catalina.startup.Bootstrap.start(Bootstrap.java:342)
		at org.apache.catalina.startup.Bootstrap.main(Bootstrap.java:473)
15-Dec-2025 16:04:38.317 정보 [main] org.apache.catalina.core.ApplicationContext.log ContextListener: contextInitialized()
15-Dec-2025 16:04:38.318 정보 [main] org.apache.catalina.core.ApplicationContext.log SessionListener: contextInitialized()
15-Dec-2025 16:04:38.319 정보 [main] org.apache.catalina.core.ApplicationContext.log ContextListener: attributeAdded('StockTicker', 'async.Stockticker@7b931057')
15-Dec-2025 16:05:05.679 심각 [http-nio-8080-exec-1] org.apache.catalina.core.StandardWrapperValve.invoke 경로가 []인 컨텍스트의 서블릿 [jsp]을(를) 위한 Servlet.service() 호출이 예외를 발생시켰습니다.
	java.lang.IllegalStateException: No WebApplicationContext found: no ContextLoaderListener or DispatcherServlet registered?
		at org.springframework.web.filter.DelegatingFilterProxy.doFilter(DelegatingFilterProxy.java:265)
		at org.apache.catalina.core.ApplicationFilterChain.internalDoFilter(ApplicationFilterChain.java:162)
		at org.apache.catalina.core.ApplicationFilterChain.doFilter(ApplicationFilterChain.java:138)
		at org.apache.catalina.core.StandardWrapperValve.invoke(StandardWrapperValve.java:165)
		at org.apache.catalina.core.StandardContextValve.invoke(StandardContextValve.java:88)
		at org.apache.catalina.authenticator.AuthenticatorBase.invoke(AuthenticatorBase.java:482)
		at org.apache.catalina.core.StandardHostValve.invoke(StandardHostValve.java:113)
		at org.apache.catalina.valves.ErrorReportValve.invoke(ErrorReportValve.java:83)
		at org.apache.catalina.valves.AbstractAccessLogValve.invoke(AbstractAccessLogValve.java:654)
		at org.apache.catalina.core.StandardEngineValve.invoke(StandardEngineValve.java:72)
		at org.apache.catalina.connector.CoyoteAdapter.service(CoyoteAdapter.java:342)
		at org.apache.coyote.http11.Http11Processor.service(Http11Processor.java:399)
		at org.apache.coyote.AbstractProcessorLight.process(AbstractProcessorLight.java:63)
		at org.apache.coyote.AbstractProtocol$ConnectionHandler.process(AbstractProtocol.java:903)
		at org.apache.tomcat.util.net.NioEndpoint$SocketProcessor.doRun(NioEndpoint.java:1774)
		at org.apache.tomcat.util.net.SocketProcessorBase.run(SocketProcessorBase.java:52)
		at org.apache.tomcat.util.threads.ThreadPoolExecutor.runWorker(ThreadPoolExecutor.java:973)
		at org.apache.tomcat.util.threads.ThreadPoolExecutor$Worker.run(ThreadPoolExecutor.java:491)
		at org.apache.tomcat.util.threads.TaskThread$WrappingRunnable.run(TaskThread.java:63)
		at java.base/java.lang.Thread.run(Thread.java:1583)
15-Dec-2025 16:18:00.020 정보 [main] org.apache.catalina.core.ApplicationContext.log Closing Spring root WebApplicationContext
15-Dec-2025 16:18:00.116 정보 [main] org.apache.catalina.core.ApplicationContext.log SessionListener: contextDestroyed()
15-Dec-2025 16:18:00.116 정보 [main] org.apache.catalina.core.ApplicationContext.log ContextListener: contextDestroyed()
15-Dec-2025 16:18:43.681 정보 [main] org.apache.catalina.core.ApplicationContext.log No Spring WebApplicationInitializer types detected on classpath
15-Dec-2025 16:18:43.691 정보 [main] org.apache.catalina.core.ApplicationContext.log Initializing Spring root WebApplicationContext
15-Dec-2025 16:18:46.822 심각 [main] org.apache.catalina.core.StandardContext.listenerStart Context initialized 이벤트를 [org.springframework.web.context.ContextLoaderListener] 클래스의 인스턴스인 리스너에 전송하는 동안 예외 발생
	org.springframework.beans.factory.xml.XmlBeanDefinitionStoreException: Line 80 in XML document from file [D:\project\egov-enterprise\apache-tomcat-10.1.50\apache-tomcat-10.1.50\webapps\ROOT\WEB-INF\classes\egovframework\spring\com\context-security.xml] is invalid
		at org.springframework.beans.factory.xml.XmlBeanDefinitionReader.doLoadBeanDefinitions(XmlBeanDefinitionReader.java:411)
		at org.springframework.beans.factory.xml.XmlBeanDefinitionReader.loadBeanDefinitions(XmlBeanDefinitionReader.java:347)
		at org.springframework.beans.factory.xml.XmlBeanDefinitionReader.loadBeanDefinitions(XmlBeanDefinitionReader.java:319)
		at org.springframework.beans.factory.support.AbstractBeanDefinitionReader.loadBeanDefinitions(AbstractBeanDefinitionReader.java:184)
		at org.springframework.beans.factory.support.AbstractBeanDefinitionReader.loadBeanDefinitions(AbstractBeanDefinitionReader.java:220)
		at org.springframework.beans.factory.support.AbstractBeanDefinitionReader.loadBeanDefinitions(AbstractBeanDefinitionReader.java:191)
		at org.springframework.web.context.support.XmlWebApplicationContext.loadBeanDefinitions(XmlWebApplicationContext.java:125)
		at org.springframework.web.context.support.XmlWebApplicationContext.loadBeanDefinitions(XmlWebApplicationContext.java:94)
		at org.springframework.context.support.AbstractRefreshableApplicationContext.refreshBeanFactory(AbstractRefreshableApplicationContext.java:131)
		at org.springframework.context.support.AbstractApplicationContext.obtainFreshBeanFactory(AbstractApplicationContext.java:716)
		at org.springframework.context.support.AbstractApplicationContext.refresh(AbstractApplicationContext.java:598)
		at org.springframework.web.context.ContextLoader.configureAndRefreshWebApplicationContext(ContextLoader.java:394)
		at org.springframework.web.context.ContextLoader.initWebApplicationContext(ContextLoader.java:274)
		at org.springframework.web.context.ContextLoaderListener.contextInitialized(ContextLoaderListener.java:126)
		at org.apache.catalina.core.StandardContext.listenerStart(StandardContext.java:4034)
		at org.apache.catalina.core.StandardContext.startInternal(StandardContext.java:4462)
		at org.apache.catalina.util.LifecycleBase.start(LifecycleBase.java:164)
		at org.apache.catalina.core.ContainerBase.addChildInternal(ContainerBase.java:597)
		at org.apache.catalina.core.ContainerBase.addChild(ContainerBase.java:569)
		at org.apache.catalina.core.StandardHost.addChild(StandardHost.java:665)
		at org.apache.catalina.startup.HostConfig.deployWAR(HostConfig.java:962)
		at org.apache.catalina.startup.HostConfig$DeployWar.run(HostConfig.java:1900)
		at java.base/java.util.concurrent.Executors$RunnableAdapter.call(Executors.java:572)
		at java.base/java.util.concurrent.FutureTask.run(FutureTask.java:317)
		at org.apache.tomcat.util.threads.InlineExecutorService.execute(InlineExecutorService.java:81)
		at java.base/java.util.concurrent.AbstractExecutorService.submit(AbstractExecutorService.java:123)
		at org.apache.catalina.startup.HostConfig.deployWARs(HostConfig.java:766)
		at org.apache.catalina.startup.HostConfig.deployApps(HostConfig.java:417)
		at org.apache.catalina.startup.HostConfig.start(HostConfig.java:1618)
		at org.apache.catalina.startup.HostConfig.lifecycleEvent(HostConfig.java:300)
		at org.apache.catalina.util.LifecycleBase.fireLifecycleEvent(LifecycleBase.java:109)
		at org.apache.catalina.util.LifecycleBase.setStateInternal(LifecycleBase.java:389)
		at org.apache.catalina.util.LifecycleBase.setState(LifecycleBase.java:336)
		at org.apache.catalina.core.ContainerBase.startInternal(ContainerBase.java:774)
		at org.apache.catalina.core.StandardHost.startInternal(StandardHost.java:783)
		at org.apache.catalina.util.LifecycleBase.start(LifecycleBase.java:164)
		at org.apache.catalina.core.ContainerBase$StartChild.call(ContainerBase.java:1201)
		at org.apache.catalina.core.ContainerBase$StartChild.call(ContainerBase.java:1191)
		at java.base/java.util.concurrent.FutureTask.run(FutureTask.java:317)
		at org.apache.tomcat.util.threads.InlineExecutorService.execute(InlineExecutorService.java:81)
		at java.base/java.util.concurrent.AbstractExecutorService.submit(AbstractExecutorService.java:145)
		at org.apache.catalina.core.ContainerBase.startInternal(ContainerBase.java:747)
		at org.apache.catalina.core.StandardEngine.startInternal(StandardEngine.java:201)
		at org.apache.catalina.util.LifecycleBase.start(LifecycleBase.java:164)
		at org.apache.catalina.core.StandardService.startInternal(StandardService.java:410)
		at org.apache.catalina.util.LifecycleBase.start(LifecycleBase.java:164)
		at org.apache.catalina.core.StandardServer.startInternal(StandardServer.java:868)
		at org.apache.catalina.util.LifecycleBase.start(LifecycleBase.java:164)
		at org.apache.catalina.startup.Catalina.start(Catalina.java:758)
		at java.base/jdk.internal.reflect.DirectMethodHandleAccessor.invoke(DirectMethodHandleAccessor.java:103)
		at java.base/java.lang.reflect.Method.invoke(Method.java:580)
		at org.apache.catalina.startup.Bootstrap.start(Bootstrap.java:342)
		at org.apache.catalina.startup.Bootstrap.main(Bootstrap.java:473)
	Caused by: org.xml.sax.SAXParseException; lineNumber: 80; columnNumber: 50; cvc-complex-type.3.2.2: 'common-locations-enabled' 속성은 'security:http' 요소에 나타날 수 없습니다.
		at java.xml/com.sun.org.apache.xerces.internal.util.ErrorHandlerWrapper.createSAXParseException(ErrorHandlerWrapper.java:204)
		at java.xml/com.sun.org.apache.xerces.internal.util.ErrorHandlerWrapper.error(ErrorHandlerWrapper.java:135)
		at java.xml/com.sun.org.apache.xerces.internal.impl.XMLErrorReporter.reportError(XMLErrorReporter.java:396)
		at java.xml/com.sun.org.apache.xerces.internal.impl.XMLErrorReporter.reportError(XMLErrorReporter.java:327)
		at java.xml/com.sun.org.apache.xerces.internal.impl.XMLErrorReporter.reportError(XMLErrorReporter.java:284)
		at java.xml/com.sun.org.apache.xerces.internal.impl.xs.XMLSchemaValidator$XSIErrorReporter.reportError(XMLSchemaValidator.java:512)
		at java.xml/com.sun.org.apache.xerces.internal.impl.xs.XMLSchemaValidator.reportSchemaError(XMLSchemaValidator.java:3596)
		at java.xml/com.sun.org.apache.xerces.internal.impl.xs.XMLSchemaValidator.processAttributes(XMLSchemaValidator.java:2993)
		at java.xml/com.sun.org.apache.xerces.internal.impl.xs.XMLSchemaValidator.handleStartElement(XMLSchemaValidator.java:2287)
		at java.xml/com.sun.org.apache.xerces.internal.impl.xs.XMLSchemaValidator.startElement(XMLSchemaValidator.java:830)
		at java.xml/com.sun.org.apache.xerces.internal.impl.XMLNSDocumentScannerImpl.scanStartElement(XMLNSDocumentScannerImpl.java:376)
		at java.xml/com.sun.org.apache.xerces.internal.impl.XMLDocumentFragmentScannerImpl$FragmentContentDriver.next(XMLDocumentFragmentScannerImpl.java:2726)
		at java.xml/com.sun.org.apache.xerces.internal.impl.XMLDocumentScannerImpl.next(XMLDocumentScannerImpl.java:605)
		at java.xml/com.sun.org.apache.xerces.internal.impl.XMLNSDocumentScannerImpl.next(XMLNSDocumentScannerImpl.java:114)
		at java.xml/com.sun.org.apache.xerces.internal.impl.XMLDocumentFragmentScannerImpl.scanDocument(XMLDocumentFragmentScannerImpl.java:542)
		at java.xml/com.sun.org.apache.xerces.internal.parsers.XML11Configuration.parse(XML11Configuration.java:889)
		at java.xml/com.sun.org.apache.xerces.internal.parsers.XML11Configuration.parse(XML11Configuration.java:825)
		at java.xml/com.sun.org.apache.xerces.internal.parsers.XMLParser.parse(XMLParser.java:141)
		at java.xml/com.sun.org.apache.xerces.internal.parsers.DOMParser.parse(DOMParser.java:247)
		at java.xml/com.sun.org.apache.xerces.internal.jaxp.DocumentBuilderImpl.parse(DocumentBuilderImpl.java:342)
		at org.springframework.beans.factory.xml.DefaultDocumentLoader.loadDocument(DefaultDocumentLoader.java:77)
		at org.springframework.beans.factory.xml.XmlBeanDefinitionReader.doLoadDocument(XmlBeanDefinitionReader.java:441)
		at org.springframework.beans.factory.xml.XmlBeanDefinitionReader.doLoadBeanDefinitions(XmlBeanDefinitionReader.java:399)
		... 52 more
15-Dec-2025 16:18:46.920 정보 [main] org.apache.catalina.core.ApplicationContext.log Closing Spring root WebApplicationContext
15-Dec-2025 16:18:47.003 심각 [main] org.apache.catalina.core.StandardContext.listenerStop 클래스 [org.springframework.web.context.ContextLoaderListener]의 인스턴스인 리스너에게 contextDestroyed 이벤트를 전송하는 중 예외 발생
	java.lang.IllegalStateException: BeanFactory not initialized or already closed - call 'refresh' before accessing beans via the ApplicationContext
		at org.springframework.context.support.AbstractRefreshableApplicationContext.getBeanFactory(AbstractRefreshableApplicationContext.java:169)
		at org.springframework.context.support.AbstractApplicationContext.destroyBeans(AbstractApplicationContext.java:1219)
		at org.springframework.context.support.AbstractApplicationContext.doClose(AbstractApplicationContext.java:1180)
		at org.springframework.context.support.AbstractApplicationContext.close(AbstractApplicationContext.java:1126)
		at org.springframework.web.context.ContextLoader.closeWebApplicationContext(ContextLoader.java:510)
		at org.springframework.web.context.ContextLoaderListener.contextDestroyed(ContextLoaderListener.java:136)
		at org.apache.catalina.core.StandardContext.listenerStop(StandardContext.java:4080)
		at org.apache.catalina.core.StandardContext.stopInternal(StandardContext.java:4688)
		at org.apache.catalina.util.LifecycleBase.stop(LifecycleBase.java:235)
		at org.apache.catalina.util.LifecycleBase.start(LifecycleBase.java:168)
		at org.apache.catalina.core.ContainerBase.addChildInternal(ContainerBase.java:597)
		at org.apache.catalina.core.ContainerBase.addChild(ContainerBase.java:569)
		at org.apache.catalina.core.StandardHost.addChild(StandardHost.java:665)
		at org.apache.catalina.startup.HostConfig.deployWAR(HostConfig.java:962)
		at org.apache.catalina.startup.HostConfig$DeployWar.run(HostConfig.java:1900)
		at java.base/java.util.concurrent.Executors$RunnableAdapter.call(Executors.java:572)
		at java.base/java.util.concurrent.FutureTask.run(FutureTask.java:317)
		at org.apache.tomcat.util.threads.InlineExecutorService.execute(InlineExecutorService.java:81)
		at java.base/java.util.concurrent.AbstractExecutorService.submit(AbstractExecutorService.java:123)
		at org.apache.catalina.startup.HostConfig.deployWARs(HostConfig.java:766)
		at org.apache.catalina.startup.HostConfig.deployApps(HostConfig.java:417)
		at org.apache.catalina.startup.HostConfig.start(HostConfig.java:1618)
		at org.apache.catalina.startup.HostConfig.lifecycleEvent(HostConfig.java:300)
		at org.apache.catalina.util.LifecycleBase.fireLifecycleEvent(LifecycleBase.java:109)
		at org.apache.catalina.util.LifecycleBase.setStateInternal(LifecycleBase.java:389)
		at org.apache.catalina.util.LifecycleBase.setState(LifecycleBase.java:336)
		at org.apache.catalina.core.ContainerBase.startInternal(ContainerBase.java:774)
		at org.apache.catalina.core.StandardHost.startInternal(StandardHost.java:783)
		at org.apache.catalina.util.LifecycleBase.start(LifecycleBase.java:164)
		at org.apache.catalina.core.ContainerBase$StartChild.call(ContainerBase.java:1201)
		at org.apache.catalina.core.ContainerBase$StartChild.call(ContainerBase.java:1191)
		at java.base/java.util.concurrent.FutureTask.run(FutureTask.java:317)
		at org.apache.tomcat.util.threads.InlineExecutorService.execute(InlineExecutorService.java:81)
		at java.base/java.util.concurrent.AbstractExecutorService.submit(AbstractExecutorService.java:145)
		at org.apache.catalina.core.ContainerBase.startInternal(ContainerBase.java:747)
		at org.apache.catalina.core.StandardEngine.startInternal(StandardEngine.java:201)
		at org.apache.catalina.util.LifecycleBase.start(LifecycleBase.java:164)
		at org.apache.catalina.core.StandardService.startInternal(StandardService.java:410)
		at org.apache.catalina.util.LifecycleBase.start(LifecycleBase.java:164)
		at org.apache.catalina.core.StandardServer.startInternal(StandardServer.java:868)
		at org.apache.catalina.util.LifecycleBase.start(LifecycleBase.java:164)
		at org.apache.catalina.startup.Catalina.start(Catalina.java:758)
		at java.base/jdk.internal.reflect.DirectMethodHandleAccessor.invoke(DirectMethodHandleAccessor.java:103)
		at java.base/java.lang.reflect.Method.invoke(Method.java:580)
		at org.apache.catalina.startup.Bootstrap.start(Bootstrap.java:342)
		at org.apache.catalina.startup.Bootstrap.main(Bootstrap.java:473)
15-Dec-2025 16:18:48.065 정보 [main] org.apache.catalina.core.ApplicationContext.log ContextListener: contextInitialized()
15-Dec-2025 16:18:48.065 정보 [main] org.apache.catalina.core.ApplicationContext.log SessionListener: contextInitialized()
15-Dec-2025 16:18:48.067 정보 [main] org.apache.catalina.core.ApplicationContext.log ContextListener: attributeAdded('StockTicker', 'async.Stockticker@71f12d4c')
15-Dec-2025 16:20:33.846 정보 [main] org.apache.catalina.core.ApplicationContext.log SessionListener: contextDestroyed()
15-Dec-2025 16:20:33.846 정보 [main] org.apache.catalina.core.ApplicationContext.log ContextListener: contextDestroyed()
