19-Dec-2025 08:15:20.760 정보 [main] org.apache.catalina.core.ApplicationContext.log SessionListener: contextDestroyed()
19-Dec-2025 08:15:20.760 정보 [main] org.apache.catalina.core.ApplicationContext.log ContextListener: contextDestroyed()
19-Dec-2025 08:15:49.499 정보 [main] org.apache.catalina.core.ApplicationContext.log No Spring WebApplicationInitializer types detected on classpath
19-Dec-2025 08:15:49.506 정보 [main] org.apache.catalina.core.ApplicationContext.log Initializing Spring root WebApplicationContext
19-Dec-2025 08:15:52.789 심각 [main] org.apache.catalina.core.StandardContext.listenerStart Context initialized 이벤트를 [org.springframework.web.context.ContextLoaderListener] 클래스의 인스턴스인 리스너에 전송하는 동안 예외 발생
	org.springframework.beans.factory.BeanCreationException: Error creating bean with name 'cmmUseDAO': Injection of resource dependencies failed
		at org.springframework.context.annotation.CommonAnnotationBeanPostProcessor.postProcessProperties(CommonAnnotationBeanPostProcessor.java:372)
		at org.springframework.beans.factory.support.AbstractAutowireCapableBeanFactory.populateBean(AbstractAutowireCapableBeanFactory.java:1459)
		at org.springframework.beans.factory.support.AbstractAutowireCapableBeanFactory.doCreateBean(AbstractAutowireCapableBeanFactory.java:606)
		at org.springframework.beans.factory.support.AbstractAutowireCapableBeanFactory.createBean(AbstractAutowireCapableBeanFactory.java:529)
		at org.springframework.beans.factory.support.AbstractBeanFactory.lambda$doGetBean$0(AbstractBeanFactory.java:339)
		at org.springframework.beans.factory.support.DefaultSingletonBeanRegistry.getSingleton(DefaultSingletonBeanRegistry.java:373)
		at org.springframework.beans.factory.support.AbstractBeanFactory.doGetBean(AbstractBeanFactory.java:337)
		at org.springframework.beans.factory.support.AbstractBeanFactory.getBean(AbstractBeanFactory.java:202)
		at org.springframework.beans.factory.support.DefaultListableBeanFactory.instantiateSingleton(DefaultListableBeanFactory.java:1221)
		at org.springframework.beans.factory.support.DefaultListableBeanFactory.preInstantiateSingleton(DefaultListableBeanFactory.java:1187)
		at org.springframework.beans.factory.support.DefaultListableBeanFactory.preInstantiateSingletons(DefaultListableBeanFactory.java:1123)
		at org.springframework.context.support.AbstractApplicationContext.finishBeanFactoryInitialization(AbstractApplicationContext.java:987)
		at org.springframework.context.support.AbstractApplicationContext.refresh(AbstractApplicationContext.java:627)
		at org.springframework.web.context.ContextLoader.configureAndRefreshWebApplicationContext(ContextLoader.java:394)
		at org.springframework.web.context.ContextLoader.initWebApplicationContext(ContextLoader.java:274)
		at org.springframework.web.context.ContextLoaderListener.contextInitialized(ContextLoaderListener.java:126)
		at org.apache.catalina.core.StandardContext.listenerStart(StandardContext.java:4034)
		at org.apache.catalina.core.StandardContext.startInternal(StandardContext.java:4462)
		at org.apache.catalina.util.LifecycleBase.start(LifecycleBase.java:164)
		at org.apache.catalina.core.ContainerBase.addChildInternal(ContainerBase.java:597)
		at org.apache.catalina.core.ContainerBase.addChild(ContainerBase.java:569)
		at org.apache.catalina.core.StandardHost.addChild(StandardHost.java:665)
		at org.apache.catalina.startup.HostConfig.deployWAR(HostConfig.java:962)
		at org.apache.catalina.startup.HostConfig$DeployWar.run(HostConfig.java:1900)
		at java.base/java.util.concurrent.Executors$RunnableAdapter.call(Executors.java:572)
		at java.base/java.util.concurrent.FutureTask.run(FutureTask.java:317)
		at org.apache.tomcat.util.threads.InlineExecutorService.execute(InlineExecutorService.java:81)
		at java.base/java.util.concurrent.AbstractExecutorService.submit(AbstractExecutorService.java:123)
		at org.apache.catalina.startup.HostConfig.deployWARs(HostConfig.java:766)
		at org.apache.catalina.startup.HostConfig.deployApps(HostConfig.java:417)
		at org.apache.catalina.startup.HostConfig.start(HostConfig.java:1618)
		at org.apache.catalina.startup.HostConfig.lifecycleEvent(HostConfig.java:300)
		at org.apache.catalina.util.LifecycleBase.fireLifecycleEvent(LifecycleBase.java:109)
		at org.apache.catalina.util.LifecycleBase.setStateInternal(LifecycleBase.java:389)
		at org.apache.catalina.util.LifecycleBase.setState(LifecycleBase.java:336)
		at org.apache.catalina.core.ContainerBase.startInternal(ContainerBase.java:774)
		at org.apache.catalina.core.StandardHost.startInternal(StandardHost.java:783)
		at org.apache.catalina.util.LifecycleBase.start(LifecycleBase.java:164)
		at org.apache.catalina.core.ContainerBase$StartChild.call(ContainerBase.java:1201)
		at org.apache.catalina.core.ContainerBase$StartChild.call(ContainerBase.java:1191)
		at java.base/java.util.concurrent.FutureTask.run(FutureTask.java:317)
		at org.apache.tomcat.util.threads.InlineExecutorService.execute(InlineExecutorService.java:81)
		at java.base/java.util.concurrent.AbstractExecutorService.submit(AbstractExecutorService.java:145)
		at org.apache.catalina.core.ContainerBase.startInternal(ContainerBase.java:747)
		at org.apache.catalina.core.StandardEngine.startInternal(StandardEngine.java:201)
		at org.apache.catalina.util.LifecycleBase.start(LifecycleBase.java:164)
		at org.apache.catalina.core.StandardService.startInternal(StandardService.java:410)
		at org.apache.catalina.util.LifecycleBase.start(LifecycleBase.java:164)
		at org.apache.catalina.core.StandardServer.startInternal(StandardServer.java:868)
		at org.apache.catalina.util.LifecycleBase.start(LifecycleBase.java:164)
		at org.apache.catalina.startup.Catalina.start(Catalina.java:758)
		at java.base/jdk.internal.reflect.DirectMethodHandleAccessor.invoke(DirectMethodHandleAccessor.java:103)
		at java.base/java.lang.reflect.Method.invoke(Method.java:580)
		at org.apache.catalina.startup.Bootstrap.start(Bootstrap.java:342)
		at org.apache.catalina.startup.Bootstrap.main(Bootstrap.java:473)
	Caused by: org.springframework.beans.factory.BeanCreationException: Error creating bean with name 'sqlSession' defined in file [D:\project\egov-enterprise\apache-tomcat-10.1.50\apache-tomcat-10.1.50\webapps\ROOT\WEB-INF\classes\egovframework\spring\com\context-mapper.xml]: Error creating document instance.  Cause: org.xml.sax.SAXParseException; lineNumber: 1; columnNumber: 1; 예기치 않은 파일의 끝입니다.
		at org.springframework.beans.factory.support.AbstractAutowireCapableBeanFactory.initializeBean(AbstractAutowireCapableBeanFactory.java:1826)
		at org.springframework.beans.factory.support.AbstractAutowireCapableBeanFactory.doCreateBean(AbstractAutowireCapableBeanFactory.java:607)
		at org.springframework.beans.factory.support.AbstractAutowireCapableBeanFactory.createBean(AbstractAutowireCapableBeanFactory.java:529)
		at org.springframework.beans.factory.support.AbstractBeanFactory.lambda$doGetBean$0(AbstractBeanFactory.java:339)
		at org.springframework.beans.factory.support.DefaultSingletonBeanRegistry.getSingleton(DefaultSingletonBeanRegistry.java:373)
		at org.springframework.beans.factory.support.AbstractBeanFactory.doGetBean(AbstractBeanFactory.java:337)
		at org.springframework.beans.factory.support.AbstractBeanFactory.getBean(AbstractBeanFactory.java:207)
		at org.springframework.beans.factory.support.AbstractAutowireCapableBeanFactory.resolveBeanByName(AbstractAutowireCapableBeanFactory.java:468)
		at org.springframework.context.annotation.CommonAnnotationBeanPostProcessor.autowireResource(CommonAnnotationBeanPostProcessor.java:606)
		at org.springframework.context.annotation.CommonAnnotationBeanPostProcessor.getResource(CommonAnnotationBeanPostProcessor.java:577)
		at org.springframework.context.annotation.CommonAnnotationBeanPostProcessor$ResourceElement.getResourceToInject(CommonAnnotationBeanPostProcessor.java:739)
		at org.springframework.beans.factory.annotation.InjectionMetadata$InjectedElement.inject(InjectionMetadata.java:278)
		at org.springframework.beans.factory.annotation.InjectionMetadata.inject(InjectionMetadata.java:146)
		at org.springframework.context.annotation.CommonAnnotationBeanPostProcessor.postProcessProperties(CommonAnnotationBeanPostProcessor.java:369)
		... 54 more
	Caused by: org.apache.ibatis.builder.BuilderException: Error creating document instance.  Cause: org.xml.sax.SAXParseException; lineNumber: 1; columnNumber: 1; 예기치 않은 파일의 끝입니다.
		at org.apache.ibatis.parsing.XPathParser.createDocument(XPathParser.java:262)
		at org.apache.ibatis.parsing.XPathParser.<init>(XPathParser.java:127)
		at org.apache.ibatis.builder.xml.XMLConfigBuilder.<init>(XMLConfigBuilder.java:92)
		at org.apache.ibatis.builder.xml.XMLConfigBuilder.<init>(XMLConfigBuilder.java:87)
		at org.mybatis.spring.SqlSessionFactoryBean.buildSqlSessionFactory(SqlSessionFactoryBean.java:600)
		at org.mybatis.spring.SqlSessionFactoryBean.afterPropertiesSet(SqlSessionFactoryBean.java:572)
		at org.springframework.beans.factory.support.AbstractAutowireCapableBeanFactory.invokeInitMethods(AbstractAutowireCapableBeanFactory.java:1873)
		at org.springframework.beans.factory.support.AbstractAutowireCapableBeanFactory.initializeBean(AbstractAutowireCapableBeanFactory.java:1822)
		... 67 more
	Caused by: org.xml.sax.SAXParseException; lineNumber: 1; columnNumber: 1; 예기치 않은 파일의 끝입니다.
		at java.xml/com.sun.org.apache.xerces.internal.util.ErrorHandlerWrapper.createSAXParseException(ErrorHandlerWrapper.java:204)
		at java.xml/com.sun.org.apache.xerces.internal.util.ErrorHandlerWrapper.fatalError(ErrorHandlerWrapper.java:178)
		at java.xml/com.sun.org.apache.xerces.internal.impl.XMLErrorReporter.reportError(XMLErrorReporter.java:400)
		at java.xml/com.sun.org.apache.xerces.internal.impl.XMLErrorReporter.reportError(XMLErrorReporter.java:327)
		at java.xml/com.sun.org.apache.xerces.internal.impl.XMLScanner.reportFatalError(XMLScanner.java:1465)
		at java.xml/com.sun.org.apache.xerces.internal.impl.XMLDocumentScannerImpl$PrologDriver.next(XMLDocumentScannerImpl.java:1013)
		at java.xml/com.sun.org.apache.xerces.internal.impl.XMLDocumentScannerImpl.next(XMLDocumentScannerImpl.java:605)
		at java.xml/com.sun.org.apache.xerces.internal.impl.XMLDocumentFragmentScannerImpl.scanDocument(XMLDocumentFragmentScannerImpl.java:542)
		at java.xml/com.sun.org.apache.xerces.internal.parsers.XML11Configuration.parse(XML11Configuration.java:889)
		at java.xml/com.sun.org.apache.xerces.internal.parsers.XML11Configuration.parse(XML11Configuration.java:825)
		at java.xml/com.sun.org.apache.xerces.internal.parsers.XMLParser.parse(XMLParser.java:141)
		at java.xml/com.sun.org.apache.xerces.internal.parsers.DOMParser.parse(DOMParser.java:247)
		at java.xml/com.sun.org.apache.xerces.internal.jaxp.DocumentBuilderImpl.parse(DocumentBuilderImpl.java:342)
		at org.apache.ibatis.parsing.XPathParser.createDocument(XPathParser.java:260)
		... 74 more
19-Dec-2025 08:15:52.818 정보 [main] org.apache.catalina.core.ApplicationContext.log Closing Spring root WebApplicationContext
19-Dec-2025 08:15:53.405 정보 [main] org.apache.catalina.core.ApplicationContext.log ContextListener: contextInitialized()
19-Dec-2025 08:15:53.405 정보 [main] org.apache.catalina.core.ApplicationContext.log SessionListener: contextInitialized()
19-Dec-2025 08:15:53.409 정보 [main] org.apache.catalina.core.ApplicationContext.log ContextListener: attributeAdded('StockTicker', 'async.Stockticker@389467e9')
19-Dec-2025 08:19:17.216 정보 [main] org.apache.catalina.core.ApplicationContext.log SessionListener: contextDestroyed()
19-Dec-2025 08:19:17.216 정보 [main] org.apache.catalina.core.ApplicationContext.log ContextListener: contextDestroyed()
19-Dec-2025 08:25:38.235 정보 [main] org.apache.catalina.core.ApplicationContext.log No Spring WebApplicationInitializer types detected on classpath
19-Dec-2025 08:25:38.246 정보 [main] org.apache.catalina.core.ApplicationContext.log Initializing Spring root WebApplicationContext
19-Dec-2025 08:25:42.724 심각 [main] org.apache.catalina.core.StandardContext.listenerStart Context initialized 이벤트를 [org.springframework.web.context.ContextLoaderListener] 클래스의 인스턴스인 리스너에 전송하는 동안 예외 발생
	org.springframework.beans.factory.BeanCreationException: Error creating bean with name 'cmmUseDAO': Injection of resource dependencies failed
		at org.springframework.context.annotation.CommonAnnotationBeanPostProcessor.postProcessProperties(CommonAnnotationBeanPostProcessor.java:372)
		at org.springframework.beans.factory.support.AbstractAutowireCapableBeanFactory.populateBean(AbstractAutowireCapableBeanFactory.java:1459)
		at org.springframework.beans.factory.support.AbstractAutowireCapableBeanFactory.doCreateBean(AbstractAutowireCapableBeanFactory.java:606)
		at org.springframework.beans.factory.support.AbstractAutowireCapableBeanFactory.createBean(AbstractAutowireCapableBeanFactory.java:529)
		at org.springframework.beans.factory.support.AbstractBeanFactory.lambda$doGetBean$0(AbstractBeanFactory.java:339)
		at org.springframework.beans.factory.support.DefaultSingletonBeanRegistry.getSingleton(DefaultSingletonBeanRegistry.java:373)
		at org.springframework.beans.factory.support.AbstractBeanFactory.doGetBean(AbstractBeanFactory.java:337)
		at org.springframework.beans.factory.support.AbstractBeanFactory.getBean(AbstractBeanFactory.java:202)
		at org.springframework.beans.factory.support.DefaultListableBeanFactory.instantiateSingleton(DefaultListableBeanFactory.java:1221)
		at org.springframework.beans.factory.support.DefaultListableBeanFactory.preInstantiateSingleton(DefaultListableBeanFactory.java:1187)
		at org.springframework.beans.factory.support.DefaultListableBeanFactory.preInstantiateSingletons(DefaultListableBeanFactory.java:1123)
		at org.springframework.context.support.AbstractApplicationContext.finishBeanFactoryInitialization(AbstractApplicationContext.java:987)
		at org.springframework.context.support.AbstractApplicationContext.refresh(AbstractApplicationContext.java:627)
		at org.springframework.web.context.ContextLoader.configureAndRefreshWebApplicationContext(ContextLoader.java:394)
		at org.springframework.web.context.ContextLoader.initWebApplicationContext(ContextLoader.java:274)
		at org.springframework.web.context.ContextLoaderListener.contextInitialized(ContextLoaderListener.java:126)
		at org.apache.catalina.core.StandardContext.listenerStart(StandardContext.java:4034)
		at org.apache.catalina.core.StandardContext.startInternal(StandardContext.java:4462)
		at org.apache.catalina.util.LifecycleBase.start(LifecycleBase.java:164)
		at org.apache.catalina.core.ContainerBase.addChildInternal(ContainerBase.java:597)
		at org.apache.catalina.core.ContainerBase.addChild(ContainerBase.java:569)
		at org.apache.catalina.core.StandardHost.addChild(StandardHost.java:665)
		at org.apache.catalina.startup.HostConfig.deployWAR(HostConfig.java:962)
		at org.apache.catalina.startup.HostConfig$DeployWar.run(HostConfig.java:1900)
		at java.base/java.util.concurrent.Executors$RunnableAdapter.call(Executors.java:572)
		at java.base/java.util.concurrent.FutureTask.run(FutureTask.java:317)
		at org.apache.tomcat.util.threads.InlineExecutorService.execute(InlineExecutorService.java:81)
		at java.base/java.util.concurrent.AbstractExecutorService.submit(AbstractExecutorService.java:123)
		at org.apache.catalina.startup.HostConfig.deployWARs(HostConfig.java:766)
		at org.apache.catalina.startup.HostConfig.deployApps(HostConfig.java:417)
		at org.apache.catalina.startup.HostConfig.start(HostConfig.java:1618)
		at org.apache.catalina.startup.HostConfig.lifecycleEvent(HostConfig.java:300)
		at org.apache.catalina.util.LifecycleBase.fireLifecycleEvent(LifecycleBase.java:109)
		at org.apache.catalina.util.LifecycleBase.setStateInternal(LifecycleBase.java:389)
		at org.apache.catalina.util.LifecycleBase.setState(LifecycleBase.java:336)
		at org.apache.catalina.core.ContainerBase.startInternal(ContainerBase.java:774)
		at org.apache.catalina.core.StandardHost.startInternal(StandardHost.java:783)
		at org.apache.catalina.util.LifecycleBase.start(LifecycleBase.java:164)
		at org.apache.catalina.core.ContainerBase$StartChild.call(ContainerBase.java:1201)
		at org.apache.catalina.core.ContainerBase$StartChild.call(ContainerBase.java:1191)
		at java.base/java.util.concurrent.FutureTask.run(FutureTask.java:317)
		at org.apache.tomcat.util.threads.InlineExecutorService.execute(InlineExecutorService.java:81)
		at java.base/java.util.concurrent.AbstractExecutorService.submit(AbstractExecutorService.java:145)
		at org.apache.catalina.core.ContainerBase.startInternal(ContainerBase.java:747)
		at org.apache.catalina.core.StandardEngine.startInternal(StandardEngine.java:201)
		at org.apache.catalina.util.LifecycleBase.start(LifecycleBase.java:164)
		at org.apache.catalina.core.StandardService.startInternal(StandardService.java:410)
		at org.apache.catalina.util.LifecycleBase.start(LifecycleBase.java:164)
		at org.apache.catalina.core.StandardServer.startInternal(StandardServer.java:868)
		at org.apache.catalina.util.LifecycleBase.start(LifecycleBase.java:164)
		at org.apache.catalina.startup.Catalina.start(Catalina.java:758)
		at java.base/jdk.internal.reflect.DirectMethodHandleAccessor.invoke(DirectMethodHandleAccessor.java:103)
		at java.base/java.lang.reflect.Method.invoke(Method.java:580)
		at org.apache.catalina.startup.Bootstrap.start(Bootstrap.java:342)
		at org.apache.catalina.startup.Bootstrap.main(Bootstrap.java:473)
	Caused by: org.springframework.beans.factory.BeanCreationException: Error creating bean with name 'sqlSession' defined in file [D:\project\egov-enterprise\apache-tomcat-10.1.50\apache-tomcat-10.1.50\webapps\ROOT\WEB-INF\classes\egovframework\spring\com\context-mapper.xml]: Error creating document instance.  Cause: org.xml.sax.SAXParseException; lineNumber: 1; columnNumber: 1; 예기치 않은 파일의 끝입니다.
		at org.springframework.beans.factory.support.AbstractAutowireCapableBeanFactory.initializeBean(AbstractAutowireCapableBeanFactory.java:1826)
		at org.springframework.beans.factory.support.AbstractAutowireCapableBeanFactory.doCreateBean(AbstractAutowireCapableBeanFactory.java:607)
		at org.springframework.beans.factory.support.AbstractAutowireCapableBeanFactory.createBean(AbstractAutowireCapableBeanFactory.java:529)
		at org.springframework.beans.factory.support.AbstractBeanFactory.lambda$doGetBean$0(AbstractBeanFactory.java:339)
		at org.springframework.beans.factory.support.DefaultSingletonBeanRegistry.getSingleton(DefaultSingletonBeanRegistry.java:373)
		at org.springframework.beans.factory.support.AbstractBeanFactory.doGetBean(AbstractBeanFactory.java:337)
		at org.springframework.beans.factory.support.AbstractBeanFactory.getBean(AbstractBeanFactory.java:207)
		at org.springframework.beans.factory.support.AbstractAutowireCapableBeanFactory.resolveBeanByName(AbstractAutowireCapableBeanFactory.java:468)
		at org.springframework.context.annotation.CommonAnnotationBeanPostProcessor.autowireResource(CommonAnnotationBeanPostProcessor.java:606)
		at org.springframework.context.annotation.CommonAnnotationBeanPostProcessor.getResource(CommonAnnotationBeanPostProcessor.java:577)
		at org.springframework.context.annotation.CommonAnnotationBeanPostProcessor$ResourceElement.getResourceToInject(CommonAnnotationBeanPostProcessor.java:739)
		at org.springframework.beans.factory.annotation.InjectionMetadata$InjectedElement.inject(InjectionMetadata.java:278)
		at org.springframework.beans.factory.annotation.InjectionMetadata.inject(InjectionMetadata.java:146)
		at org.springframework.context.annotation.CommonAnnotationBeanPostProcessor.postProcessProperties(CommonAnnotationBeanPostProcessor.java:369)
		... 54 more
	Caused by: org.apache.ibatis.builder.BuilderException: Error creating document instance.  Cause: org.xml.sax.SAXParseException; lineNumber: 1; columnNumber: 1; 예기치 않은 파일의 끝입니다.
		at org.apache.ibatis.parsing.XPathParser.createDocument(XPathParser.java:262)
		at org.apache.ibatis.parsing.XPathParser.<init>(XPathParser.java:127)
		at org.apache.ibatis.builder.xml.XMLConfigBuilder.<init>(XMLConfigBuilder.java:92)
		at org.apache.ibatis.builder.xml.XMLConfigBuilder.<init>(XMLConfigBuilder.java:87)
		at org.mybatis.spring.SqlSessionFactoryBean.buildSqlSessionFactory(SqlSessionFactoryBean.java:600)
		at org.mybatis.spring.SqlSessionFactoryBean.afterPropertiesSet(SqlSessionFactoryBean.java:572)
		at org.springframework.beans.factory.support.AbstractAutowireCapableBeanFactory.invokeInitMethods(AbstractAutowireCapableBeanFactory.java:1873)
		at org.springframework.beans.factory.support.AbstractAutowireCapableBeanFactory.initializeBean(AbstractAutowireCapableBeanFactory.java:1822)
		... 67 more
	Caused by: org.xml.sax.SAXParseException; lineNumber: 1; columnNumber: 1; 예기치 않은 파일의 끝입니다.
		at java.xml/com.sun.org.apache.xerces.internal.util.ErrorHandlerWrapper.createSAXParseException(ErrorHandlerWrapper.java:204)
		at java.xml/com.sun.org.apache.xerces.internal.util.ErrorHandlerWrapper.fatalError(ErrorHandlerWrapper.java:178)
		at java.xml/com.sun.org.apache.xerces.internal.impl.XMLErrorReporter.reportError(XMLErrorReporter.java:400)
		at java.xml/com.sun.org.apache.xerces.internal.impl.XMLErrorReporter.reportError(XMLErrorReporter.java:327)
		at java.xml/com.sun.org.apache.xerces.internal.impl.XMLScanner.reportFatalError(XMLScanner.java:1465)
		at java.xml/com.sun.org.apache.xerces.internal.impl.XMLDocumentScannerImpl$PrologDriver.next(XMLDocumentScannerImpl.java:1013)
		at java.xml/com.sun.org.apache.xerces.internal.impl.XMLDocumentScannerImpl.next(XMLDocumentScannerImpl.java:605)
		at java.xml/com.sun.org.apache.xerces.internal.impl.XMLDocumentFragmentScannerImpl.scanDocument(XMLDocumentFragmentScannerImpl.java:542)
		at java.xml/com.sun.org.apache.xerces.internal.parsers.XML11Configuration.parse(XML11Configuration.java:889)
		at java.xml/com.sun.org.apache.xerces.internal.parsers.XML11Configuration.parse(XML11Configuration.java:825)
		at java.xml/com.sun.org.apache.xerces.internal.parsers.XMLParser.parse(XMLParser.java:141)
		at java.xml/com.sun.org.apache.xerces.internal.parsers.DOMParser.parse(DOMParser.java:247)
		at java.xml/com.sun.org.apache.xerces.internal.jaxp.DocumentBuilderImpl.parse(DocumentBuilderImpl.java:342)
		at org.apache.ibatis.parsing.XPathParser.createDocument(XPathParser.java:260)
		... 74 more
19-Dec-2025 08:25:42.755 정보 [main] org.apache.catalina.core.ApplicationContext.log Closing Spring root WebApplicationContext
19-Dec-2025 08:25:43.373 정보 [main] org.apache.catalina.core.ApplicationContext.log ContextListener: contextInitialized()
19-Dec-2025 08:25:43.374 정보 [main] org.apache.catalina.core.ApplicationContext.log SessionListener: contextInitialized()
19-Dec-2025 08:25:43.376 정보 [main] org.apache.catalina.core.ApplicationContext.log ContextListener: attributeAdded('StockTicker', 'async.Stockticker@3a8be13b')
19-Dec-2025 08:36:38.735 정보 [main] org.apache.catalina.core.ApplicationContext.log SessionListener: contextDestroyed()
19-Dec-2025 08:36:38.735 정보 [main] org.apache.catalina.core.ApplicationContext.log ContextListener: contextDestroyed()
19-Dec-2025 08:37:24.321 정보 [main] org.apache.catalina.core.ApplicationContext.log No Spring WebApplicationInitializer types detected on classpath
19-Dec-2025 08:37:24.333 정보 [main] org.apache.catalina.core.ApplicationContext.log Initializing Spring root WebApplicationContext
19-Dec-2025 08:37:27.152 심각 [main] org.apache.catalina.core.StandardContext.listenerStart Context initialized 이벤트를 [org.springframework.web.context.ContextLoaderListener] 클래스의 인스턴스인 리스너에 전송하는 동안 예외 발생
	org.springframework.beans.factory.BeanCreationException: Error creating bean with name 'cmmUseDAO': Injection of resource dependencies failed
		at org.springframework.context.annotation.CommonAnnotationBeanPostProcessor.postProcessProperties(CommonAnnotationBeanPostProcessor.java:372)
		at org.springframework.beans.factory.support.AbstractAutowireCapableBeanFactory.populateBean(AbstractAutowireCapableBeanFactory.java:1459)
		at org.springframework.beans.factory.support.AbstractAutowireCapableBeanFactory.doCreateBean(AbstractAutowireCapableBeanFactory.java:606)
		at org.springframework.beans.factory.support.AbstractAutowireCapableBeanFactory.createBean(AbstractAutowireCapableBeanFactory.java:529)
		at org.springframework.beans.factory.support.AbstractBeanFactory.lambda$doGetBean$0(AbstractBeanFactory.java:339)
		at org.springframework.beans.factory.support.DefaultSingletonBeanRegistry.getSingleton(DefaultSingletonBeanRegistry.java:373)
		at org.springframework.beans.factory.support.AbstractBeanFactory.doGetBean(AbstractBeanFactory.java:337)
		at org.springframework.beans.factory.support.AbstractBeanFactory.getBean(AbstractBeanFactory.java:202)
		at org.springframework.beans.factory.support.DefaultListableBeanFactory.instantiateSingleton(DefaultListableBeanFactory.java:1221)
		at org.springframework.beans.factory.support.DefaultListableBeanFactory.preInstantiateSingleton(DefaultListableBeanFactory.java:1187)
		at org.springframework.beans.factory.support.DefaultListableBeanFactory.preInstantiateSingletons(DefaultListableBeanFactory.java:1123)
		at org.springframework.context.support.AbstractApplicationContext.finishBeanFactoryInitialization(AbstractApplicationContext.java:987)
		at org.springframework.context.support.AbstractApplicationContext.refresh(AbstractApplicationContext.java:627)
		at org.springframework.web.context.ContextLoader.configureAndRefreshWebApplicationContext(ContextLoader.java:394)
		at org.springframework.web.context.ContextLoader.initWebApplicationContext(ContextLoader.java:274)
		at org.springframework.web.context.ContextLoaderListener.contextInitialized(ContextLoaderListener.java:126)
		at org.apache.catalina.core.StandardContext.listenerStart(StandardContext.java:4034)
		at org.apache.catalina.core.StandardContext.startInternal(StandardContext.java:4462)
		at org.apache.catalina.util.LifecycleBase.start(LifecycleBase.java:164)
		at org.apache.catalina.core.ContainerBase.addChildInternal(ContainerBase.java:597)
		at org.apache.catalina.core.ContainerBase.addChild(ContainerBase.java:569)
		at org.apache.catalina.core.StandardHost.addChild(StandardHost.java:665)
		at org.apache.catalina.startup.HostConfig.deployWAR(HostConfig.java:962)
		at org.apache.catalina.startup.HostConfig$DeployWar.run(HostConfig.java:1900)
		at java.base/java.util.concurrent.Executors$RunnableAdapter.call(Executors.java:572)
		at java.base/java.util.concurrent.FutureTask.run(FutureTask.java:317)
		at org.apache.tomcat.util.threads.InlineExecutorService.execute(InlineExecutorService.java:81)
		at java.base/java.util.concurrent.AbstractExecutorService.submit(AbstractExecutorService.java:123)
		at org.apache.catalina.startup.HostConfig.deployWARs(HostConfig.java:766)
		at org.apache.catalina.startup.HostConfig.deployApps(HostConfig.java:417)
		at org.apache.catalina.startup.HostConfig.start(HostConfig.java:1618)
		at org.apache.catalina.startup.HostConfig.lifecycleEvent(HostConfig.java:300)
		at org.apache.catalina.util.LifecycleBase.fireLifecycleEvent(LifecycleBase.java:109)
		at org.apache.catalina.util.LifecycleBase.setStateInternal(LifecycleBase.java:389)
		at org.apache.catalina.util.LifecycleBase.setState(LifecycleBase.java:336)
		at org.apache.catalina.core.ContainerBase.startInternal(ContainerBase.java:774)
		at org.apache.catalina.core.StandardHost.startInternal(StandardHost.java:783)
		at org.apache.catalina.util.LifecycleBase.start(LifecycleBase.java:164)
		at org.apache.catalina.core.ContainerBase$StartChild.call(ContainerBase.java:1201)
		at org.apache.catalina.core.ContainerBase$StartChild.call(ContainerBase.java:1191)
		at java.base/java.util.concurrent.FutureTask.run(FutureTask.java:317)
		at org.apache.tomcat.util.threads.InlineExecutorService.execute(InlineExecutorService.java:81)
		at java.base/java.util.concurrent.AbstractExecutorService.submit(AbstractExecutorService.java:145)
		at org.apache.catalina.core.ContainerBase.startInternal(ContainerBase.java:747)
		at org.apache.catalina.core.StandardEngine.startInternal(StandardEngine.java:201)
		at org.apache.catalina.util.LifecycleBase.start(LifecycleBase.java:164)
		at org.apache.catalina.core.StandardService.startInternal(StandardService.java:410)
		at org.apache.catalina.util.LifecycleBase.start(LifecycleBase.java:164)
		at org.apache.catalina.core.StandardServer.startInternal(StandardServer.java:868)
		at org.apache.catalina.util.LifecycleBase.start(LifecycleBase.java:164)
		at org.apache.catalina.startup.Catalina.start(Catalina.java:758)
		at java.base/jdk.internal.reflect.DirectMethodHandleAccessor.invoke(DirectMethodHandleAccessor.java:103)
		at java.base/java.lang.reflect.Method.invoke(Method.java:580)
		at org.apache.catalina.startup.Bootstrap.start(Bootstrap.java:342)
		at org.apache.catalina.startup.Bootstrap.main(Bootstrap.java:473)
	Caused by: org.springframework.beans.factory.BeanCreationException: Error creating bean with name 'sqlSession' defined in file [D:\project\egov-enterprise\apache-tomcat-10.1.50\apache-tomcat-10.1.50\webapps\ROOT\WEB-INF\classes\egovframework\spring\com\context-mapper.xml]: Error creating document instance.  Cause: org.xml.sax.SAXParseException; lineNumber: 1; columnNumber: 1; 예기치 않은 파일의 끝입니다.
		at org.springframework.beans.factory.support.AbstractAutowireCapableBeanFactory.initializeBean(AbstractAutowireCapableBeanFactory.java:1826)
		at org.springframework.beans.factory.support.AbstractAutowireCapableBeanFactory.doCreateBean(AbstractAutowireCapableBeanFactory.java:607)
		at org.springframework.beans.factory.support.AbstractAutowireCapableBeanFactory.createBean(AbstractAutowireCapableBeanFactory.java:529)
		at org.springframework.beans.factory.support.AbstractBeanFactory.lambda$doGetBean$0(AbstractBeanFactory.java:339)
		at org.springframework.beans.factory.support.DefaultSingletonBeanRegistry.getSingleton(DefaultSingletonBeanRegistry.java:373)
		at org.springframework.beans.factory.support.AbstractBeanFactory.doGetBean(AbstractBeanFactory.java:337)
		at org.springframework.beans.factory.support.AbstractBeanFactory.getBean(AbstractBeanFactory.java:207)
		at org.springframework.beans.factory.support.AbstractAutowireCapableBeanFactory.resolveBeanByName(AbstractAutowireCapableBeanFactory.java:468)
		at org.springframework.context.annotation.CommonAnnotationBeanPostProcessor.autowireResource(CommonAnnotationBeanPostProcessor.java:606)
		at org.springframework.context.annotation.CommonAnnotationBeanPostProcessor.getResource(CommonAnnotationBeanPostProcessor.java:577)
		at org.springframework.context.annotation.CommonAnnotationBeanPostProcessor$ResourceElement.getResourceToInject(CommonAnnotationBeanPostProcessor.java:739)
		at org.springframework.beans.factory.annotation.InjectionMetadata$InjectedElement.inject(InjectionMetadata.java:278)
		at org.springframework.beans.factory.annotation.InjectionMetadata.inject(InjectionMetadata.java:146)
		at org.springframework.context.annotation.CommonAnnotationBeanPostProcessor.postProcessProperties(CommonAnnotationBeanPostProcessor.java:369)
		... 54 more
	Caused by: org.apache.ibatis.builder.BuilderException: Error creating document instance.  Cause: org.xml.sax.SAXParseException; lineNumber: 1; columnNumber: 1; 예기치 않은 파일의 끝입니다.
		at org.apache.ibatis.parsing.XPathParser.createDocument(XPathParser.java:262)
		at org.apache.ibatis.parsing.XPathParser.<init>(XPathParser.java:127)
		at org.apache.ibatis.builder.xml.XMLConfigBuilder.<init>(XMLConfigBuilder.java:92)
		at org.apache.ibatis.builder.xml.XMLConfigBuilder.<init>(XMLConfigBuilder.java:87)
		at org.mybatis.spring.SqlSessionFactoryBean.buildSqlSessionFactory(SqlSessionFactoryBean.java:600)
		at org.mybatis.spring.SqlSessionFactoryBean.afterPropertiesSet(SqlSessionFactoryBean.java:572)
		at org.springframework.beans.factory.support.AbstractAutowireCapableBeanFactory.invokeInitMethods(AbstractAutowireCapableBeanFactory.java:1873)
		at org.springframework.beans.factory.support.AbstractAutowireCapableBeanFactory.initializeBean(AbstractAutowireCapableBeanFactory.java:1822)
		... 67 more
	Caused by: org.xml.sax.SAXParseException; lineNumber: 1; columnNumber: 1; 예기치 않은 파일의 끝입니다.
		at java.xml/com.sun.org.apache.xerces.internal.util.ErrorHandlerWrapper.createSAXParseException(ErrorHandlerWrapper.java:204)
		at java.xml/com.sun.org.apache.xerces.internal.util.ErrorHandlerWrapper.fatalError(ErrorHandlerWrapper.java:178)
		at java.xml/com.sun.org.apache.xerces.internal.impl.XMLErrorReporter.reportError(XMLErrorReporter.java:400)
		at java.xml/com.sun.org.apache.xerces.internal.impl.XMLErrorReporter.reportError(XMLErrorReporter.java:327)
		at java.xml/com.sun.org.apache.xerces.internal.impl.XMLScanner.reportFatalError(XMLScanner.java:1465)
		at java.xml/com.sun.org.apache.xerces.internal.impl.XMLDocumentScannerImpl$PrologDriver.next(XMLDocumentScannerImpl.java:1013)
		at java.xml/com.sun.org.apache.xerces.internal.impl.XMLDocumentScannerImpl.next(XMLDocumentScannerImpl.java:605)
		at java.xml/com.sun.org.apache.xerces.internal.impl.XMLDocumentFragmentScannerImpl.scanDocument(XMLDocumentFragmentScannerImpl.java:542)
		at java.xml/com.sun.org.apache.xerces.internal.parsers.XML11Configuration.parse(XML11Configuration.java:889)
		at java.xml/com.sun.org.apache.xerces.internal.parsers.XML11Configuration.parse(XML11Configuration.java:825)
		at java.xml/com.sun.org.apache.xerces.internal.parsers.XMLParser.parse(XMLParser.java:141)
		at java.xml/com.sun.org.apache.xerces.internal.parsers.DOMParser.parse(DOMParser.java:247)
		at java.xml/com.sun.org.apache.xerces.internal.jaxp.DocumentBuilderImpl.parse(DocumentBuilderImpl.java:342)
		at org.apache.ibatis.parsing.XPathParser.createDocument(XPathParser.java:260)
		... 74 more
19-Dec-2025 08:37:27.177 정보 [main] org.apache.catalina.core.ApplicationContext.log Closing Spring root WebApplicationContext
19-Dec-2025 08:37:27.710 정보 [main] org.apache.catalina.core.ApplicationContext.log ContextListener: contextInitialized()
19-Dec-2025 08:37:27.711 정보 [main] org.apache.catalina.core.ApplicationContext.log SessionListener: contextInitialized()
19-Dec-2025 08:37:27.714 정보 [main] org.apache.catalina.core.ApplicationContext.log ContextListener: attributeAdded('StockTicker', 'async.Stockticker@6d88bb5')
19-Dec-2025 08:41:25.848 정보 [main] org.apache.catalina.core.ApplicationContext.log SessionListener: contextDestroyed()
19-Dec-2025 08:41:25.848 정보 [main] org.apache.catalina.core.ApplicationContext.log ContextListener: contextDestroyed()
19-Dec-2025 08:41:59.577 정보 [main] org.apache.catalina.core.ApplicationContext.log No Spring WebApplicationInitializer types detected on classpath
19-Dec-2025 08:41:59.584 정보 [main] org.apache.catalina.core.ApplicationContext.log Initializing Spring root WebApplicationContext
19-Dec-2025 08:42:05.247 정보 [main] org.apache.catalina.core.ApplicationContext.log Initializing Spring DispatcherServlet 'action'
19-Dec-2025 08:42:07.484 정보 [main] org.apache.catalina.core.ApplicationContext.log ContextListener: contextInitialized()
19-Dec-2025 08:42:07.484 정보 [main] org.apache.catalina.core.ApplicationContext.log SessionListener: contextInitialized()
19-Dec-2025 08:42:07.486 정보 [main] org.apache.catalina.core.ApplicationContext.log ContextListener: attributeAdded('StockTicker', 'async.Stockticker@2562e38d')
19-Dec-2025 08:42:26.776 심각 [http-nio-8080-exec-2] org.apache.catalina.core.StandardWrapperValve.invoke 경로 []의 컨텍스트 내의 서블릿 [jsp]을(를) 위한 Servlet.service() 호출이, 근본 원인(root cause)과 함께, 예외 [org.apache.jasper.JasperException: 절대 URI인 [http://xmlns.jcp.org/jsp/jstl/core]을(를), web.xml 또는 이 애플리케이션과 함께 배치된 JAR 파일 내에서 찾을 수 없습니다.]을(를) 발생시켰습니다.
	org.apache.jasper.JasperException: 절대 URI인 [http://xmlns.jcp.org/jsp/jstl/core]을(를), web.xml 또는 이 애플리케이션과 함께 배치된 JAR 파일 내에서 찾을 수 없습니다.
		at org.apache.jasper.compiler.DefaultErrorHandler.jspError(DefaultErrorHandler.java:35)
		at org.apache.jasper.compiler.ErrorDispatcher.dispatch(ErrorDispatcher.java:267)
		at org.apache.jasper.compiler.ErrorDispatcher.jspError(ErrorDispatcher.java:74)
		at org.apache.jasper.compiler.TagLibraryInfoImpl.generateTldResourcePath(TagLibraryInfoImpl.java:242)
		at org.apache.jasper.compiler.TagLibraryInfoImpl.<init>(TagLibraryInfoImpl.java:116)
		at org.apache.jasper.compiler.Parser.parseTaglibDirective(Parser.java:405)
		at org.apache.jasper.compiler.Parser.parseDirective(Parser.java:458)
		at org.apache.jasper.compiler.Parser.parseElements(Parser.java:1348)
		at org.apache.jasper.compiler.Parser.parse(Parser.java:127)
		at org.apache.jasper.compiler.ParserController.doParse(ParserController.java:240)
		at org.apache.jasper.compiler.ParserController.parse(ParserController.java:103)
		at org.apache.jasper.compiler.Compiler.generateJava(Compiler.java:188)
		at org.apache.jasper.compiler.Compiler.compile(Compiler.java:361)
		at org.apache.jasper.compiler.Compiler.compile(Compiler.java:339)
		at org.apache.jasper.compiler.Compiler.compile(Compiler.java:325)
		at org.apache.jasper.JspCompilationContext.compile(JspCompilationContext.java:586)
		at org.apache.jasper.servlet.JspServletWrapper.service(JspServletWrapper.java:368)
		at org.apache.jasper.servlet.JspServlet.serviceJspFile(JspServlet.java:350)
		at org.apache.jasper.servlet.JspServlet.service(JspServlet.java:301)
		at jakarta.servlet.http.HttpServlet.service(HttpServlet.java:658)
		at org.apache.catalina.core.ApplicationFilterChain.internalDoFilter(ApplicationFilterChain.java:193)
		at org.apache.catalina.core.ApplicationFilterChain.doFilter(ApplicationFilterChain.java:138)
		at org.apache.tomcat.websocket.server.WsFilter.doFilter(WsFilter.java:51)
		at org.apache.catalina.core.ApplicationFilterChain.internalDoFilter(ApplicationFilterChain.java:162)
		at org.apache.catalina.core.ApplicationFilterChain.doFilter(ApplicationFilterChain.java:138)
		at org.springframework.web.filter.CompositeFilter$VirtualFilterChain.doFilter(CompositeFilter.java:108)
		at org.springframework.web.filter.CompositeFilter$VirtualFilterChain.doFilter(CompositeFilter.java:108)
		at org.springframework.security.web.FilterChainProxy.lambda$doFilterInternal$3(FilterChainProxy.java:231)
		at org.springframework.security.web.FilterChainProxy$VirtualFilterChain.doFilter(FilterChainProxy.java:365)
		at org.springframework.security.web.access.intercept.AuthorizationFilter.doFilter(AuthorizationFilter.java:101)
		at org.springframework.security.web.FilterChainProxy$VirtualFilterChain.doFilter(FilterChainProxy.java:374)
		at org.springframework.security.web.access.ExceptionTranslationFilter.doFilter(ExceptionTranslationFilter.java:125)
		at org.springframework.security.web.access.ExceptionTranslationFilter.doFilter(ExceptionTranslationFilter.java:119)
		at org.springframework.security.web.FilterChainProxy$VirtualFilterChain.doFilter(FilterChainProxy.java:374)
		at org.springframework.security.web.authentication.AnonymousAuthenticationFilter.doFilter(AnonymousAuthenticationFilter.java:100)
		at org.springframework.security.web.FilterChainProxy$VirtualFilterChain.doFilter(FilterChainProxy.java:374)
		at org.springframework.security.web.servletapi.SecurityContextHolderAwareRequestFilter.doFilter(SecurityContextHolderAwareRequestFilter.java:179)
		at org.springframework.security.web.FilterChainProxy$VirtualFilterChain.doFilter(FilterChainProxy.java:374)
		at org.springframework.security.web.savedrequest.RequestCacheAwareFilter.doFilter(RequestCacheAwareFilter.java:63)
		at org.springframework.security.web.FilterChainProxy$VirtualFilterChain.doFilter(FilterChainProxy.java:374)
		at org.springframework.security.web.authentication.logout.LogoutFilter.doFilter(LogoutFilter.java:107)
		at org.springframework.security.web.authentication.logout.LogoutFilter.doFilter(LogoutFilter.java:93)
		at org.springframework.security.web.FilterChainProxy$VirtualFilterChain.doFilter(FilterChainProxy.java:374)
		at org.springframework.security.web.header.HeaderWriterFilter.doHeadersAfter(HeaderWriterFilter.java:90)
		at org.springframework.security.web.header.HeaderWriterFilter.doFilterInternal(HeaderWriterFilter.java:75)
		at org.springframework.web.filter.OncePerRequestFilter.doFilter(OncePerRequestFilter.java:116)
		at org.springframework.security.web.FilterChainProxy$VirtualFilterChain.doFilter(FilterChainProxy.java:374)
		at org.springframework.security.web.context.SecurityContextHolderFilter.doFilter(SecurityContextHolderFilter.java:82)
		at org.springframework.security.web.context.SecurityContextHolderFilter.doFilter(SecurityContextHolderFilter.java:69)
		at org.springframework.security.web.FilterChainProxy$VirtualFilterChain.doFilter(FilterChainProxy.java:374)
		at org.springframework.security.web.context.request.async.WebAsyncManagerIntegrationFilter.doFilterInternal(WebAsyncManagerIntegrationFilter.java:62)
		at org.springframework.web.filter.OncePerRequestFilter.doFilter(OncePerRequestFilter.java:116)
		at org.springframework.security.web.FilterChainProxy$VirtualFilterChain.doFilter(FilterChainProxy.java:374)
		at org.springframework.security.web.session.DisableEncodeUrlFilter.doFilterInternal(DisableEncodeUrlFilter.java:42)
		at org.springframework.web.filter.OncePerRequestFilter.doFilter(OncePerRequestFilter.java:116)
		at org.springframework.security.web.FilterChainProxy$VirtualFilterChain.doFilter(FilterChainProxy.java:374)
		at org.springframework.security.web.FilterChainProxy.doFilterInternal(FilterChainProxy.java:233)
		at org.springframework.security.web.FilterChainProxy.doFilter(FilterChainProxy.java:191)
		at org.springframework.web.filter.CompositeFilter$VirtualFilterChain.doFilter(CompositeFilter.java:113)
		at org.springframework.web.filter.ServletRequestPathFilter.doFilter(ServletRequestPathFilter.java:52)
		at org.springframework.web.filter.CompositeFilter$VirtualFilterChain.doFilter(CompositeFilter.java:113)
		at org.springframework.web.filter.CompositeFilter.doFilter(CompositeFilter.java:74)
		at org.springframework.security.config.annotation.web.configuration.WebSecurityConfiguration$CompositeFilterChainProxy.doFilter(WebSecurityConfiguration.java:319)
		at org.springframework.web.filter.CompositeFilter$VirtualFilterChain.doFilter(CompositeFilter.java:113)
		at org.springframework.web.servlet.handler.HandlerMappingIntrospector.lambda$createCacheFilter$4(HandlerMappingIntrospector.java:267)
		at org.springframework.web.filter.CompositeFilter$VirtualFilterChain.doFilter(CompositeFilter.java:113)
		at org.springframework.web.filter.CompositeFilter.doFilter(CompositeFilter.java:74)
		at org.springframework.security.config.annotation.web.configuration.WebMvcSecurityConfiguration$CompositeFilterChainProxy.doFilter(WebMvcSecurityConfiguration.java:240)
		at org.springframework.web.filter.DelegatingFilterProxy.invokeDelegate(DelegatingFilterProxy.java:362)
		at org.springframework.web.filter.DelegatingFilterProxy.doFilter(DelegatingFilterProxy.java:278)
		at org.apache.catalina.core.ApplicationFilterChain.internalDoFilter(ApplicationFilterChain.java:162)
		at org.apache.catalina.core.ApplicationFilterChain.doFilter(ApplicationFilterChain.java:138)
		at org.apache.catalina.core.StandardWrapperValve.invoke(StandardWrapperValve.java:165)
		at org.apache.catalina.core.StandardContextValve.invoke(StandardContextValve.java:88)
		at org.apache.catalina.authenticator.AuthenticatorBase.invoke(AuthenticatorBase.java:482)
		at org.apache.catalina.core.StandardHostValve.invoke(StandardHostValve.java:113)
		at org.apache.catalina.valves.ErrorReportValve.invoke(ErrorReportValve.java:83)
		at org.apache.catalina.valves.AbstractAccessLogValve.invoke(AbstractAccessLogValve.java:654)
		at org.apache.catalina.core.StandardEngineValve.invoke(StandardEngineValve.java:72)
		at org.apache.catalina.connector.CoyoteAdapter.service(CoyoteAdapter.java:342)
		at org.apache.coyote.http11.Http11Processor.service(Http11Processor.java:399)
		at org.apache.coyote.AbstractProcessorLight.process(AbstractProcessorLight.java:63)
		at org.apache.coyote.AbstractProtocol$ConnectionHandler.process(AbstractProtocol.java:903)
		at org.apache.tomcat.util.net.NioEndpoint$SocketProcessor.doRun(NioEndpoint.java:1774)
		at org.apache.tomcat.util.net.SocketProcessorBase.run(SocketProcessorBase.java:52)
		at org.apache.tomcat.util.threads.ThreadPoolExecutor.runWorker(ThreadPoolExecutor.java:973)
		at org.apache.tomcat.util.threads.ThreadPoolExecutor$Worker.run(ThreadPoolExecutor.java:491)
		at org.apache.tomcat.util.threads.TaskThread$WrappingRunnable.run(TaskThread.java:63)
		at java.base/java.lang.Thread.run(Thread.java:1583)
19-Dec-2025 08:42:26.790 심각 [http-nio-8080-exec-2] org.apache.catalina.core.ApplicationDispatcher.invoke 서블릿 [jsp]을(를) 위한 Servlet.service() 호출이 예외를 발생시켰습니다.
	org.apache.jasper.JasperException: 절대 URI인 [http://xmlns.jcp.org/jsp/jstl/core]을(를), web.xml 또는 이 애플리케이션과 함께 배치된 JAR 파일 내에서 찾을 수 없습니다.
		at org.apache.jasper.compiler.DefaultErrorHandler.jspError(DefaultErrorHandler.java:35)
		at org.apache.jasper.compiler.ErrorDispatcher.dispatch(ErrorDispatcher.java:267)
		at org.apache.jasper.compiler.ErrorDispatcher.jspError(ErrorDispatcher.java:74)
		at org.apache.jasper.compiler.TagLibraryInfoImpl.generateTldResourcePath(TagLibraryInfoImpl.java:242)
		at org.apache.jasper.compiler.TagLibraryInfoImpl.<init>(TagLibraryInfoImpl.java:116)
		at org.apache.jasper.compiler.Parser.parseTaglibDirective(Parser.java:405)
		at org.apache.jasper.compiler.Parser.parseDirective(Parser.java:458)
		at org.apache.jasper.compiler.Parser.parseElements(Parser.java:1348)
		at org.apache.jasper.compiler.Parser.parse(Parser.java:127)
		at org.apache.jasper.compiler.ParserController.doParse(ParserController.java:240)
		at org.apache.jasper.compiler.ParserController.parse(ParserController.java:103)
		at org.apache.jasper.compiler.Compiler.generateJava(Compiler.java:188)
		at org.apache.jasper.compiler.Compiler.compile(Compiler.java:361)
		at org.apache.jasper.compiler.Compiler.compile(Compiler.java:339)
		at org.apache.jasper.compiler.Compiler.compile(Compiler.java:325)
		at org.apache.jasper.JspCompilationContext.compile(JspCompilationContext.java:586)
		at org.apache.jasper.servlet.JspServletWrapper.service(JspServletWrapper.java:368)
		at org.apache.jasper.servlet.JspServlet.serviceJspFile(JspServlet.java:350)
		at org.apache.jasper.servlet.JspServlet.service(JspServlet.java:301)
		at jakarta.servlet.http.HttpServlet.service(HttpServlet.java:658)
		at org.apache.catalina.core.ApplicationFilterChain.internalDoFilter(ApplicationFilterChain.java:193)
		at org.apache.catalina.core.ApplicationFilterChain.doFilter(ApplicationFilterChain.java:138)
		at org.apache.catalina.core.ApplicationDispatcher.invoke(ApplicationDispatcher.java:610)
		at org.apache.catalina.core.ApplicationDispatcher.processRequest(ApplicationDispatcher.java:394)
		at org.apache.catalina.core.ApplicationDispatcher.doForward(ApplicationDispatcher.java:321)
		at org.apache.catalina.core.ApplicationDispatcher.forward(ApplicationDispatcher.java:266)
		at org.apache.catalina.core.StandardHostValve.custom(StandardHostValve.java:374)
		at org.apache.catalina.core.StandardHostValve.throwable(StandardHostValve.java:263)
		at org.apache.catalina.core.StandardHostValve.invoke(StandardHostValve.java:147)
		at org.apache.catalina.valves.ErrorReportValve.invoke(ErrorReportValve.java:83)
		at org.apache.catalina.valves.AbstractAccessLogValve.invoke(AbstractAccessLogValve.java:654)
		at org.apache.catalina.core.StandardEngineValve.invoke(StandardEngineValve.java:72)
		at org.apache.catalina.connector.CoyoteAdapter.service(CoyoteAdapter.java:342)
		at org.apache.coyote.http11.Http11Processor.service(Http11Processor.java:399)
		at org.apache.coyote.AbstractProcessorLight.process(AbstractProcessorLight.java:63)
		at org.apache.coyote.AbstractProtocol$ConnectionHandler.process(AbstractProtocol.java:903)
		at org.apache.tomcat.util.net.NioEndpoint$SocketProcessor.doRun(NioEndpoint.java:1774)
		at org.apache.tomcat.util.net.SocketProcessorBase.run(SocketProcessorBase.java:52)
		at org.apache.tomcat.util.threads.ThreadPoolExecutor.runWorker(ThreadPoolExecutor.java:973)
		at org.apache.tomcat.util.threads.ThreadPoolExecutor$Worker.run(ThreadPoolExecutor.java:491)
		at org.apache.tomcat.util.threads.TaskThread$WrappingRunnable.run(TaskThread.java:63)
		at java.base/java.lang.Thread.run(Thread.java:1583)
19-Dec-2025 08:42:26.790 심각 [http-nio-8080-exec-2] org.apache.catalina.core.StandardHostValve.custom Exception Processing [ErrorPage[exceptionType=java.lang.Throwable, location=/common/error.jsp]]
	org.apache.jasper.JasperException: org.apache.jasper.JasperException: 절대 URI인 [http://xmlns.jcp.org/jsp/jstl/core]을(를), web.xml 또는 이 애플리케이션과 함께 배치된 JAR 파일 내에서 찾을 수 없습니다.
		at org.apache.jasper.servlet.JspServletWrapper.handleJspException(JspServletWrapper.java:550)
		at org.apache.jasper.servlet.JspServletWrapper.service(JspServletWrapper.java:394)
		at org.apache.jasper.servlet.JspServlet.serviceJspFile(JspServlet.java:350)
		at org.apache.jasper.servlet.JspServlet.service(JspServlet.java:301)
		at jakarta.servlet.http.HttpServlet.service(HttpServlet.java:658)
		at org.apache.catalina.core.ApplicationFilterChain.internalDoFilter(ApplicationFilterChain.java:193)
		at org.apache.catalina.core.ApplicationFilterChain.doFilter(ApplicationFilterChain.java:138)
		at org.apache.catalina.core.ApplicationDispatcher.invoke(ApplicationDispatcher.java:610)
		at org.apache.catalina.core.ApplicationDispatcher.processRequest(ApplicationDispatcher.java:394)
		at org.apache.catalina.core.ApplicationDispatcher.doForward(ApplicationDispatcher.java:321)
		at org.apache.catalina.core.ApplicationDispatcher.forward(ApplicationDispatcher.java:266)
		at org.apache.catalina.core.StandardHostValve.custom(StandardHostValve.java:374)
		at org.apache.catalina.core.StandardHostValve.throwable(StandardHostValve.java:263)
		at org.apache.catalina.core.StandardHostValve.invoke(StandardHostValve.java:147)
		at org.apache.catalina.valves.ErrorReportValve.invoke(ErrorReportValve.java:83)
		at org.apache.catalina.valves.AbstractAccessLogValve.invoke(AbstractAccessLogValve.java:654)
		at org.apache.catalina.core.StandardEngineValve.invoke(StandardEngineValve.java:72)
		at org.apache.catalina.connector.CoyoteAdapter.service(CoyoteAdapter.java:342)
		at org.apache.coyote.http11.Http11Processor.service(Http11Processor.java:399)
		at org.apache.coyote.AbstractProcessorLight.process(AbstractProcessorLight.java:63)
		at org.apache.coyote.AbstractProtocol$ConnectionHandler.process(AbstractProtocol.java:903)
		at org.apache.tomcat.util.net.NioEndpoint$SocketProcessor.doRun(NioEndpoint.java:1774)
		at org.apache.tomcat.util.net.SocketProcessorBase.run(SocketProcessorBase.java:52)
		at org.apache.tomcat.util.threads.ThreadPoolExecutor.runWorker(ThreadPoolExecutor.java:973)
		at org.apache.tomcat.util.threads.ThreadPoolExecutor$Worker.run(ThreadPoolExecutor.java:491)
		at org.apache.tomcat.util.threads.TaskThread$WrappingRunnable.run(TaskThread.java:63)
		at java.base/java.lang.Thread.run(Thread.java:1583)
	Caused by: org.apache.jasper.JasperException: 절대 URI인 [http://xmlns.jcp.org/jsp/jstl/core]을(를), web.xml 또는 이 애플리케이션과 함께 배치된 JAR 파일 내에서 찾을 수 없습니다.
		at org.apache.jasper.compiler.DefaultErrorHandler.jspError(DefaultErrorHandler.java:35)
		at org.apache.jasper.compiler.ErrorDispatcher.dispatch(ErrorDispatcher.java:267)
		at org.apache.jasper.compiler.ErrorDispatcher.jspError(ErrorDispatcher.java:74)
		at org.apache.jasper.compiler.TagLibraryInfoImpl.generateTldResourcePath(TagLibraryInfoImpl.java:242)
		at org.apache.jasper.compiler.TagLibraryInfoImpl.<init>(TagLibraryInfoImpl.java:116)
		at org.apache.jasper.compiler.Parser.parseTaglibDirective(Parser.java:405)
		at org.apache.jasper.compiler.Parser.parseDirective(Parser.java:458)
		at org.apache.jasper.compiler.Parser.parseElements(Parser.java:1348)
		at org.apache.jasper.compiler.Parser.parse(Parser.java:127)
		at org.apache.jasper.compiler.ParserController.doParse(ParserController.java:240)
		at org.apache.jasper.compiler.ParserController.parse(ParserController.java:103)
		at org.apache.jasper.compiler.Compiler.generateJava(Compiler.java:188)
		at org.apache.jasper.compiler.Compiler.compile(Compiler.java:361)
		at org.apache.jasper.compiler.Compiler.compile(Compiler.java:339)
		at org.apache.jasper.compiler.Compiler.compile(Compiler.java:325)
		at org.apache.jasper.JspCompilationContext.compile(JspCompilationContext.java:586)
		at org.apache.jasper.servlet.JspServletWrapper.service(JspServletWrapper.java:368)
		... 25 more
19-Dec-2025 08:43:36.923 심각 [http-nio-8080-exec-3] org.apache.catalina.core.StandardWrapperValve.invoke 경로 []의 컨텍스트 내의 서블릿 [jsp]을(를) 위한 Servlet.service() 호출이, 근본 원인(root cause)과 함께, 예외 [org.apache.jasper.JasperException: 절대 URI인 [http://xmlns.jcp.org/jsp/jstl/core]을(를), web.xml 또는 이 애플리케이션과 함께 배치된 JAR 파일 내에서 찾을 수 없습니다.]을(를) 발생시켰습니다.
	org.apache.jasper.JasperException: 절대 URI인 [http://xmlns.jcp.org/jsp/jstl/core]을(를), web.xml 또는 이 애플리케이션과 함께 배치된 JAR 파일 내에서 찾을 수 없습니다.
		at org.apache.jasper.compiler.DefaultErrorHandler.jspError(DefaultErrorHandler.java:35)
		at org.apache.jasper.compiler.ErrorDispatcher.dispatch(ErrorDispatcher.java:267)
		at org.apache.jasper.compiler.ErrorDispatcher.jspError(ErrorDispatcher.java:74)
		at org.apache.jasper.compiler.TagLibraryInfoImpl.generateTldResourcePath(TagLibraryInfoImpl.java:242)
		at org.apache.jasper.compiler.TagLibraryInfoImpl.<init>(TagLibraryInfoImpl.java:116)
		at org.apache.jasper.compiler.Parser.parseTaglibDirective(Parser.java:405)
		at org.apache.jasper.compiler.Parser.parseDirective(Parser.java:458)
		at org.apache.jasper.compiler.Parser.parseElements(Parser.java:1348)
		at org.apache.jasper.compiler.Parser.parse(Parser.java:127)
		at org.apache.jasper.compiler.ParserController.doParse(ParserController.java:240)
		at org.apache.jasper.compiler.ParserController.parse(ParserController.java:103)
		at org.apache.jasper.compiler.Compiler.generateJava(Compiler.java:188)
		at org.apache.jasper.compiler.Compiler.compile(Compiler.java:361)
		at org.apache.jasper.compiler.Compiler.compile(Compiler.java:339)
		at org.apache.jasper.compiler.Compiler.compile(Compiler.java:325)
		at org.apache.jasper.JspCompilationContext.compile(JspCompilationContext.java:586)
		at org.apache.jasper.servlet.JspServletWrapper.service(JspServletWrapper.java:368)
		at org.apache.jasper.servlet.JspServlet.serviceJspFile(JspServlet.java:350)
		at org.apache.jasper.servlet.JspServlet.service(JspServlet.java:301)
		at jakarta.servlet.http.HttpServlet.service(HttpServlet.java:658)
		at org.apache.catalina.core.ApplicationFilterChain.internalDoFilter(ApplicationFilterChain.java:193)
		at org.apache.catalina.core.ApplicationFilterChain.doFilter(ApplicationFilterChain.java:138)
		at org.apache.tomcat.websocket.server.WsFilter.doFilter(WsFilter.java:51)
		at org.apache.catalina.core.ApplicationFilterChain.internalDoFilter(ApplicationFilterChain.java:162)
		at org.apache.catalina.core.ApplicationFilterChain.doFilter(ApplicationFilterChain.java:138)
		at org.springframework.web.filter.CompositeFilter$VirtualFilterChain.doFilter(CompositeFilter.java:108)
		at org.springframework.web.filter.CompositeFilter$VirtualFilterChain.doFilter(CompositeFilter.java:108)
		at org.springframework.security.web.FilterChainProxy.lambda$doFilterInternal$3(FilterChainProxy.java:231)
		at org.springframework.security.web.FilterChainProxy$VirtualFilterChain.doFilter(FilterChainProxy.java:365)
		at org.springframework.security.web.access.intercept.AuthorizationFilter.doFilter(AuthorizationFilter.java:101)
		at org.springframework.security.web.FilterChainProxy$VirtualFilterChain.doFilter(FilterChainProxy.java:374)
		at org.springframework.security.web.access.ExceptionTranslationFilter.doFilter(ExceptionTranslationFilter.java:125)
		at org.springframework.security.web.access.ExceptionTranslationFilter.doFilter(ExceptionTranslationFilter.java:119)
		at org.springframework.security.web.FilterChainProxy$VirtualFilterChain.doFilter(FilterChainProxy.java:374)
		at org.springframework.security.web.authentication.AnonymousAuthenticationFilter.doFilter(AnonymousAuthenticationFilter.java:100)
		at org.springframework.security.web.FilterChainProxy$VirtualFilterChain.doFilter(FilterChainProxy.java:374)
		at org.springframework.security.web.servletapi.SecurityContextHolderAwareRequestFilter.doFilter(SecurityContextHolderAwareRequestFilter.java:179)
		at org.springframework.security.web.FilterChainProxy$VirtualFilterChain.doFilter(FilterChainProxy.java:374)
		at org.springframework.security.web.savedrequest.RequestCacheAwareFilter.doFilter(RequestCacheAwareFilter.java:63)
		at org.springframework.security.web.FilterChainProxy$VirtualFilterChain.doFilter(FilterChainProxy.java:374)
		at org.springframework.security.web.authentication.logout.LogoutFilter.doFilter(LogoutFilter.java:107)
		at org.springframework.security.web.authentication.logout.LogoutFilter.doFilter(LogoutFilter.java:93)
		at org.springframework.security.web.FilterChainProxy$VirtualFilterChain.doFilter(FilterChainProxy.java:374)
		at org.springframework.security.web.header.HeaderWriterFilter.doHeadersAfter(HeaderWriterFilter.java:90)
		at org.springframework.security.web.header.HeaderWriterFilter.doFilterInternal(HeaderWriterFilter.java:75)
		at org.springframework.web.filter.OncePerRequestFilter.doFilter(OncePerRequestFilter.java:116)
		at org.springframework.security.web.FilterChainProxy$VirtualFilterChain.doFilter(FilterChainProxy.java:374)
		at org.springframework.security.web.context.SecurityContextHolderFilter.doFilter(SecurityContextHolderFilter.java:82)
		at org.springframework.security.web.context.SecurityContextHolderFilter.doFilter(SecurityContextHolderFilter.java:69)
		at org.springframework.security.web.FilterChainProxy$VirtualFilterChain.doFilter(FilterChainProxy.java:374)
		at org.springframework.security.web.context.request.async.WebAsyncManagerIntegrationFilter.doFilterInternal(WebAsyncManagerIntegrationFilter.java:62)
		at org.springframework.web.filter.OncePerRequestFilter.doFilter(OncePerRequestFilter.java:116)
		at org.springframework.security.web.FilterChainProxy$VirtualFilterChain.doFilter(FilterChainProxy.java:374)
		at org.springframework.security.web.session.DisableEncodeUrlFilter.doFilterInternal(DisableEncodeUrlFilter.java:42)
		at org.springframework.web.filter.OncePerRequestFilter.doFilter(OncePerRequestFilter.java:116)
		at org.springframework.security.web.FilterChainProxy$VirtualFilterChain.doFilter(FilterChainProxy.java:374)
		at org.springframework.security.web.FilterChainProxy.doFilterInternal(FilterChainProxy.java:233)
		at org.springframework.security.web.FilterChainProxy.doFilter(FilterChainProxy.java:191)
		at org.springframework.web.filter.CompositeFilter$VirtualFilterChain.doFilter(CompositeFilter.java:113)
		at org.springframework.web.filter.ServletRequestPathFilter.doFilter(ServletRequestPathFilter.java:52)
		at org.springframework.web.filter.CompositeFilter$VirtualFilterChain.doFilter(CompositeFilter.java:113)
		at org.springframework.web.filter.CompositeFilter.doFilter(CompositeFilter.java:74)
		at org.springframework.security.config.annotation.web.configuration.WebSecurityConfiguration$CompositeFilterChainProxy.doFilter(WebSecurityConfiguration.java:319)
		at org.springframework.web.filter.CompositeFilter$VirtualFilterChain.doFilter(CompositeFilter.java:113)
		at org.springframework.web.servlet.handler.HandlerMappingIntrospector.lambda$createCacheFilter$4(HandlerMappingIntrospector.java:267)
		at org.springframework.web.filter.CompositeFilter$VirtualFilterChain.doFilter(CompositeFilter.java:113)
		at org.springframework.web.filter.CompositeFilter.doFilter(CompositeFilter.java:74)
		at org.springframework.security.config.annotation.web.configuration.WebMvcSecurityConfiguration$CompositeFilterChainProxy.doFilter(WebMvcSecurityConfiguration.java:240)
		at org.springframework.web.filter.DelegatingFilterProxy.invokeDelegate(DelegatingFilterProxy.java:362)
		at org.springframework.web.filter.DelegatingFilterProxy.doFilter(DelegatingFilterProxy.java:278)
		at org.apache.catalina.core.ApplicationFilterChain.internalDoFilter(ApplicationFilterChain.java:162)
		at org.apache.catalina.core.ApplicationFilterChain.doFilter(ApplicationFilterChain.java:138)
		at org.apache.catalina.core.StandardWrapperValve.invoke(StandardWrapperValve.java:165)
		at org.apache.catalina.core.StandardContextValve.invoke(StandardContextValve.java:88)
		at org.apache.catalina.authenticator.AuthenticatorBase.invoke(AuthenticatorBase.java:482)
		at org.apache.catalina.core.StandardHostValve.invoke(StandardHostValve.java:113)
		at org.apache.catalina.valves.ErrorReportValve.invoke(ErrorReportValve.java:83)
		at org.apache.catalina.valves.AbstractAccessLogValve.invoke(AbstractAccessLogValve.java:654)
		at org.apache.catalina.core.StandardEngineValve.invoke(StandardEngineValve.java:72)
		at org.apache.catalina.connector.CoyoteAdapter.service(CoyoteAdapter.java:342)
		at org.apache.coyote.http11.Http11Processor.service(Http11Processor.java:399)
		at org.apache.coyote.AbstractProcessorLight.process(AbstractProcessorLight.java:63)
		at org.apache.coyote.AbstractProtocol$ConnectionHandler.process(AbstractProtocol.java:903)
		at org.apache.tomcat.util.net.NioEndpoint$SocketProcessor.doRun(NioEndpoint.java:1774)
		at org.apache.tomcat.util.net.SocketProcessorBase.run(SocketProcessorBase.java:52)
		at org.apache.tomcat.util.threads.ThreadPoolExecutor.runWorker(ThreadPoolExecutor.java:973)
		at org.apache.tomcat.util.threads.ThreadPoolExecutor$Worker.run(ThreadPoolExecutor.java:491)
		at org.apache.tomcat.util.threads.TaskThread$WrappingRunnable.run(TaskThread.java:63)
		at java.base/java.lang.Thread.run(Thread.java:1583)
19-Dec-2025 08:43:36.935 심각 [http-nio-8080-exec-3] org.apache.catalina.core.ApplicationDispatcher.invoke 서블릿 [jsp]을(를) 위한 Servlet.service() 호출이 예외를 발생시켰습니다.
	org.apache.jasper.JasperException: 절대 URI인 [http://xmlns.jcp.org/jsp/jstl/core]을(를), web.xml 또는 이 애플리케이션과 함께 배치된 JAR 파일 내에서 찾을 수 없습니다.
		at org.apache.jasper.compiler.DefaultErrorHandler.jspError(DefaultErrorHandler.java:35)
		at org.apache.jasper.compiler.ErrorDispatcher.dispatch(ErrorDispatcher.java:267)
		at org.apache.jasper.compiler.ErrorDispatcher.jspError(ErrorDispatcher.java:74)
		at org.apache.jasper.compiler.TagLibraryInfoImpl.generateTldResourcePath(TagLibraryInfoImpl.java:242)
		at org.apache.jasper.compiler.TagLibraryInfoImpl.<init>(TagLibraryInfoImpl.java:116)
		at org.apache.jasper.compiler.Parser.parseTaglibDirective(Parser.java:405)
		at org.apache.jasper.compiler.Parser.parseDirective(Parser.java:458)
		at org.apache.jasper.compiler.Parser.parseElements(Parser.java:1348)
		at org.apache.jasper.compiler.Parser.parse(Parser.java:127)
		at org.apache.jasper.compiler.ParserController.doParse(ParserController.java:240)
		at org.apache.jasper.compiler.ParserController.parse(ParserController.java:103)
		at org.apache.jasper.compiler.Compiler.generateJava(Compiler.java:188)
		at org.apache.jasper.compiler.Compiler.compile(Compiler.java:361)
		at org.apache.jasper.compiler.Compiler.compile(Compiler.java:339)
		at org.apache.jasper.compiler.Compiler.compile(Compiler.java:325)
		at org.apache.jasper.JspCompilationContext.compile(JspCompilationContext.java:586)
		at org.apache.jasper.servlet.JspServletWrapper.service(JspServletWrapper.java:368)
		at org.apache.jasper.servlet.JspServlet.serviceJspFile(JspServlet.java:350)
		at org.apache.jasper.servlet.JspServlet.service(JspServlet.java:301)
		at jakarta.servlet.http.HttpServlet.service(HttpServlet.java:658)
		at org.apache.catalina.core.ApplicationFilterChain.internalDoFilter(ApplicationFilterChain.java:193)
		at org.apache.catalina.core.ApplicationFilterChain.doFilter(ApplicationFilterChain.java:138)
		at org.apache.catalina.core.ApplicationDispatcher.invoke(ApplicationDispatcher.java:610)
		at org.apache.catalina.core.ApplicationDispatcher.processRequest(ApplicationDispatcher.java:394)
		at org.apache.catalina.core.ApplicationDispatcher.doForward(ApplicationDispatcher.java:321)
		at org.apache.catalina.core.ApplicationDispatcher.forward(ApplicationDispatcher.java:266)
		at org.apache.catalina.core.StandardHostValve.custom(StandardHostValve.java:374)
		at org.apache.catalina.core.StandardHostValve.throwable(StandardHostValve.java:263)
		at org.apache.catalina.core.StandardHostValve.invoke(StandardHostValve.java:147)
		at org.apache.catalina.valves.ErrorReportValve.invoke(ErrorReportValve.java:83)
		at org.apache.catalina.valves.AbstractAccessLogValve.invoke(AbstractAccessLogValve.java:654)
		at org.apache.catalina.core.StandardEngineValve.invoke(StandardEngineValve.java:72)
		at org.apache.catalina.connector.CoyoteAdapter.service(CoyoteAdapter.java:342)
		at org.apache.coyote.http11.Http11Processor.service(Http11Processor.java:399)
		at org.apache.coyote.AbstractProcessorLight.process(AbstractProcessorLight.java:63)
		at org.apache.coyote.AbstractProtocol$ConnectionHandler.process(AbstractProtocol.java:903)
		at org.apache.tomcat.util.net.NioEndpoint$SocketProcessor.doRun(NioEndpoint.java:1774)
		at org.apache.tomcat.util.net.SocketProcessorBase.run(SocketProcessorBase.java:52)
		at org.apache.tomcat.util.threads.ThreadPoolExecutor.runWorker(ThreadPoolExecutor.java:973)
		at org.apache.tomcat.util.threads.ThreadPoolExecutor$Worker.run(ThreadPoolExecutor.java:491)
		at org.apache.tomcat.util.threads.TaskThread$WrappingRunnable.run(TaskThread.java:63)
		at java.base/java.lang.Thread.run(Thread.java:1583)
19-Dec-2025 08:43:36.935 심각 [http-nio-8080-exec-3] org.apache.catalina.core.StandardHostValve.custom Exception Processing [ErrorPage[exceptionType=java.lang.Throwable, location=/common/error.jsp]]
	org.apache.jasper.JasperException: org.apache.jasper.JasperException: 절대 URI인 [http://xmlns.jcp.org/jsp/jstl/core]을(를), web.xml 또는 이 애플리케이션과 함께 배치된 JAR 파일 내에서 찾을 수 없습니다.
		at org.apache.jasper.servlet.JspServletWrapper.handleJspException(JspServletWrapper.java:550)
		at org.apache.jasper.servlet.JspServletWrapper.service(JspServletWrapper.java:394)
		at org.apache.jasper.servlet.JspServlet.serviceJspFile(JspServlet.java:350)
		at org.apache.jasper.servlet.JspServlet.service(JspServlet.java:301)
		at jakarta.servlet.http.HttpServlet.service(HttpServlet.java:658)
		at org.apache.catalina.core.ApplicationFilterChain.internalDoFilter(ApplicationFilterChain.java:193)
		at org.apache.catalina.core.ApplicationFilterChain.doFilter(ApplicationFilterChain.java:138)
		at org.apache.catalina.core.ApplicationDispatcher.invoke(ApplicationDispatcher.java:610)
		at org.apache.catalina.core.ApplicationDispatcher.processRequest(ApplicationDispatcher.java:394)
		at org.apache.catalina.core.ApplicationDispatcher.doForward(ApplicationDispatcher.java:321)
		at org.apache.catalina.core.ApplicationDispatcher.forward(ApplicationDispatcher.java:266)
		at org.apache.catalina.core.StandardHostValve.custom(StandardHostValve.java:374)
		at org.apache.catalina.core.StandardHostValve.throwable(StandardHostValve.java:263)
		at org.apache.catalina.core.StandardHostValve.invoke(StandardHostValve.java:147)
		at org.apache.catalina.valves.ErrorReportValve.invoke(ErrorReportValve.java:83)
		at org.apache.catalina.valves.AbstractAccessLogValve.invoke(AbstractAccessLogValve.java:654)
		at org.apache.catalina.core.StandardEngineValve.invoke(StandardEngineValve.java:72)
		at org.apache.catalina.connector.CoyoteAdapter.service(CoyoteAdapter.java:342)
		at org.apache.coyote.http11.Http11Processor.service(Http11Processor.java:399)
		at org.apache.coyote.AbstractProcessorLight.process(AbstractProcessorLight.java:63)
		at org.apache.coyote.AbstractProtocol$ConnectionHandler.process(AbstractProtocol.java:903)
		at org.apache.tomcat.util.net.NioEndpoint$SocketProcessor.doRun(NioEndpoint.java:1774)
		at org.apache.tomcat.util.net.SocketProcessorBase.run(SocketProcessorBase.java:52)
		at org.apache.tomcat.util.threads.ThreadPoolExecutor.runWorker(ThreadPoolExecutor.java:973)
		at org.apache.tomcat.util.threads.ThreadPoolExecutor$Worker.run(ThreadPoolExecutor.java:491)
		at org.apache.tomcat.util.threads.TaskThread$WrappingRunnable.run(TaskThread.java:63)
		at java.base/java.lang.Thread.run(Thread.java:1583)
	Caused by: org.apache.jasper.JasperException: 절대 URI인 [http://xmlns.jcp.org/jsp/jstl/core]을(를), web.xml 또는 이 애플리케이션과 함께 배치된 JAR 파일 내에서 찾을 수 없습니다.
		at org.apache.jasper.compiler.DefaultErrorHandler.jspError(DefaultErrorHandler.java:35)
		at org.apache.jasper.compiler.ErrorDispatcher.dispatch(ErrorDispatcher.java:267)
		at org.apache.jasper.compiler.ErrorDispatcher.jspError(ErrorDispatcher.java:74)
		at org.apache.jasper.compiler.TagLibraryInfoImpl.generateTldResourcePath(TagLibraryInfoImpl.java:242)
		at org.apache.jasper.compiler.TagLibraryInfoImpl.<init>(TagLibraryInfoImpl.java:116)
		at org.apache.jasper.compiler.Parser.parseTaglibDirective(Parser.java:405)
		at org.apache.jasper.compiler.Parser.parseDirective(Parser.java:458)
		at org.apache.jasper.compiler.Parser.parseElements(Parser.java:1348)
		at org.apache.jasper.compiler.Parser.parse(Parser.java:127)
		at org.apache.jasper.compiler.ParserController.doParse(ParserController.java:240)
		at org.apache.jasper.compiler.ParserController.parse(ParserController.java:103)
		at org.apache.jasper.compiler.Compiler.generateJava(Compiler.java:188)
		at org.apache.jasper.compiler.Compiler.compile(Compiler.java:361)
		at org.apache.jasper.compiler.Compiler.compile(Compiler.java:339)
		at org.apache.jasper.compiler.Compiler.compile(Compiler.java:325)
		at org.apache.jasper.JspCompilationContext.compile(JspCompilationContext.java:586)
		at org.apache.jasper.servlet.JspServletWrapper.service(JspServletWrapper.java:368)
		... 25 more
19-Dec-2025 08:46:27.740 심각 [http-nio-8080-exec-8] org.apache.catalina.core.ApplicationDispatcher.invoke 서블릿 [jsp]을(를) 위한 Servlet.service() 호출이 예외를 발생시켰습니다.
	org.apache.jasper.JasperException: 절대 URI인 [http://xmlns.jcp.org/jsp/jstl/core]을(를), web.xml 또는 이 애플리케이션과 함께 배치된 JAR 파일 내에서 찾을 수 없습니다.
		at org.apache.jasper.compiler.DefaultErrorHandler.jspError(DefaultErrorHandler.java:35)
		at org.apache.jasper.compiler.ErrorDispatcher.dispatch(ErrorDispatcher.java:267)
		at org.apache.jasper.compiler.ErrorDispatcher.jspError(ErrorDispatcher.java:74)
		at org.apache.jasper.compiler.TagLibraryInfoImpl.generateTldResourcePath(TagLibraryInfoImpl.java:242)
		at org.apache.jasper.compiler.TagLibraryInfoImpl.<init>(TagLibraryInfoImpl.java:116)
		at org.apache.jasper.compiler.Parser.parseTaglibDirective(Parser.java:405)
		at org.apache.jasper.compiler.Parser.parseDirective(Parser.java:458)
		at org.apache.jasper.compiler.Parser.parseElements(Parser.java:1348)
		at org.apache.jasper.compiler.Parser.parse(Parser.java:127)
		at org.apache.jasper.compiler.ParserController.doParse(ParserController.java:240)
		at org.apache.jasper.compiler.ParserController.parse(ParserController.java:103)
		at org.apache.jasper.compiler.Compiler.generateJava(Compiler.java:188)
		at org.apache.jasper.compiler.Compiler.compile(Compiler.java:361)
		at org.apache.jasper.compiler.Compiler.compile(Compiler.java:339)
		at org.apache.jasper.compiler.Compiler.compile(Compiler.java:325)
		at org.apache.jasper.JspCompilationContext.compile(JspCompilationContext.java:586)
		at org.apache.jasper.servlet.JspServletWrapper.service(JspServletWrapper.java:368)
		at org.apache.jasper.servlet.JspServlet.serviceJspFile(JspServlet.java:350)
		at org.apache.jasper.servlet.JspServlet.service(JspServlet.java:301)
		at jakarta.servlet.http.HttpServlet.service(HttpServlet.java:658)
		at org.apache.catalina.core.ApplicationFilterChain.internalDoFilter(ApplicationFilterChain.java:193)
		at org.apache.catalina.core.ApplicationFilterChain.doFilter(ApplicationFilterChain.java:138)
		at org.apache.tomcat.websocket.server.WsFilter.doFilter(WsFilter.java:51)
		at org.apache.catalina.core.ApplicationFilterChain.internalDoFilter(ApplicationFilterChain.java:162)
		at org.apache.catalina.core.ApplicationFilterChain.doFilter(ApplicationFilterChain.java:138)
		at org.apache.catalina.core.ApplicationDispatcher.invoke(ApplicationDispatcher.java:610)
		at org.apache.catalina.core.ApplicationDispatcher.processRequest(ApplicationDispatcher.java:392)
		at org.apache.catalina.core.ApplicationDispatcher.doForward(ApplicationDispatcher.java:321)
		at org.apache.catalina.core.ApplicationDispatcher.forward(ApplicationDispatcher.java:266)
		at org.springframework.security.web.header.HeaderWriterFilter$HeaderWriterRequestDispatcher.forward(HeaderWriterFilter.java:170)
		at org.springframework.web.servlet.view.InternalResourceView.renderMergedOutputModel(InternalResourceView.java:171)
		at org.springframework.web.servlet.view.AbstractView.render(AbstractView.java:314)
		at org.springframework.web.servlet.DispatcherServlet.render(DispatcherServlet.java:1438)
		at org.springframework.web.servlet.DispatcherServlet.processDispatchResult(DispatcherServlet.java:1168)
		at org.springframework.web.servlet.DispatcherServlet.doDispatch(DispatcherServlet.java:1106)
		at org.springframework.web.servlet.DispatcherServlet.doService(DispatcherServlet.java:979)
		at org.springframework.web.servlet.FrameworkServlet.processRequest(FrameworkServlet.java:1014)
		at org.springframework.web.servlet.FrameworkServlet.doGet(FrameworkServlet.java:903)
		at jakarta.servlet.http.HttpServlet.service(HttpServlet.java:564)
		at org.springframework.web.servlet.FrameworkServlet.service(FrameworkServlet.java:885)
		at jakarta.servlet.http.HttpServlet.service(HttpServlet.java:658)
		at org.apache.catalina.core.ApplicationFilterChain.internalDoFilter(ApplicationFilterChain.java:193)
		at org.apache.catalina.core.ApplicationFilterChain.doFilter(ApplicationFilterChain.java:138)
		at org.apache.tomcat.websocket.server.WsFilter.doFilter(WsFilter.java:51)
		at org.apache.catalina.core.ApplicationFilterChain.internalDoFilter(ApplicationFilterChain.java:162)
		at org.apache.catalina.core.ApplicationFilterChain.doFilter(ApplicationFilterChain.java:138)
		at org.springframework.web.filter.CompositeFilter$VirtualFilterChain.doFilter(CompositeFilter.java:108)
		at org.springframework.web.filter.CompositeFilter$VirtualFilterChain.doFilter(CompositeFilter.java:108)
		at org.springframework.security.web.FilterChainProxy.lambda$doFilterInternal$3(FilterChainProxy.java:231)
		at org.springframework.security.web.FilterChainProxy$VirtualFilterChain.doFilter(FilterChainProxy.java:365)
		at org.springframework.security.web.access.intercept.AuthorizationFilter.doFilter(AuthorizationFilter.java:101)
		at org.springframework.security.web.FilterChainProxy$VirtualFilterChain.doFilter(FilterChainProxy.java:374)
		at org.springframework.security.web.access.ExceptionTranslationFilter.doFilter(ExceptionTranslationFilter.java:125)
		at org.springframework.security.web.access.ExceptionTranslationFilter.doFilter(ExceptionTranslationFilter.java:119)
		at org.springframework.security.web.FilterChainProxy$VirtualFilterChain.doFilter(FilterChainProxy.java:374)
		at org.springframework.security.web.authentication.AnonymousAuthenticationFilter.doFilter(AnonymousAuthenticationFilter.java:100)
		at org.springframework.security.web.FilterChainProxy$VirtualFilterChain.doFilter(FilterChainProxy.java:374)
		at org.springframework.security.web.servletapi.SecurityContextHolderAwareRequestFilter.doFilter(SecurityContextHolderAwareRequestFilter.java:179)
		at org.springframework.security.web.FilterChainProxy$VirtualFilterChain.doFilter(FilterChainProxy.java:374)
		at org.springframework.security.web.savedrequest.RequestCacheAwareFilter.doFilter(RequestCacheAwareFilter.java:63)
		at org.springframework.security.web.FilterChainProxy$VirtualFilterChain.doFilter(FilterChainProxy.java:374)
		at org.springframework.security.web.authentication.logout.LogoutFilter.doFilter(LogoutFilter.java:107)
		at org.springframework.security.web.authentication.logout.LogoutFilter.doFilter(LogoutFilter.java:93)
		at org.springframework.security.web.FilterChainProxy$VirtualFilterChain.doFilter(FilterChainProxy.java:374)
		at org.springframework.security.web.header.HeaderWriterFilter.doHeadersAfter(HeaderWriterFilter.java:90)
		at org.springframework.security.web.header.HeaderWriterFilter.doFilterInternal(HeaderWriterFilter.java:75)
		at org.springframework.web.filter.OncePerRequestFilter.doFilter(OncePerRequestFilter.java:116)
		at org.springframework.security.web.FilterChainProxy$VirtualFilterChain.doFilter(FilterChainProxy.java:374)
		at org.springframework.security.web.context.SecurityContextHolderFilter.doFilter(SecurityContextHolderFilter.java:82)
		at org.springframework.security.web.context.SecurityContextHolderFilter.doFilter(SecurityContextHolderFilter.java:69)
		at org.springframework.security.web.FilterChainProxy$VirtualFilterChain.doFilter(FilterChainProxy.java:374)
		at org.springframework.security.web.context.request.async.WebAsyncManagerIntegrationFilter.doFilterInternal(WebAsyncManagerIntegrationFilter.java:62)
		at org.springframework.web.filter.OncePerRequestFilter.doFilter(OncePerRequestFilter.java:116)
		at org.springframework.security.web.FilterChainProxy$VirtualFilterChain.doFilter(FilterChainProxy.java:374)
		at org.springframework.security.web.session.DisableEncodeUrlFilter.doFilterInternal(DisableEncodeUrlFilter.java:42)
		at org.springframework.web.filter.OncePerRequestFilter.doFilter(OncePerRequestFilter.java:116)
		at org.springframework.security.web.FilterChainProxy$VirtualFilterChain.doFilter(FilterChainProxy.java:374)
		at org.springframework.security.web.FilterChainProxy.doFilterInternal(FilterChainProxy.java:233)
		at org.springframework.security.web.FilterChainProxy.doFilter(FilterChainProxy.java:191)
		at org.springframework.web.filter.CompositeFilter$VirtualFilterChain.doFilter(CompositeFilter.java:113)
		at org.springframework.web.filter.ServletRequestPathFilter.doFilter(ServletRequestPathFilter.java:52)
		at org.springframework.web.filter.CompositeFilter$VirtualFilterChain.doFilter(CompositeFilter.java:113)
		at org.springframework.web.filter.CompositeFilter.doFilter(CompositeFilter.java:74)
		at org.springframework.security.config.annotation.web.configuration.WebSecurityConfiguration$CompositeFilterChainProxy.doFilter(WebSecurityConfiguration.java:319)
		at org.springframework.web.filter.CompositeFilter$VirtualFilterChain.doFilter(CompositeFilter.java:113)
		at org.springframework.web.servlet.handler.HandlerMappingIntrospector.lambda$createCacheFilter$4(HandlerMappingIntrospector.java:267)
		at org.springframework.web.filter.CompositeFilter$VirtualFilterChain.doFilter(CompositeFilter.java:113)
		at org.springframework.web.filter.CompositeFilter.doFilter(CompositeFilter.java:74)
		at org.springframework.security.config.annotation.web.configuration.WebMvcSecurityConfiguration$CompositeFilterChainProxy.doFilter(WebMvcSecurityConfiguration.java:240)
		at org.springframework.web.filter.DelegatingFilterProxy.invokeDelegate(DelegatingFilterProxy.java:362)
		at org.springframework.web.filter.DelegatingFilterProxy.doFilter(DelegatingFilterProxy.java:278)
		at org.apache.catalina.core.ApplicationFilterChain.internalDoFilter(ApplicationFilterChain.java:162)
		at org.apache.catalina.core.ApplicationFilterChain.doFilter(ApplicationFilterChain.java:138)
		at egovframework.com.cmm.filter.HTMLTagFilter.doFilter(HTMLTagFilter.java:35)
		at org.apache.catalina.core.ApplicationFilterChain.internalDoFilter(ApplicationFilterChain.java:162)
		at org.apache.catalina.core.ApplicationFilterChain.doFilter(ApplicationFilterChain.java:138)
		at org.springframework.web.multipart.support.MultipartFilter.doFilterInternal(MultipartFilter.java:125)
		at org.springframework.web.filter.OncePerRequestFilter.doFilter(OncePerRequestFilter.java:116)
		at org.apache.catalina.core.ApplicationFilterChain.internalDoFilter(ApplicationFilterChain.java:162)
		at org.apache.catalina.core.ApplicationFilterChain.doFilter(ApplicationFilterChain.java:138)
		at org.springframework.web.filter.CharacterEncodingFilter.doFilterInternal(CharacterEncodingFilter.java:201)
		at org.springframework.web.filter.OncePerRequestFilter.doFilter(OncePerRequestFilter.java:116)
		at org.apache.catalina.core.ApplicationFilterChain.internalDoFilter(ApplicationFilterChain.java:162)
		at org.apache.catalina.core.ApplicationFilterChain.doFilter(ApplicationFilterChain.java:138)
		at org.apache.catalina.core.StandardWrapperValve.invoke(StandardWrapperValve.java:165)
		at org.apache.catalina.core.StandardContextValve.invoke(StandardContextValve.java:88)
		at org.apache.catalina.authenticator.AuthenticatorBase.invoke(AuthenticatorBase.java:482)
		at org.apache.catalina.core.StandardHostValve.invoke(StandardHostValve.java:113)
		at org.apache.catalina.valves.ErrorReportValve.invoke(ErrorReportValve.java:83)
		at org.apache.catalina.valves.AbstractAccessLogValve.invoke(AbstractAccessLogValve.java:654)
		at org.apache.catalina.core.StandardEngineValve.invoke(StandardEngineValve.java:72)
		at org.apache.catalina.connector.CoyoteAdapter.service(CoyoteAdapter.java:342)
		at org.apache.coyote.http11.Http11Processor.service(Http11Processor.java:399)
		at org.apache.coyote.AbstractProcessorLight.process(AbstractProcessorLight.java:63)
		at org.apache.coyote.AbstractProtocol$ConnectionHandler.process(AbstractProtocol.java:903)
		at org.apache.tomcat.util.net.NioEndpoint$SocketProcessor.doRun(NioEndpoint.java:1774)
		at org.apache.tomcat.util.net.SocketProcessorBase.run(SocketProcessorBase.java:52)
		at org.apache.tomcat.util.threads.ThreadPoolExecutor.runWorker(ThreadPoolExecutor.java:973)
		at org.apache.tomcat.util.threads.ThreadPoolExecutor$Worker.run(ThreadPoolExecutor.java:491)
		at org.apache.tomcat.util.threads.TaskThread$WrappingRunnable.run(TaskThread.java:63)
		at java.base/java.lang.Thread.run(Thread.java:1583)
19-Dec-2025 08:46:27.745 심각 [http-nio-8080-exec-8] org.apache.catalina.core.StandardWrapperValve.invoke 경로 []의 컨텍스트 내의 서블릿 [action]을(를) 위한 Servlet.service() 호출이, 근본 원인(root cause)과 함께, 예외 [org.apache.jasper.JasperException: 절대 URI인 [http://xmlns.jcp.org/jsp/jstl/core]을(를), web.xml 또는 이 애플리케이션과 함께 배치된 JAR 파일 내에서 찾을 수 없습니다.]을(를) 발생시켰습니다.
	org.apache.jasper.JasperException: 절대 URI인 [http://xmlns.jcp.org/jsp/jstl/core]을(를), web.xml 또는 이 애플리케이션과 함께 배치된 JAR 파일 내에서 찾을 수 없습니다.
		at org.apache.jasper.compiler.DefaultErrorHandler.jspError(DefaultErrorHandler.java:35)
		at org.apache.jasper.compiler.ErrorDispatcher.dispatch(ErrorDispatcher.java:267)
		at org.apache.jasper.compiler.ErrorDispatcher.jspError(ErrorDispatcher.java:74)
		at org.apache.jasper.compiler.TagLibraryInfoImpl.generateTldResourcePath(TagLibraryInfoImpl.java:242)
		at org.apache.jasper.compiler.TagLibraryInfoImpl.<init>(TagLibraryInfoImpl.java:116)
		at org.apache.jasper.compiler.Parser.parseTaglibDirective(Parser.java:405)
		at org.apache.jasper.compiler.Parser.parseDirective(Parser.java:458)
		at org.apache.jasper.compiler.Parser.parseElements(Parser.java:1348)
		at org.apache.jasper.compiler.Parser.parse(Parser.java:127)
		at org.apache.jasper.compiler.ParserController.doParse(ParserController.java:240)
		at org.apache.jasper.compiler.ParserController.parse(ParserController.java:103)
		at org.apache.jasper.compiler.Compiler.generateJava(Compiler.java:188)
		at org.apache.jasper.compiler.Compiler.compile(Compiler.java:361)
		at org.apache.jasper.compiler.Compiler.compile(Compiler.java:339)
		at org.apache.jasper.compiler.Compiler.compile(Compiler.java:325)
		at org.apache.jasper.JspCompilationContext.compile(JspCompilationContext.java:586)
		at org.apache.jasper.servlet.JspServletWrapper.service(JspServletWrapper.java:368)
		at org.apache.jasper.servlet.JspServlet.serviceJspFile(JspServlet.java:350)
		at org.apache.jasper.servlet.JspServlet.service(JspServlet.java:301)
		at jakarta.servlet.http.HttpServlet.service(HttpServlet.java:658)
		at org.apache.catalina.core.ApplicationFilterChain.internalDoFilter(ApplicationFilterChain.java:193)
		at org.apache.catalina.core.ApplicationFilterChain.doFilter(ApplicationFilterChain.java:138)
		at org.apache.tomcat.websocket.server.WsFilter.doFilter(WsFilter.java:51)
		at org.apache.catalina.core.ApplicationFilterChain.internalDoFilter(ApplicationFilterChain.java:162)
		at org.apache.catalina.core.ApplicationFilterChain.doFilter(ApplicationFilterChain.java:138)
		at org.apache.catalina.core.ApplicationDispatcher.invoke(ApplicationDispatcher.java:610)
		at org.apache.catalina.core.ApplicationDispatcher.processRequest(ApplicationDispatcher.java:392)
		at org.apache.catalina.core.ApplicationDispatcher.doForward(ApplicationDispatcher.java:321)
		at org.apache.catalina.core.ApplicationDispatcher.forward(ApplicationDispatcher.java:266)
		at org.springframework.security.web.header.HeaderWriterFilter$HeaderWriterRequestDispatcher.forward(HeaderWriterFilter.java:170)
		at org.springframework.web.servlet.view.InternalResourceView.renderMergedOutputModel(InternalResourceView.java:171)
		at org.springframework.web.servlet.view.AbstractView.render(AbstractView.java:314)
		at org.springframework.web.servlet.DispatcherServlet.render(DispatcherServlet.java:1438)
		at org.springframework.web.servlet.DispatcherServlet.processDispatchResult(DispatcherServlet.java:1168)
		at org.springframework.web.servlet.DispatcherServlet.doDispatch(DispatcherServlet.java:1106)
		at org.springframework.web.servlet.DispatcherServlet.doService(DispatcherServlet.java:979)
		at org.springframework.web.servlet.FrameworkServlet.processRequest(FrameworkServlet.java:1014)
		at org.springframework.web.servlet.FrameworkServlet.doGet(FrameworkServlet.java:903)
		at jakarta.servlet.http.HttpServlet.service(HttpServlet.java:564)
		at org.springframework.web.servlet.FrameworkServlet.service(FrameworkServlet.java:885)
		at jakarta.servlet.http.HttpServlet.service(HttpServlet.java:658)
		at org.apache.catalina.core.ApplicationFilterChain.internalDoFilter(ApplicationFilterChain.java:193)
		at org.apache.catalina.core.ApplicationFilterChain.doFilter(ApplicationFilterChain.java:138)
		at org.apache.tomcat.websocket.server.WsFilter.doFilter(WsFilter.java:51)
		at org.apache.catalina.core.ApplicationFilterChain.internalDoFilter(ApplicationFilterChain.java:162)
		at org.apache.catalina.core.ApplicationFilterChain.doFilter(ApplicationFilterChain.java:138)
		at org.springframework.web.filter.CompositeFilter$VirtualFilterChain.doFilter(CompositeFilter.java:108)
		at org.springframework.web.filter.CompositeFilter$VirtualFilterChain.doFilter(CompositeFilter.java:108)
		at org.springframework.security.web.FilterChainProxy.lambda$doFilterInternal$3(FilterChainProxy.java:231)
		at org.springframework.security.web.FilterChainProxy$VirtualFilterChain.doFilter(FilterChainProxy.java:365)
		at org.springframework.security.web.access.intercept.AuthorizationFilter.doFilter(AuthorizationFilter.java:101)
		at org.springframework.security.web.FilterChainProxy$VirtualFilterChain.doFilter(FilterChainProxy.java:374)
		at org.springframework.security.web.access.ExceptionTranslationFilter.doFilter(ExceptionTranslationFilter.java:125)
		at org.springframework.security.web.access.ExceptionTranslationFilter.doFilter(ExceptionTranslationFilter.java:119)
		at org.springframework.security.web.FilterChainProxy$VirtualFilterChain.doFilter(FilterChainProxy.java:374)
		at org.springframework.security.web.authentication.AnonymousAuthenticationFilter.doFilter(AnonymousAuthenticationFilter.java:100)
		at org.springframework.security.web.FilterChainProxy$VirtualFilterChain.doFilter(FilterChainProxy.java:374)
		at org.springframework.security.web.servletapi.SecurityContextHolderAwareRequestFilter.doFilter(SecurityContextHolderAwareRequestFilter.java:179)
		at org.springframework.security.web.FilterChainProxy$VirtualFilterChain.doFilter(FilterChainProxy.java:374)
		at org.springframework.security.web.savedrequest.RequestCacheAwareFilter.doFilter(RequestCacheAwareFilter.java:63)
		at org.springframework.security.web.FilterChainProxy$VirtualFilterChain.doFilter(FilterChainProxy.java:374)
		at org.springframework.security.web.authentication.logout.LogoutFilter.doFilter(LogoutFilter.java:107)
		at org.springframework.security.web.authentication.logout.LogoutFilter.doFilter(LogoutFilter.java:93)
		at org.springframework.security.web.FilterChainProxy$VirtualFilterChain.doFilter(FilterChainProxy.java:374)
		at org.springframework.security.web.header.HeaderWriterFilter.doHeadersAfter(HeaderWriterFilter.java:90)
		at org.springframework.security.web.header.HeaderWriterFilter.doFilterInternal(HeaderWriterFilter.java:75)
		at org.springframework.web.filter.OncePerRequestFilter.doFilter(OncePerRequestFilter.java:116)
		at org.springframework.security.web.FilterChainProxy$VirtualFilterChain.doFilter(FilterChainProxy.java:374)
		at org.springframework.security.web.context.SecurityContextHolderFilter.doFilter(SecurityContextHolderFilter.java:82)
		at org.springframework.security.web.context.SecurityContextHolderFilter.doFilter(SecurityContextHolderFilter.java:69)
		at org.springframework.security.web.FilterChainProxy$VirtualFilterChain.doFilter(FilterChainProxy.java:374)
		at org.springframework.security.web.context.request.async.WebAsyncManagerIntegrationFilter.doFilterInternal(WebAsyncManagerIntegrationFilter.java:62)
		at org.springframework.web.filter.OncePerRequestFilter.doFilter(OncePerRequestFilter.java:116)
		at org.springframework.security.web.FilterChainProxy$VirtualFilterChain.doFilter(FilterChainProxy.java:374)
		at org.springframework.security.web.session.DisableEncodeUrlFilter.doFilterInternal(DisableEncodeUrlFilter.java:42)
		at org.springframework.web.filter.OncePerRequestFilter.doFilter(OncePerRequestFilter.java:116)
		at org.springframework.security.web.FilterChainProxy$VirtualFilterChain.doFilter(FilterChainProxy.java:374)
		at org.springframework.security.web.FilterChainProxy.doFilterInternal(FilterChainProxy.java:233)
		at org.springframework.security.web.FilterChainProxy.doFilter(FilterChainProxy.java:191)
		at org.springframework.web.filter.CompositeFilter$VirtualFilterChain.doFilter(CompositeFilter.java:113)
		at org.springframework.web.filter.ServletRequestPathFilter.doFilter(ServletRequestPathFilter.java:52)
		at org.springframework.web.filter.CompositeFilter$VirtualFilterChain.doFilter(CompositeFilter.java:113)
		at org.springframework.web.filter.CompositeFilter.doFilter(CompositeFilter.java:74)
		at org.springframework.security.config.annotation.web.configuration.WebSecurityConfiguration$CompositeFilterChainProxy.doFilter(WebSecurityConfiguration.java:319)
		at org.springframework.web.filter.CompositeFilter$VirtualFilterChain.doFilter(CompositeFilter.java:113)
		at org.springframework.web.servlet.handler.HandlerMappingIntrospector.lambda$createCacheFilter$4(HandlerMappingIntrospector.java:267)
		at org.springframework.web.filter.CompositeFilter$VirtualFilterChain.doFilter(CompositeFilter.java:113)
		at org.springframework.web.filter.CompositeFilter.doFilter(CompositeFilter.java:74)
		at org.springframework.security.config.annotation.web.configuration.WebMvcSecurityConfiguration$CompositeFilterChainProxy.doFilter(WebMvcSecurityConfiguration.java:240)
		at org.springframework.web.filter.DelegatingFilterProxy.invokeDelegate(DelegatingFilterProxy.java:362)
		at org.springframework.web.filter.DelegatingFilterProxy.doFilter(DelegatingFilterProxy.java:278)
		at org.apache.catalina.core.ApplicationFilterChain.internalDoFilter(ApplicationFilterChain.java:162)
		at org.apache.catalina.core.ApplicationFilterChain.doFilter(ApplicationFilterChain.java:138)
		at egovframework.com.cmm.filter.HTMLTagFilter.doFilter(HTMLTagFilter.java:35)
		at org.apache.catalina.core.ApplicationFilterChain.internalDoFilter(ApplicationFilterChain.java:162)
		at org.apache.catalina.core.ApplicationFilterChain.doFilter(ApplicationFilterChain.java:138)
		at org.springframework.web.multipart.support.MultipartFilter.doFilterInternal(MultipartFilter.java:125)
		at org.springframework.web.filter.OncePerRequestFilter.doFilter(OncePerRequestFilter.java:116)
		at org.apache.catalina.core.ApplicationFilterChain.internalDoFilter(ApplicationFilterChain.java:162)
		at org.apache.catalina.core.ApplicationFilterChain.doFilter(ApplicationFilterChain.java:138)
		at org.springframework.web.filter.CharacterEncodingFilter.doFilterInternal(CharacterEncodingFilter.java:201)
		at org.springframework.web.filter.OncePerRequestFilter.doFilter(OncePerRequestFilter.java:116)
		at org.apache.catalina.core.ApplicationFilterChain.internalDoFilter(ApplicationFilterChain.java:162)
		at org.apache.catalina.core.ApplicationFilterChain.doFilter(ApplicationFilterChain.java:138)
		at org.apache.catalina.core.StandardWrapperValve.invoke(StandardWrapperValve.java:165)
		at org.apache.catalina.core.StandardContextValve.invoke(StandardContextValve.java:88)
		at org.apache.catalina.authenticator.AuthenticatorBase.invoke(AuthenticatorBase.java:482)
		at org.apache.catalina.core.StandardHostValve.invoke(StandardHostValve.java:113)
		at org.apache.catalina.valves.ErrorReportValve.invoke(ErrorReportValve.java:83)
		at org.apache.catalina.valves.AbstractAccessLogValve.invoke(AbstractAccessLogValve.java:654)
		at org.apache.catalina.core.StandardEngineValve.invoke(StandardEngineValve.java:72)
		at org.apache.catalina.connector.CoyoteAdapter.service(CoyoteAdapter.java:342)
		at org.apache.coyote.http11.Http11Processor.service(Http11Processor.java:399)
		at org.apache.coyote.AbstractProcessorLight.process(AbstractProcessorLight.java:63)
		at org.apache.coyote.AbstractProtocol$ConnectionHandler.process(AbstractProtocol.java:903)
		at org.apache.tomcat.util.net.NioEndpoint$SocketProcessor.doRun(NioEndpoint.java:1774)
		at org.apache.tomcat.util.net.SocketProcessorBase.run(SocketProcessorBase.java:52)
		at org.apache.tomcat.util.threads.ThreadPoolExecutor.runWorker(ThreadPoolExecutor.java:973)
		at org.apache.tomcat.util.threads.ThreadPoolExecutor$Worker.run(ThreadPoolExecutor.java:491)
		at org.apache.tomcat.util.threads.TaskThread$WrappingRunnable.run(TaskThread.java:63)
		at java.base/java.lang.Thread.run(Thread.java:1583)
19-Dec-2025 08:46:27.748 심각 [http-nio-8080-exec-8] org.apache.catalina.core.ApplicationDispatcher.invoke 서블릿 [jsp]을(를) 위한 Servlet.service() 호출이 예외를 발생시켰습니다.
	org.apache.jasper.JasperException: 절대 URI인 [http://xmlns.jcp.org/jsp/jstl/core]을(를), web.xml 또는 이 애플리케이션과 함께 배치된 JAR 파일 내에서 찾을 수 없습니다.
		at org.apache.jasper.compiler.DefaultErrorHandler.jspError(DefaultErrorHandler.java:35)
		at org.apache.jasper.compiler.ErrorDispatcher.dispatch(ErrorDispatcher.java:267)
		at org.apache.jasper.compiler.ErrorDispatcher.jspError(ErrorDispatcher.java:74)
		at org.apache.jasper.compiler.TagLibraryInfoImpl.generateTldResourcePath(TagLibraryInfoImpl.java:242)
		at org.apache.jasper.compiler.TagLibraryInfoImpl.<init>(TagLibraryInfoImpl.java:116)
		at org.apache.jasper.compiler.Parser.parseTaglibDirective(Parser.java:405)
		at org.apache.jasper.compiler.Parser.parseDirective(Parser.java:458)
		at org.apache.jasper.compiler.Parser.parseElements(Parser.java:1348)
		at org.apache.jasper.compiler.Parser.parse(Parser.java:127)
		at org.apache.jasper.compiler.ParserController.doParse(ParserController.java:240)
		at org.apache.jasper.compiler.ParserController.parse(ParserController.java:103)
		at org.apache.jasper.compiler.Compiler.generateJava(Compiler.java:188)
		at org.apache.jasper.compiler.Compiler.compile(Compiler.java:361)
		at org.apache.jasper.compiler.Compiler.compile(Compiler.java:339)
		at org.apache.jasper.compiler.Compiler.compile(Compiler.java:325)
		at org.apache.jasper.JspCompilationContext.compile(JspCompilationContext.java:586)
		at org.apache.jasper.servlet.JspServletWrapper.service(JspServletWrapper.java:368)
		at org.apache.jasper.servlet.JspServlet.serviceJspFile(JspServlet.java:350)
		at org.apache.jasper.servlet.JspServlet.service(JspServlet.java:301)
		at jakarta.servlet.http.HttpServlet.service(HttpServlet.java:658)
		at org.apache.catalina.core.ApplicationFilterChain.internalDoFilter(ApplicationFilterChain.java:193)
		at org.apache.catalina.core.ApplicationFilterChain.doFilter(ApplicationFilterChain.java:138)
		at org.apache.catalina.core.ApplicationDispatcher.invoke(ApplicationDispatcher.java:610)
		at org.apache.catalina.core.ApplicationDispatcher.processRequest(ApplicationDispatcher.java:394)
		at org.apache.catalina.core.ApplicationDispatcher.doForward(ApplicationDispatcher.java:321)
		at org.apache.catalina.core.ApplicationDispatcher.forward(ApplicationDispatcher.java:266)
		at org.apache.catalina.core.StandardHostValve.custom(StandardHostValve.java:374)
		at org.apache.catalina.core.StandardHostValve.throwable(StandardHostValve.java:263)
		at org.apache.catalina.core.StandardHostValve.invoke(StandardHostValve.java:147)
		at org.apache.catalina.valves.ErrorReportValve.invoke(ErrorReportValve.java:83)
		at org.apache.catalina.valves.AbstractAccessLogValve.invoke(AbstractAccessLogValve.java:654)
		at org.apache.catalina.core.StandardEngineValve.invoke(StandardEngineValve.java:72)
		at org.apache.catalina.connector.CoyoteAdapter.service(CoyoteAdapter.java:342)
		at org.apache.coyote.http11.Http11Processor.service(Http11Processor.java:399)
		at org.apache.coyote.AbstractProcessorLight.process(AbstractProcessorLight.java:63)
		at org.apache.coyote.AbstractProtocol$ConnectionHandler.process(AbstractProtocol.java:903)
		at org.apache.tomcat.util.net.NioEndpoint$SocketProcessor.doRun(NioEndpoint.java:1774)
		at org.apache.tomcat.util.net.SocketProcessorBase.run(SocketProcessorBase.java:52)
		at org.apache.tomcat.util.threads.ThreadPoolExecutor.runWorker(ThreadPoolExecutor.java:973)
		at org.apache.tomcat.util.threads.ThreadPoolExecutor$Worker.run(ThreadPoolExecutor.java:491)
		at org.apache.tomcat.util.threads.TaskThread$WrappingRunnable.run(TaskThread.java:63)
		at java.base/java.lang.Thread.run(Thread.java:1583)
19-Dec-2025 08:46:27.749 심각 [http-nio-8080-exec-8] org.apache.catalina.core.StandardHostValve.custom Exception Processing [ErrorPage[exceptionType=java.lang.Throwable, location=/common/error.jsp]]
	org.apache.jasper.JasperException: org.apache.jasper.JasperException: 절대 URI인 [http://xmlns.jcp.org/jsp/jstl/core]을(를), web.xml 또는 이 애플리케이션과 함께 배치된 JAR 파일 내에서 찾을 수 없습니다.
		at org.apache.jasper.servlet.JspServletWrapper.handleJspException(JspServletWrapper.java:550)
		at org.apache.jasper.servlet.JspServletWrapper.service(JspServletWrapper.java:394)
		at org.apache.jasper.servlet.JspServlet.serviceJspFile(JspServlet.java:350)
		at org.apache.jasper.servlet.JspServlet.service(JspServlet.java:301)
		at jakarta.servlet.http.HttpServlet.service(HttpServlet.java:658)
		at org.apache.catalina.core.ApplicationFilterChain.internalDoFilter(ApplicationFilterChain.java:193)
		at org.apache.catalina.core.ApplicationFilterChain.doFilter(ApplicationFilterChain.java:138)
		at org.apache.catalina.core.ApplicationDispatcher.invoke(ApplicationDispatcher.java:610)
		at org.apache.catalina.core.ApplicationDispatcher.processRequest(ApplicationDispatcher.java:394)
		at org.apache.catalina.core.ApplicationDispatcher.doForward(ApplicationDispatcher.java:321)
		at org.apache.catalina.core.ApplicationDispatcher.forward(ApplicationDispatcher.java:266)
		at org.apache.catalina.core.StandardHostValve.custom(StandardHostValve.java:374)
		at org.apache.catalina.core.StandardHostValve.throwable(StandardHostValve.java:263)
		at org.apache.catalina.core.StandardHostValve.invoke(StandardHostValve.java:147)
		at org.apache.catalina.valves.ErrorReportValve.invoke(ErrorReportValve.java:83)
		at org.apache.catalina.valves.AbstractAccessLogValve.invoke(AbstractAccessLogValve.java:654)
		at org.apache.catalina.core.StandardEngineValve.invoke(StandardEngineValve.java:72)
		at org.apache.catalina.connector.CoyoteAdapter.service(CoyoteAdapter.java:342)
		at org.apache.coyote.http11.Http11Processor.service(Http11Processor.java:399)
		at org.apache.coyote.AbstractProcessorLight.process(AbstractProcessorLight.java:63)
		at org.apache.coyote.AbstractProtocol$ConnectionHandler.process(AbstractProtocol.java:903)
		at org.apache.tomcat.util.net.NioEndpoint$SocketProcessor.doRun(NioEndpoint.java:1774)
		at org.apache.tomcat.util.net.SocketProcessorBase.run(SocketProcessorBase.java:52)
		at org.apache.tomcat.util.threads.ThreadPoolExecutor.runWorker(ThreadPoolExecutor.java:973)
		at org.apache.tomcat.util.threads.ThreadPoolExecutor$Worker.run(ThreadPoolExecutor.java:491)
		at org.apache.tomcat.util.threads.TaskThread$WrappingRunnable.run(TaskThread.java:63)
		at java.base/java.lang.Thread.run(Thread.java:1583)
	Caused by: org.apache.jasper.JasperException: 절대 URI인 [http://xmlns.jcp.org/jsp/jstl/core]을(를), web.xml 또는 이 애플리케이션과 함께 배치된 JAR 파일 내에서 찾을 수 없습니다.
		at org.apache.jasper.compiler.DefaultErrorHandler.jspError(DefaultErrorHandler.java:35)
		at org.apache.jasper.compiler.ErrorDispatcher.dispatch(ErrorDispatcher.java:267)
		at org.apache.jasper.compiler.ErrorDispatcher.jspError(ErrorDispatcher.java:74)
		at org.apache.jasper.compiler.TagLibraryInfoImpl.generateTldResourcePath(TagLibraryInfoImpl.java:242)
		at org.apache.jasper.compiler.TagLibraryInfoImpl.<init>(TagLibraryInfoImpl.java:116)
		at org.apache.jasper.compiler.Parser.parseTaglibDirective(Parser.java:405)
		at org.apache.jasper.compiler.Parser.parseDirective(Parser.java:458)
		at org.apache.jasper.compiler.Parser.parseElements(Parser.java:1348)
		at org.apache.jasper.compiler.Parser.parse(Parser.java:127)
		at org.apache.jasper.compiler.ParserController.doParse(ParserController.java:240)
		at org.apache.jasper.compiler.ParserController.parse(ParserController.java:103)
		at org.apache.jasper.compiler.Compiler.generateJava(Compiler.java:188)
		at org.apache.jasper.compiler.Compiler.compile(Compiler.java:361)
		at org.apache.jasper.compiler.Compiler.compile(Compiler.java:339)
		at org.apache.jasper.compiler.Compiler.compile(Compiler.java:325)
		at org.apache.jasper.JspCompilationContext.compile(JspCompilationContext.java:586)
		at org.apache.jasper.servlet.JspServletWrapper.service(JspServletWrapper.java:368)
		... 25 more
19-Dec-2025 08:53:29.550 심각 [http-nio-8080-exec-7] org.apache.catalina.core.StandardWrapperValve.invoke 경로 []의 컨텍스트 내의 서블릿 [jsp]을(를) 위한 Servlet.service() 호출이, 근본 원인(root cause)과 함께, 예외 [org.apache.jasper.JasperException: 절대 URI인 [http://xmlns.jcp.org/jsp/jstl/core]을(를), web.xml 또는 이 애플리케이션과 함께 배치된 JAR 파일 내에서 찾을 수 없습니다.]을(를) 발생시켰습니다.
	org.apache.jasper.JasperException: 절대 URI인 [http://xmlns.jcp.org/jsp/jstl/core]을(를), web.xml 또는 이 애플리케이션과 함께 배치된 JAR 파일 내에서 찾을 수 없습니다.
		at org.apache.jasper.compiler.DefaultErrorHandler.jspError(DefaultErrorHandler.java:35)
		at org.apache.jasper.compiler.ErrorDispatcher.dispatch(ErrorDispatcher.java:267)
		at org.apache.jasper.compiler.ErrorDispatcher.jspError(ErrorDispatcher.java:74)
		at org.apache.jasper.compiler.TagLibraryInfoImpl.generateTldResourcePath(TagLibraryInfoImpl.java:242)
		at org.apache.jasper.compiler.TagLibraryInfoImpl.<init>(TagLibraryInfoImpl.java:116)
		at org.apache.jasper.compiler.Parser.parseTaglibDirective(Parser.java:405)
		at org.apache.jasper.compiler.Parser.parseDirective(Parser.java:458)
		at org.apache.jasper.compiler.Parser.parseElements(Parser.java:1348)
		at org.apache.jasper.compiler.Parser.parse(Parser.java:127)
		at org.apache.jasper.compiler.ParserController.doParse(ParserController.java:240)
		at org.apache.jasper.compiler.ParserController.parse(ParserController.java:103)
		at org.apache.jasper.compiler.Compiler.generateJava(Compiler.java:188)
		at org.apache.jasper.compiler.Compiler.compile(Compiler.java:361)
		at org.apache.jasper.compiler.Compiler.compile(Compiler.java:339)
		at org.apache.jasper.compiler.Compiler.compile(Compiler.java:325)
		at org.apache.jasper.JspCompilationContext.compile(JspCompilationContext.java:586)
		at org.apache.jasper.servlet.JspServletWrapper.service(JspServletWrapper.java:368)
		at org.apache.jasper.servlet.JspServlet.serviceJspFile(JspServlet.java:350)
		at org.apache.jasper.servlet.JspServlet.service(JspServlet.java:301)
		at jakarta.servlet.http.HttpServlet.service(HttpServlet.java:658)
		at org.apache.catalina.core.ApplicationFilterChain.internalDoFilter(ApplicationFilterChain.java:193)
		at org.apache.catalina.core.ApplicationFilterChain.doFilter(ApplicationFilterChain.java:138)
		at org.apache.tomcat.websocket.server.WsFilter.doFilter(WsFilter.java:51)
		at org.apache.catalina.core.ApplicationFilterChain.internalDoFilter(ApplicationFilterChain.java:162)
		at org.apache.catalina.core.ApplicationFilterChain.doFilter(ApplicationFilterChain.java:138)
		at org.springframework.web.filter.CompositeFilter$VirtualFilterChain.doFilter(CompositeFilter.java:108)
		at org.springframework.web.filter.CompositeFilter$VirtualFilterChain.doFilter(CompositeFilter.java:108)
		at org.springframework.security.web.FilterChainProxy.lambda$doFilterInternal$3(FilterChainProxy.java:231)
		at org.springframework.security.web.FilterChainProxy$VirtualFilterChain.doFilter(FilterChainProxy.java:365)
		at org.springframework.security.web.access.intercept.AuthorizationFilter.doFilter(AuthorizationFilter.java:101)
		at org.springframework.security.web.FilterChainProxy$VirtualFilterChain.doFilter(FilterChainProxy.java:374)
		at org.springframework.security.web.access.ExceptionTranslationFilter.doFilter(ExceptionTranslationFilter.java:125)
		at org.springframework.security.web.access.ExceptionTranslationFilter.doFilter(ExceptionTranslationFilter.java:119)
		at org.springframework.security.web.FilterChainProxy$VirtualFilterChain.doFilter(FilterChainProxy.java:374)
		at org.springframework.security.web.authentication.AnonymousAuthenticationFilter.doFilter(AnonymousAuthenticationFilter.java:100)
		at org.springframework.security.web.FilterChainProxy$VirtualFilterChain.doFilter(FilterChainProxy.java:374)
		at org.springframework.security.web.servletapi.SecurityContextHolderAwareRequestFilter.doFilter(SecurityContextHolderAwareRequestFilter.java:179)
		at org.springframework.security.web.FilterChainProxy$VirtualFilterChain.doFilter(FilterChainProxy.java:374)
		at org.springframework.security.web.savedrequest.RequestCacheAwareFilter.doFilter(RequestCacheAwareFilter.java:63)
		at org.springframework.security.web.FilterChainProxy$VirtualFilterChain.doFilter(FilterChainProxy.java:374)
		at org.springframework.security.web.authentication.logout.LogoutFilter.doFilter(LogoutFilter.java:107)
		at org.springframework.security.web.authentication.logout.LogoutFilter.doFilter(LogoutFilter.java:93)
		at org.springframework.security.web.FilterChainProxy$VirtualFilterChain.doFilter(FilterChainProxy.java:374)
		at org.springframework.security.web.header.HeaderWriterFilter.doHeadersAfter(HeaderWriterFilter.java:90)
		at org.springframework.security.web.header.HeaderWriterFilter.doFilterInternal(HeaderWriterFilter.java:75)
		at org.springframework.web.filter.OncePerRequestFilter.doFilter(OncePerRequestFilter.java:116)
		at org.springframework.security.web.FilterChainProxy$VirtualFilterChain.doFilter(FilterChainProxy.java:374)
		at org.springframework.security.web.context.SecurityContextHolderFilter.doFilter(SecurityContextHolderFilter.java:82)
		at org.springframework.security.web.context.SecurityContextHolderFilter.doFilter(SecurityContextHolderFilter.java:69)
		at org.springframework.security.web.FilterChainProxy$VirtualFilterChain.doFilter(FilterChainProxy.java:374)
		at org.springframework.security.web.context.request.async.WebAsyncManagerIntegrationFilter.doFilterInternal(WebAsyncManagerIntegrationFilter.java:62)
		at org.springframework.web.filter.OncePerRequestFilter.doFilter(OncePerRequestFilter.java:116)
		at org.springframework.security.web.FilterChainProxy$VirtualFilterChain.doFilter(FilterChainProxy.java:374)
		at org.springframework.security.web.session.DisableEncodeUrlFilter.doFilterInternal(DisableEncodeUrlFilter.java:42)
		at org.springframework.web.filter.OncePerRequestFilter.doFilter(OncePerRequestFilter.java:116)
		at org.springframework.security.web.FilterChainProxy$VirtualFilterChain.doFilter(FilterChainProxy.java:374)
		at org.springframework.security.web.FilterChainProxy.doFilterInternal(FilterChainProxy.java:233)
		at org.springframework.security.web.FilterChainProxy.doFilter(FilterChainProxy.java:191)
		at org.springframework.web.filter.CompositeFilter$VirtualFilterChain.doFilter(CompositeFilter.java:113)
		at org.springframework.web.filter.ServletRequestPathFilter.doFilter(ServletRequestPathFilter.java:52)
		at org.springframework.web.filter.CompositeFilter$VirtualFilterChain.doFilter(CompositeFilter.java:113)
		at org.springframework.web.filter.CompositeFilter.doFilter(CompositeFilter.java:74)
		at org.springframework.security.config.annotation.web.configuration.WebSecurityConfiguration$CompositeFilterChainProxy.doFilter(WebSecurityConfiguration.java:319)
		at org.springframework.web.filter.CompositeFilter$VirtualFilterChain.doFilter(CompositeFilter.java:113)
		at org.springframework.web.servlet.handler.HandlerMappingIntrospector.lambda$createCacheFilter$4(HandlerMappingIntrospector.java:267)
		at org.springframework.web.filter.CompositeFilter$VirtualFilterChain.doFilter(CompositeFilter.java:113)
		at org.springframework.web.filter.CompositeFilter.doFilter(CompositeFilter.java:74)
		at org.springframework.security.config.annotation.web.configuration.WebMvcSecurityConfiguration$CompositeFilterChainProxy.doFilter(WebMvcSecurityConfiguration.java:240)
		at org.springframework.web.filter.DelegatingFilterProxy.invokeDelegate(DelegatingFilterProxy.java:362)
		at org.springframework.web.filter.DelegatingFilterProxy.doFilter(DelegatingFilterProxy.java:278)
		at org.apache.catalina.core.ApplicationFilterChain.internalDoFilter(ApplicationFilterChain.java:162)
		at org.apache.catalina.core.ApplicationFilterChain.doFilter(ApplicationFilterChain.java:138)
		at org.apache.catalina.core.StandardWrapperValve.invoke(StandardWrapperValve.java:165)
		at org.apache.catalina.core.StandardContextValve.invoke(StandardContextValve.java:88)
		at org.apache.catalina.authenticator.AuthenticatorBase.invoke(AuthenticatorBase.java:482)
		at org.apache.catalina.core.StandardHostValve.invoke(StandardHostValve.java:113)
		at org.apache.catalina.valves.ErrorReportValve.invoke(ErrorReportValve.java:83)
		at org.apache.catalina.valves.AbstractAccessLogValve.invoke(AbstractAccessLogValve.java:654)
		at org.apache.catalina.core.StandardEngineValve.invoke(StandardEngineValve.java:72)
		at org.apache.catalina.connector.CoyoteAdapter.service(CoyoteAdapter.java:342)
		at org.apache.coyote.http11.Http11Processor.service(Http11Processor.java:399)
		at org.apache.coyote.AbstractProcessorLight.process(AbstractProcessorLight.java:63)
		at org.apache.coyote.AbstractProtocol$ConnectionHandler.process(AbstractProtocol.java:903)
		at org.apache.tomcat.util.net.NioEndpoint$SocketProcessor.doRun(NioEndpoint.java:1774)
		at org.apache.tomcat.util.net.SocketProcessorBase.run(SocketProcessorBase.java:52)
		at org.apache.tomcat.util.threads.ThreadPoolExecutor.runWorker(ThreadPoolExecutor.java:973)
		at org.apache.tomcat.util.threads.ThreadPoolExecutor$Worker.run(ThreadPoolExecutor.java:491)
		at org.apache.tomcat.util.threads.TaskThread$WrappingRunnable.run(TaskThread.java:63)
		at java.base/java.lang.Thread.run(Thread.java:1583)
19-Dec-2025 08:53:29.552 심각 [http-nio-8080-exec-7] org.apache.catalina.core.ApplicationDispatcher.invoke 서블릿 [jsp]을(를) 위한 Servlet.service() 호출이 예외를 발생시켰습니다.
	org.apache.jasper.JasperException: 절대 URI인 [http://xmlns.jcp.org/jsp/jstl/core]을(를), web.xml 또는 이 애플리케이션과 함께 배치된 JAR 파일 내에서 찾을 수 없습니다.
		at org.apache.jasper.compiler.DefaultErrorHandler.jspError(DefaultErrorHandler.java:35)
		at org.apache.jasper.compiler.ErrorDispatcher.dispatch(ErrorDispatcher.java:267)
		at org.apache.jasper.compiler.ErrorDispatcher.jspError(ErrorDispatcher.java:74)
		at org.apache.jasper.compiler.TagLibraryInfoImpl.generateTldResourcePath(TagLibraryInfoImpl.java:242)
		at org.apache.jasper.compiler.TagLibraryInfoImpl.<init>(TagLibraryInfoImpl.java:116)
		at org.apache.jasper.compiler.Parser.parseTaglibDirective(Parser.java:405)
		at org.apache.jasper.compiler.Parser.parseDirective(Parser.java:458)
		at org.apache.jasper.compiler.Parser.parseElements(Parser.java:1348)
		at org.apache.jasper.compiler.Parser.parse(Parser.java:127)
		at org.apache.jasper.compiler.ParserController.doParse(ParserController.java:240)
		at org.apache.jasper.compiler.ParserController.parse(ParserController.java:103)
		at org.apache.jasper.compiler.Compiler.generateJava(Compiler.java:188)
		at org.apache.jasper.compiler.Compiler.compile(Compiler.java:361)
		at org.apache.jasper.compiler.Compiler.compile(Compiler.java:339)
		at org.apache.jasper.compiler.Compiler.compile(Compiler.java:325)
		at org.apache.jasper.JspCompilationContext.compile(JspCompilationContext.java:586)
		at org.apache.jasper.servlet.JspServletWrapper.service(JspServletWrapper.java:368)
		at org.apache.jasper.servlet.JspServlet.serviceJspFile(JspServlet.java:350)
		at org.apache.jasper.servlet.JspServlet.service(JspServlet.java:301)
		at jakarta.servlet.http.HttpServlet.service(HttpServlet.java:658)
		at org.apache.catalina.core.ApplicationFilterChain.internalDoFilter(ApplicationFilterChain.java:193)
		at org.apache.catalina.core.ApplicationFilterChain.doFilter(ApplicationFilterChain.java:138)
		at org.apache.catalina.core.ApplicationDispatcher.invoke(ApplicationDispatcher.java:610)
		at org.apache.catalina.core.ApplicationDispatcher.processRequest(ApplicationDispatcher.java:394)
		at org.apache.catalina.core.ApplicationDispatcher.doForward(ApplicationDispatcher.java:321)
		at org.apache.catalina.core.ApplicationDispatcher.forward(ApplicationDispatcher.java:266)
		at org.apache.catalina.core.StandardHostValve.custom(StandardHostValve.java:374)
		at org.apache.catalina.core.StandardHostValve.throwable(StandardHostValve.java:263)
		at org.apache.catalina.core.StandardHostValve.invoke(StandardHostValve.java:147)
		at org.apache.catalina.valves.ErrorReportValve.invoke(ErrorReportValve.java:83)
		at org.apache.catalina.valves.AbstractAccessLogValve.invoke(AbstractAccessLogValve.java:654)
		at org.apache.catalina.core.StandardEngineValve.invoke(StandardEngineValve.java:72)
		at org.apache.catalina.connector.CoyoteAdapter.service(CoyoteAdapter.java:342)
		at org.apache.coyote.http11.Http11Processor.service(Http11Processor.java:399)
		at org.apache.coyote.AbstractProcessorLight.process(AbstractProcessorLight.java:63)
		at org.apache.coyote.AbstractProtocol$ConnectionHandler.process(AbstractProtocol.java:903)
		at org.apache.tomcat.util.net.NioEndpoint$SocketProcessor.doRun(NioEndpoint.java:1774)
		at org.apache.tomcat.util.net.SocketProcessorBase.run(SocketProcessorBase.java:52)
		at org.apache.tomcat.util.threads.ThreadPoolExecutor.runWorker(ThreadPoolExecutor.java:973)
		at org.apache.tomcat.util.threads.ThreadPoolExecutor$Worker.run(ThreadPoolExecutor.java:491)
		at org.apache.tomcat.util.threads.TaskThread$WrappingRunnable.run(TaskThread.java:63)
		at java.base/java.lang.Thread.run(Thread.java:1583)
19-Dec-2025 08:53:29.552 심각 [http-nio-8080-exec-7] org.apache.catalina.core.StandardHostValve.custom Exception Processing [ErrorPage[exceptionType=java.lang.Throwable, location=/common/error.jsp]]
	org.apache.jasper.JasperException: org.apache.jasper.JasperException: 절대 URI인 [http://xmlns.jcp.org/jsp/jstl/core]을(를), web.xml 또는 이 애플리케이션과 함께 배치된 JAR 파일 내에서 찾을 수 없습니다.
		at org.apache.jasper.servlet.JspServletWrapper.handleJspException(JspServletWrapper.java:550)
		at org.apache.jasper.servlet.JspServletWrapper.service(JspServletWrapper.java:394)
		at org.apache.jasper.servlet.JspServlet.serviceJspFile(JspServlet.java:350)
		at org.apache.jasper.servlet.JspServlet.service(JspServlet.java:301)
		at jakarta.servlet.http.HttpServlet.service(HttpServlet.java:658)
		at org.apache.catalina.core.ApplicationFilterChain.internalDoFilter(ApplicationFilterChain.java:193)
		at org.apache.catalina.core.ApplicationFilterChain.doFilter(ApplicationFilterChain.java:138)
		at org.apache.catalina.core.ApplicationDispatcher.invoke(ApplicationDispatcher.java:610)
		at org.apache.catalina.core.ApplicationDispatcher.processRequest(ApplicationDispatcher.java:394)
		at org.apache.catalina.core.ApplicationDispatcher.doForward(ApplicationDispatcher.java:321)
		at org.apache.catalina.core.ApplicationDispatcher.forward(ApplicationDispatcher.java:266)
		at org.apache.catalina.core.StandardHostValve.custom(StandardHostValve.java:374)
		at org.apache.catalina.core.StandardHostValve.throwable(StandardHostValve.java:263)
		at org.apache.catalina.core.StandardHostValve.invoke(StandardHostValve.java:147)
		at org.apache.catalina.valves.ErrorReportValve.invoke(ErrorReportValve.java:83)
		at org.apache.catalina.valves.AbstractAccessLogValve.invoke(AbstractAccessLogValve.java:654)
		at org.apache.catalina.core.StandardEngineValve.invoke(StandardEngineValve.java:72)
		at org.apache.catalina.connector.CoyoteAdapter.service(CoyoteAdapter.java:342)
		at org.apache.coyote.http11.Http11Processor.service(Http11Processor.java:399)
		at org.apache.coyote.AbstractProcessorLight.process(AbstractProcessorLight.java:63)
		at org.apache.coyote.AbstractProtocol$ConnectionHandler.process(AbstractProtocol.java:903)
		at org.apache.tomcat.util.net.NioEndpoint$SocketProcessor.doRun(NioEndpoint.java:1774)
		at org.apache.tomcat.util.net.SocketProcessorBase.run(SocketProcessorBase.java:52)
		at org.apache.tomcat.util.threads.ThreadPoolExecutor.runWorker(ThreadPoolExecutor.java:973)
		at org.apache.tomcat.util.threads.ThreadPoolExecutor$Worker.run(ThreadPoolExecutor.java:491)
		at org.apache.tomcat.util.threads.TaskThread$WrappingRunnable.run(TaskThread.java:63)
		at java.base/java.lang.Thread.run(Thread.java:1583)
	Caused by: org.apache.jasper.JasperException: 절대 URI인 [http://xmlns.jcp.org/jsp/jstl/core]을(를), web.xml 또는 이 애플리케이션과 함께 배치된 JAR 파일 내에서 찾을 수 없습니다.
		at org.apache.jasper.compiler.DefaultErrorHandler.jspError(DefaultErrorHandler.java:35)
		at org.apache.jasper.compiler.ErrorDispatcher.dispatch(ErrorDispatcher.java:267)
		at org.apache.jasper.compiler.ErrorDispatcher.jspError(ErrorDispatcher.java:74)
		at org.apache.jasper.compiler.TagLibraryInfoImpl.generateTldResourcePath(TagLibraryInfoImpl.java:242)
		at org.apache.jasper.compiler.TagLibraryInfoImpl.<init>(TagLibraryInfoImpl.java:116)
		at org.apache.jasper.compiler.Parser.parseTaglibDirective(Parser.java:405)
		at org.apache.jasper.compiler.Parser.parseDirective(Parser.java:458)
		at org.apache.jasper.compiler.Parser.parseElements(Parser.java:1348)
		at org.apache.jasper.compiler.Parser.parse(Parser.java:127)
		at org.apache.jasper.compiler.ParserController.doParse(ParserController.java:240)
		at org.apache.jasper.compiler.ParserController.parse(ParserController.java:103)
		at org.apache.jasper.compiler.Compiler.generateJava(Compiler.java:188)
		at org.apache.jasper.compiler.Compiler.compile(Compiler.java:361)
		at org.apache.jasper.compiler.Compiler.compile(Compiler.java:339)
		at org.apache.jasper.compiler.Compiler.compile(Compiler.java:325)
		at org.apache.jasper.JspCompilationContext.compile(JspCompilationContext.java:586)
		at org.apache.jasper.servlet.JspServletWrapper.service(JspServletWrapper.java:368)
		... 25 more
19-Dec-2025 08:53:43.864 심각 [http-nio-8080-exec-4] org.apache.catalina.core.StandardWrapperValve.invoke 경로 []의 컨텍스트 내의 서블릿 [jsp]을(를) 위한 Servlet.service() 호출이, 근본 원인(root cause)과 함께, 예외 [org.apache.jasper.JasperException: 절대 URI인 [http://xmlns.jcp.org/jsp/jstl/core]을(를), web.xml 또는 이 애플리케이션과 함께 배치된 JAR 파일 내에서 찾을 수 없습니다.]을(를) 발생시켰습니다.
	org.apache.jasper.JasperException: 절대 URI인 [http://xmlns.jcp.org/jsp/jstl/core]을(를), web.xml 또는 이 애플리케이션과 함께 배치된 JAR 파일 내에서 찾을 수 없습니다.
		at org.apache.jasper.compiler.DefaultErrorHandler.jspError(DefaultErrorHandler.java:35)
		at org.apache.jasper.compiler.ErrorDispatcher.dispatch(ErrorDispatcher.java:267)
		at org.apache.jasper.compiler.ErrorDispatcher.jspError(ErrorDispatcher.java:74)
		at org.apache.jasper.compiler.TagLibraryInfoImpl.generateTldResourcePath(TagLibraryInfoImpl.java:242)
		at org.apache.jasper.compiler.TagLibraryInfoImpl.<init>(TagLibraryInfoImpl.java:116)
		at org.apache.jasper.compiler.Parser.parseTaglibDirective(Parser.java:405)
		at org.apache.jasper.compiler.Parser.parseDirective(Parser.java:458)
		at org.apache.jasper.compiler.Parser.parseElements(Parser.java:1348)
		at org.apache.jasper.compiler.Parser.parse(Parser.java:127)
		at org.apache.jasper.compiler.ParserController.doParse(ParserController.java:240)
		at org.apache.jasper.compiler.ParserController.parse(ParserController.java:103)
		at org.apache.jasper.compiler.Compiler.generateJava(Compiler.java:188)
		at org.apache.jasper.compiler.Compiler.compile(Compiler.java:361)
		at org.apache.jasper.compiler.Compiler.compile(Compiler.java:339)
		at org.apache.jasper.compiler.Compiler.compile(Compiler.java:325)
		at org.apache.jasper.JspCompilationContext.compile(JspCompilationContext.java:586)
		at org.apache.jasper.servlet.JspServletWrapper.service(JspServletWrapper.java:368)
		at org.apache.jasper.servlet.JspServlet.serviceJspFile(JspServlet.java:350)
		at org.apache.jasper.servlet.JspServlet.service(JspServlet.java:301)
		at jakarta.servlet.http.HttpServlet.service(HttpServlet.java:658)
		at org.apache.catalina.core.ApplicationFilterChain.internalDoFilter(ApplicationFilterChain.java:193)
		at org.apache.catalina.core.ApplicationFilterChain.doFilter(ApplicationFilterChain.java:138)
		at org.apache.tomcat.websocket.server.WsFilter.doFilter(WsFilter.java:51)
		at org.apache.catalina.core.ApplicationFilterChain.internalDoFilter(ApplicationFilterChain.java:162)
		at org.apache.catalina.core.ApplicationFilterChain.doFilter(ApplicationFilterChain.java:138)
		at org.springframework.web.filter.CompositeFilter$VirtualFilterChain.doFilter(CompositeFilter.java:108)
		at org.springframework.web.filter.CompositeFilter$VirtualFilterChain.doFilter(CompositeFilter.java:108)
		at org.springframework.security.web.FilterChainProxy.lambda$doFilterInternal$3(FilterChainProxy.java:231)
		at org.springframework.security.web.FilterChainProxy$VirtualFilterChain.doFilter(FilterChainProxy.java:365)
		at org.springframework.security.web.access.intercept.AuthorizationFilter.doFilter(AuthorizationFilter.java:101)
		at org.springframework.security.web.FilterChainProxy$VirtualFilterChain.doFilter(FilterChainProxy.java:374)
		at org.springframework.security.web.access.ExceptionTranslationFilter.doFilter(ExceptionTranslationFilter.java:125)
		at org.springframework.security.web.access.ExceptionTranslationFilter.doFilter(ExceptionTranslationFilter.java:119)
		at org.springframework.security.web.FilterChainProxy$VirtualFilterChain.doFilter(FilterChainProxy.java:374)
		at org.springframework.security.web.authentication.AnonymousAuthenticationFilter.doFilter(AnonymousAuthenticationFilter.java:100)
		at org.springframework.security.web.FilterChainProxy$VirtualFilterChain.doFilter(FilterChainProxy.java:374)
		at org.springframework.security.web.servletapi.SecurityContextHolderAwareRequestFilter.doFilter(SecurityContextHolderAwareRequestFilter.java:179)
		at org.springframework.security.web.FilterChainProxy$VirtualFilterChain.doFilter(FilterChainProxy.java:374)
		at org.springframework.security.web.savedrequest.RequestCacheAwareFilter.doFilter(RequestCacheAwareFilter.java:63)
		at org.springframework.security.web.FilterChainProxy$VirtualFilterChain.doFilter(FilterChainProxy.java:374)
		at org.springframework.security.web.authentication.logout.LogoutFilter.doFilter(LogoutFilter.java:107)
		at org.springframework.security.web.authentication.logout.LogoutFilter.doFilter(LogoutFilter.java:93)
		at org.springframework.security.web.FilterChainProxy$VirtualFilterChain.doFilter(FilterChainProxy.java:374)
		at org.springframework.security.web.header.HeaderWriterFilter.doHeadersAfter(HeaderWriterFilter.java:90)
		at org.springframework.security.web.header.HeaderWriterFilter.doFilterInternal(HeaderWriterFilter.java:75)
		at org.springframework.web.filter.OncePerRequestFilter.doFilter(OncePerRequestFilter.java:116)
		at org.springframework.security.web.FilterChainProxy$VirtualFilterChain.doFilter(FilterChainProxy.java:374)
		at org.springframework.security.web.context.SecurityContextHolderFilter.doFilter(SecurityContextHolderFilter.java:82)
		at org.springframework.security.web.context.SecurityContextHolderFilter.doFilter(SecurityContextHolderFilter.java:69)
		at org.springframework.security.web.FilterChainProxy$VirtualFilterChain.doFilter(FilterChainProxy.java:374)
		at org.springframework.security.web.context.request.async.WebAsyncManagerIntegrationFilter.doFilterInternal(WebAsyncManagerIntegrationFilter.java:62)
		at org.springframework.web.filter.OncePerRequestFilter.doFilter(OncePerRequestFilter.java:116)
		at org.springframework.security.web.FilterChainProxy$VirtualFilterChain.doFilter(FilterChainProxy.java:374)
		at org.springframework.security.web.session.DisableEncodeUrlFilter.doFilterInternal(DisableEncodeUrlFilter.java:42)
		at org.springframework.web.filter.OncePerRequestFilter.doFilter(OncePerRequestFilter.java:116)
		at org.springframework.security.web.FilterChainProxy$VirtualFilterChain.doFilter(FilterChainProxy.java:374)
		at org.springframework.security.web.FilterChainProxy.doFilterInternal(FilterChainProxy.java:233)
		at org.springframework.security.web.FilterChainProxy.doFilter(FilterChainProxy.java:191)
		at org.springframework.web.filter.CompositeFilter$VirtualFilterChain.doFilter(CompositeFilter.java:113)
		at org.springframework.web.filter.ServletRequestPathFilter.doFilter(ServletRequestPathFilter.java:52)
		at org.springframework.web.filter.CompositeFilter$VirtualFilterChain.doFilter(CompositeFilter.java:113)
		at org.springframework.web.filter.CompositeFilter.doFilter(CompositeFilter.java:74)
		at org.springframework.security.config.annotation.web.configuration.WebSecurityConfiguration$CompositeFilterChainProxy.doFilter(WebSecurityConfiguration.java:319)
		at org.springframework.web.filter.CompositeFilter$VirtualFilterChain.doFilter(CompositeFilter.java:113)
		at org.springframework.web.servlet.handler.HandlerMappingIntrospector.lambda$createCacheFilter$4(HandlerMappingIntrospector.java:267)
		at org.springframework.web.filter.CompositeFilter$VirtualFilterChain.doFilter(CompositeFilter.java:113)
		at org.springframework.web.filter.CompositeFilter.doFilter(CompositeFilter.java:74)
		at org.springframework.security.config.annotation.web.configuration.WebMvcSecurityConfiguration$CompositeFilterChainProxy.doFilter(WebMvcSecurityConfiguration.java:240)
		at org.springframework.web.filter.DelegatingFilterProxy.invokeDelegate(DelegatingFilterProxy.java:362)
		at org.springframework.web.filter.DelegatingFilterProxy.doFilter(DelegatingFilterProxy.java:278)
		at org.apache.catalina.core.ApplicationFilterChain.internalDoFilter(ApplicationFilterChain.java:162)
		at org.apache.catalina.core.ApplicationFilterChain.doFilter(ApplicationFilterChain.java:138)
		at org.apache.catalina.core.StandardWrapperValve.invoke(StandardWrapperValve.java:165)
		at org.apache.catalina.core.StandardContextValve.invoke(StandardContextValve.java:88)
		at org.apache.catalina.authenticator.AuthenticatorBase.invoke(AuthenticatorBase.java:482)
		at org.apache.catalina.core.StandardHostValve.invoke(StandardHostValve.java:113)
		at org.apache.catalina.valves.ErrorReportValve.invoke(ErrorReportValve.java:83)
		at org.apache.catalina.valves.AbstractAccessLogValve.invoke(AbstractAccessLogValve.java:654)
		at org.apache.catalina.core.StandardEngineValve.invoke(StandardEngineValve.java:72)
		at org.apache.catalina.connector.CoyoteAdapter.service(CoyoteAdapter.java:342)
		at org.apache.coyote.http11.Http11Processor.service(Http11Processor.java:399)
		at org.apache.coyote.AbstractProcessorLight.process(AbstractProcessorLight.java:63)
		at org.apache.coyote.AbstractProtocol$ConnectionHandler.process(AbstractProtocol.java:903)
		at org.apache.tomcat.util.net.NioEndpoint$SocketProcessor.doRun(NioEndpoint.java:1774)
		at org.apache.tomcat.util.net.SocketProcessorBase.run(SocketProcessorBase.java:52)
		at org.apache.tomcat.util.threads.ThreadPoolExecutor.runWorker(ThreadPoolExecutor.java:973)
		at org.apache.tomcat.util.threads.ThreadPoolExecutor$Worker.run(ThreadPoolExecutor.java:491)
		at org.apache.tomcat.util.threads.TaskThread$WrappingRunnable.run(TaskThread.java:63)
		at java.base/java.lang.Thread.run(Thread.java:1583)
19-Dec-2025 08:53:43.893 심각 [http-nio-8080-exec-4] org.apache.catalina.core.ApplicationDispatcher.invoke 서블릿 [jsp]을(를) 위한 Servlet.service() 호출이 예외를 발생시켰습니다.
	org.apache.jasper.JasperException: 절대 URI인 [http://xmlns.jcp.org/jsp/jstl/core]을(를), web.xml 또는 이 애플리케이션과 함께 배치된 JAR 파일 내에서 찾을 수 없습니다.
		at org.apache.jasper.compiler.DefaultErrorHandler.jspError(DefaultErrorHandler.java:35)
		at org.apache.jasper.compiler.ErrorDispatcher.dispatch(ErrorDispatcher.java:267)
		at org.apache.jasper.compiler.ErrorDispatcher.jspError(ErrorDispatcher.java:74)
		at org.apache.jasper.compiler.TagLibraryInfoImpl.generateTldResourcePath(TagLibraryInfoImpl.java:242)
		at org.apache.jasper.compiler.TagLibraryInfoImpl.<init>(TagLibraryInfoImpl.java:116)
		at org.apache.jasper.compiler.Parser.parseTaglibDirective(Parser.java:405)
		at org.apache.jasper.compiler.Parser.parseDirective(Parser.java:458)
		at org.apache.jasper.compiler.Parser.parseElements(Parser.java:1348)
		at org.apache.jasper.compiler.Parser.parse(Parser.java:127)
		at org.apache.jasper.compiler.ParserController.doParse(ParserController.java:240)
		at org.apache.jasper.compiler.ParserController.parse(ParserController.java:103)
		at org.apache.jasper.compiler.Compiler.generateJava(Compiler.java:188)
		at org.apache.jasper.compiler.Compiler.compile(Compiler.java:361)
		at org.apache.jasper.compiler.Compiler.compile(Compiler.java:339)
		at org.apache.jasper.compiler.Compiler.compile(Compiler.java:325)
		at org.apache.jasper.JspCompilationContext.compile(JspCompilationContext.java:586)
		at org.apache.jasper.servlet.JspServletWrapper.service(JspServletWrapper.java:368)
		at org.apache.jasper.servlet.JspServlet.serviceJspFile(JspServlet.java:350)
		at org.apache.jasper.servlet.JspServlet.service(JspServlet.java:301)
		at jakarta.servlet.http.HttpServlet.service(HttpServlet.java:658)
		at org.apache.catalina.core.ApplicationFilterChain.internalDoFilter(ApplicationFilterChain.java:193)
		at org.apache.catalina.core.ApplicationFilterChain.doFilter(ApplicationFilterChain.java:138)
		at org.apache.catalina.core.ApplicationDispatcher.invoke(ApplicationDispatcher.java:610)
		at org.apache.catalina.core.ApplicationDispatcher.processRequest(ApplicationDispatcher.java:394)
		at org.apache.catalina.core.ApplicationDispatcher.doForward(ApplicationDispatcher.java:321)
		at org.apache.catalina.core.ApplicationDispatcher.forward(ApplicationDispatcher.java:266)
		at org.apache.catalina.core.StandardHostValve.custom(StandardHostValve.java:374)
		at org.apache.catalina.core.StandardHostValve.throwable(StandardHostValve.java:263)
		at org.apache.catalina.core.StandardHostValve.invoke(StandardHostValve.java:147)
		at org.apache.catalina.valves.ErrorReportValve.invoke(ErrorReportValve.java:83)
		at org.apache.catalina.valves.AbstractAccessLogValve.invoke(AbstractAccessLogValve.java:654)
		at org.apache.catalina.core.StandardEngineValve.invoke(StandardEngineValve.java:72)
		at org.apache.catalina.connector.CoyoteAdapter.service(CoyoteAdapter.java:342)
		at org.apache.coyote.http11.Http11Processor.service(Http11Processor.java:399)
		at org.apache.coyote.AbstractProcessorLight.process(AbstractProcessorLight.java:63)
		at org.apache.coyote.AbstractProtocol$ConnectionHandler.process(AbstractProtocol.java:903)
		at org.apache.tomcat.util.net.NioEndpoint$SocketProcessor.doRun(NioEndpoint.java:1774)
		at org.apache.tomcat.util.net.SocketProcessorBase.run(SocketProcessorBase.java:52)
		at org.apache.tomcat.util.threads.ThreadPoolExecutor.runWorker(ThreadPoolExecutor.java:973)
		at org.apache.tomcat.util.threads.ThreadPoolExecutor$Worker.run(ThreadPoolExecutor.java:491)
		at org.apache.tomcat.util.threads.TaskThread$WrappingRunnable.run(TaskThread.java:63)
		at java.base/java.lang.Thread.run(Thread.java:1583)
19-Dec-2025 08:53:43.893 심각 [http-nio-8080-exec-4] org.apache.catalina.core.StandardHostValve.custom Exception Processing [ErrorPage[exceptionType=java.lang.Throwable, location=/common/error.jsp]]
	org.apache.jasper.JasperException: org.apache.jasper.JasperException: 절대 URI인 [http://xmlns.jcp.org/jsp/jstl/core]을(를), web.xml 또는 이 애플리케이션과 함께 배치된 JAR 파일 내에서 찾을 수 없습니다.
		at org.apache.jasper.servlet.JspServletWrapper.handleJspException(JspServletWrapper.java:550)
		at org.apache.jasper.servlet.JspServletWrapper.service(JspServletWrapper.java:394)
		at org.apache.jasper.servlet.JspServlet.serviceJspFile(JspServlet.java:350)
		at org.apache.jasper.servlet.JspServlet.service(JspServlet.java:301)
		at jakarta.servlet.http.HttpServlet.service(HttpServlet.java:658)
		at org.apache.catalina.core.ApplicationFilterChain.internalDoFilter(ApplicationFilterChain.java:193)
		at org.apache.catalina.core.ApplicationFilterChain.doFilter(ApplicationFilterChain.java:138)
		at org.apache.catalina.core.ApplicationDispatcher.invoke(ApplicationDispatcher.java:610)
		at org.apache.catalina.core.ApplicationDispatcher.processRequest(ApplicationDispatcher.java:394)
		at org.apache.catalina.core.ApplicationDispatcher.doForward(ApplicationDispatcher.java:321)
		at org.apache.catalina.core.ApplicationDispatcher.forward(ApplicationDispatcher.java:266)
		at org.apache.catalina.core.StandardHostValve.custom(StandardHostValve.java:374)
		at org.apache.catalina.core.StandardHostValve.throwable(StandardHostValve.java:263)
		at org.apache.catalina.core.StandardHostValve.invoke(StandardHostValve.java:147)
		at org.apache.catalina.valves.ErrorReportValve.invoke(ErrorReportValve.java:83)
		at org.apache.catalina.valves.AbstractAccessLogValve.invoke(AbstractAccessLogValve.java:654)
		at org.apache.catalina.core.StandardEngineValve.invoke(StandardEngineValve.java:72)
		at org.apache.catalina.connector.CoyoteAdapter.service(CoyoteAdapter.java:342)
		at org.apache.coyote.http11.Http11Processor.service(Http11Processor.java:399)
		at org.apache.coyote.AbstractProcessorLight.process(AbstractProcessorLight.java:63)
		at org.apache.coyote.AbstractProtocol$ConnectionHandler.process(AbstractProtocol.java:903)
		at org.apache.tomcat.util.net.NioEndpoint$SocketProcessor.doRun(NioEndpoint.java:1774)
		at org.apache.tomcat.util.net.SocketProcessorBase.run(SocketProcessorBase.java:52)
		at org.apache.tomcat.util.threads.ThreadPoolExecutor.runWorker(ThreadPoolExecutor.java:973)
		at org.apache.tomcat.util.threads.ThreadPoolExecutor$Worker.run(ThreadPoolExecutor.java:491)
		at org.apache.tomcat.util.threads.TaskThread$WrappingRunnable.run(TaskThread.java:63)
		at java.base/java.lang.Thread.run(Thread.java:1583)
	Caused by: org.apache.jasper.JasperException: 절대 URI인 [http://xmlns.jcp.org/jsp/jstl/core]을(를), web.xml 또는 이 애플리케이션과 함께 배치된 JAR 파일 내에서 찾을 수 없습니다.
		at org.apache.jasper.compiler.DefaultErrorHandler.jspError(DefaultErrorHandler.java:35)
		at org.apache.jasper.compiler.ErrorDispatcher.dispatch(ErrorDispatcher.java:267)
		at org.apache.jasper.compiler.ErrorDispatcher.jspError(ErrorDispatcher.java:74)
		at org.apache.jasper.compiler.TagLibraryInfoImpl.generateTldResourcePath(TagLibraryInfoImpl.java:242)
		at org.apache.jasper.compiler.TagLibraryInfoImpl.<init>(TagLibraryInfoImpl.java:116)
		at org.apache.jasper.compiler.Parser.parseTaglibDirective(Parser.java:405)
		at org.apache.jasper.compiler.Parser.parseDirective(Parser.java:458)
		at org.apache.jasper.compiler.Parser.parseElements(Parser.java:1348)
		at org.apache.jasper.compiler.Parser.parse(Parser.java:127)
		at org.apache.jasper.compiler.ParserController.doParse(ParserController.java:240)
		at org.apache.jasper.compiler.ParserController.parse(ParserController.java:103)
		at org.apache.jasper.compiler.Compiler.generateJava(Compiler.java:188)
		at org.apache.jasper.compiler.Compiler.compile(Compiler.java:361)
		at org.apache.jasper.compiler.Compiler.compile(Compiler.java:339)
		at org.apache.jasper.compiler.Compiler.compile(Compiler.java:325)
		at org.apache.jasper.JspCompilationContext.compile(JspCompilationContext.java:586)
		at org.apache.jasper.servlet.JspServletWrapper.service(JspServletWrapper.java:368)
		... 25 more
19-Dec-2025 08:54:16.140 심각 [http-nio-8080-exec-10] org.apache.catalina.core.StandardWrapperValve.invoke 경로 []의 컨텍스트 내의 서블릿 [jsp]을(를) 위한 Servlet.service() 호출이, 근본 원인(root cause)과 함께, 예외 [org.apache.jasper.JasperException: 절대 URI인 [http://xmlns.jcp.org/jsp/jstl/core]을(를), web.xml 또는 이 애플리케이션과 함께 배치된 JAR 파일 내에서 찾을 수 없습니다.]을(를) 발생시켰습니다.
	org.apache.jasper.JasperException: 절대 URI인 [http://xmlns.jcp.org/jsp/jstl/core]을(를), web.xml 또는 이 애플리케이션과 함께 배치된 JAR 파일 내에서 찾을 수 없습니다.
		at org.apache.jasper.compiler.DefaultErrorHandler.jspError(DefaultErrorHandler.java:35)
		at org.apache.jasper.compiler.ErrorDispatcher.dispatch(ErrorDispatcher.java:267)
		at org.apache.jasper.compiler.ErrorDispatcher.jspError(ErrorDispatcher.java:74)
		at org.apache.jasper.compiler.TagLibraryInfoImpl.generateTldResourcePath(TagLibraryInfoImpl.java:242)
		at org.apache.jasper.compiler.TagLibraryInfoImpl.<init>(TagLibraryInfoImpl.java:116)
		at org.apache.jasper.compiler.Parser.parseTaglibDirective(Parser.java:405)
		at org.apache.jasper.compiler.Parser.parseDirective(Parser.java:458)
		at org.apache.jasper.compiler.Parser.parseElements(Parser.java:1348)
		at org.apache.jasper.compiler.Parser.parse(Parser.java:127)
		at org.apache.jasper.compiler.ParserController.doParse(ParserController.java:240)
		at org.apache.jasper.compiler.ParserController.parse(ParserController.java:103)
		at org.apache.jasper.compiler.Compiler.generateJava(Compiler.java:188)
		at org.apache.jasper.compiler.Compiler.compile(Compiler.java:361)
		at org.apache.jasper.compiler.Compiler.compile(Compiler.java:339)
		at org.apache.jasper.compiler.Compiler.compile(Compiler.java:325)
		at org.apache.jasper.JspCompilationContext.compile(JspCompilationContext.java:586)
		at org.apache.jasper.servlet.JspServletWrapper.service(JspServletWrapper.java:368)
		at org.apache.jasper.servlet.JspServlet.serviceJspFile(JspServlet.java:350)
		at org.apache.jasper.servlet.JspServlet.service(JspServlet.java:301)
		at jakarta.servlet.http.HttpServlet.service(HttpServlet.java:658)
		at org.apache.catalina.core.ApplicationFilterChain.internalDoFilter(ApplicationFilterChain.java:193)
		at org.apache.catalina.core.ApplicationFilterChain.doFilter(ApplicationFilterChain.java:138)
		at org.apache.tomcat.websocket.server.WsFilter.doFilter(WsFilter.java:51)
		at org.apache.catalina.core.ApplicationFilterChain.internalDoFilter(ApplicationFilterChain.java:162)
		at org.apache.catalina.core.ApplicationFilterChain.doFilter(ApplicationFilterChain.java:138)
		at org.springframework.web.filter.CompositeFilter$VirtualFilterChain.doFilter(CompositeFilter.java:108)
		at org.springframework.web.filter.CompositeFilter$VirtualFilterChain.doFilter(CompositeFilter.java:108)
		at org.springframework.security.web.FilterChainProxy.lambda$doFilterInternal$3(FilterChainProxy.java:231)
		at org.springframework.security.web.FilterChainProxy$VirtualFilterChain.doFilter(FilterChainProxy.java:365)
		at org.springframework.security.web.access.intercept.AuthorizationFilter.doFilter(AuthorizationFilter.java:101)
		at org.springframework.security.web.FilterChainProxy$VirtualFilterChain.doFilter(FilterChainProxy.java:374)
		at org.springframework.security.web.access.ExceptionTranslationFilter.doFilter(ExceptionTranslationFilter.java:125)
		at org.springframework.security.web.access.ExceptionTranslationFilter.doFilter(ExceptionTranslationFilter.java:119)
		at org.springframework.security.web.FilterChainProxy$VirtualFilterChain.doFilter(FilterChainProxy.java:374)
		at org.springframework.security.web.authentication.AnonymousAuthenticationFilter.doFilter(AnonymousAuthenticationFilter.java:100)
		at org.springframework.security.web.FilterChainProxy$VirtualFilterChain.doFilter(FilterChainProxy.java:374)
		at org.springframework.security.web.servletapi.SecurityContextHolderAwareRequestFilter.doFilter(SecurityContextHolderAwareRequestFilter.java:179)
		at org.springframework.security.web.FilterChainProxy$VirtualFilterChain.doFilter(FilterChainProxy.java:374)
		at org.springframework.security.web.savedrequest.RequestCacheAwareFilter.doFilter(RequestCacheAwareFilter.java:63)
		at org.springframework.security.web.FilterChainProxy$VirtualFilterChain.doFilter(FilterChainProxy.java:374)
		at org.springframework.security.web.authentication.logout.LogoutFilter.doFilter(LogoutFilter.java:107)
		at org.springframework.security.web.authentication.logout.LogoutFilter.doFilter(LogoutFilter.java:93)
		at org.springframework.security.web.FilterChainProxy$VirtualFilterChain.doFilter(FilterChainProxy.java:374)
		at org.springframework.security.web.header.HeaderWriterFilter.doHeadersAfter(HeaderWriterFilter.java:90)
		at org.springframework.security.web.header.HeaderWriterFilter.doFilterInternal(HeaderWriterFilter.java:75)
		at org.springframework.web.filter.OncePerRequestFilter.doFilter(OncePerRequestFilter.java:116)
		at org.springframework.security.web.FilterChainProxy$VirtualFilterChain.doFilter(FilterChainProxy.java:374)
		at org.springframework.security.web.context.SecurityContextHolderFilter.doFilter(SecurityContextHolderFilter.java:82)
		at org.springframework.security.web.context.SecurityContextHolderFilter.doFilter(SecurityContextHolderFilter.java:69)
		at org.springframework.security.web.FilterChainProxy$VirtualFilterChain.doFilter(FilterChainProxy.java:374)
		at org.springframework.security.web.context.request.async.WebAsyncManagerIntegrationFilter.doFilterInternal(WebAsyncManagerIntegrationFilter.java:62)
		at org.springframework.web.filter.OncePerRequestFilter.doFilter(OncePerRequestFilter.java:116)
		at org.springframework.security.web.FilterChainProxy$VirtualFilterChain.doFilter(FilterChainProxy.java:374)
		at org.springframework.security.web.session.DisableEncodeUrlFilter.doFilterInternal(DisableEncodeUrlFilter.java:42)
		at org.springframework.web.filter.OncePerRequestFilter.doFilter(OncePerRequestFilter.java:116)
		at org.springframework.security.web.FilterChainProxy$VirtualFilterChain.doFilter(FilterChainProxy.java:374)
		at org.springframework.security.web.FilterChainProxy.doFilterInternal(FilterChainProxy.java:233)
		at org.springframework.security.web.FilterChainProxy.doFilter(FilterChainProxy.java:191)
		at org.springframework.web.filter.CompositeFilter$VirtualFilterChain.doFilter(CompositeFilter.java:113)
		at org.springframework.web.filter.ServletRequestPathFilter.doFilter(ServletRequestPathFilter.java:52)
		at org.springframework.web.filter.CompositeFilter$VirtualFilterChain.doFilter(CompositeFilter.java:113)
		at org.springframework.web.filter.CompositeFilter.doFilter(CompositeFilter.java:74)
		at org.springframework.security.config.annotation.web.configuration.WebSecurityConfiguration$CompositeFilterChainProxy.doFilter(WebSecurityConfiguration.java:319)
		at org.springframework.web.filter.CompositeFilter$VirtualFilterChain.doFilter(CompositeFilter.java:113)
		at org.springframework.web.servlet.handler.HandlerMappingIntrospector.lambda$createCacheFilter$4(HandlerMappingIntrospector.java:267)
		at org.springframework.web.filter.CompositeFilter$VirtualFilterChain.doFilter(CompositeFilter.java:113)
		at org.springframework.web.filter.CompositeFilter.doFilter(CompositeFilter.java:74)
		at org.springframework.security.config.annotation.web.configuration.WebMvcSecurityConfiguration$CompositeFilterChainProxy.doFilter(WebMvcSecurityConfiguration.java:240)
		at org.springframework.web.filter.DelegatingFilterProxy.invokeDelegate(DelegatingFilterProxy.java:362)
		at org.springframework.web.filter.DelegatingFilterProxy.doFilter(DelegatingFilterProxy.java:278)
		at org.apache.catalina.core.ApplicationFilterChain.internalDoFilter(ApplicationFilterChain.java:162)
		at org.apache.catalina.core.ApplicationFilterChain.doFilter(ApplicationFilterChain.java:138)
		at org.apache.catalina.core.StandardWrapperValve.invoke(StandardWrapperValve.java:165)
		at org.apache.catalina.core.StandardContextValve.invoke(StandardContextValve.java:88)
		at org.apache.catalina.authenticator.AuthenticatorBase.invoke(AuthenticatorBase.java:482)
		at org.apache.catalina.core.StandardHostValve.invoke(StandardHostValve.java:113)
		at org.apache.catalina.valves.ErrorReportValve.invoke(ErrorReportValve.java:83)
		at org.apache.catalina.valves.AbstractAccessLogValve.invoke(AbstractAccessLogValve.java:654)
		at org.apache.catalina.core.StandardEngineValve.invoke(StandardEngineValve.java:72)
		at org.apache.catalina.connector.CoyoteAdapter.service(CoyoteAdapter.java:342)
		at org.apache.coyote.http11.Http11Processor.service(Http11Processor.java:399)
		at org.apache.coyote.AbstractProcessorLight.process(AbstractProcessorLight.java:63)
		at org.apache.coyote.AbstractProtocol$ConnectionHandler.process(AbstractProtocol.java:903)
		at org.apache.tomcat.util.net.NioEndpoint$SocketProcessor.doRun(NioEndpoint.java:1774)
		at org.apache.tomcat.util.net.SocketProcessorBase.run(SocketProcessorBase.java:52)
		at org.apache.tomcat.util.threads.ThreadPoolExecutor.runWorker(ThreadPoolExecutor.java:973)
		at org.apache.tomcat.util.threads.ThreadPoolExecutor$Worker.run(ThreadPoolExecutor.java:491)
		at org.apache.tomcat.util.threads.TaskThread$WrappingRunnable.run(TaskThread.java:63)
		at java.base/java.lang.Thread.run(Thread.java:1583)
19-Dec-2025 08:54:16.142 심각 [http-nio-8080-exec-10] org.apache.catalina.core.ApplicationDispatcher.invoke 서블릿 [jsp]을(를) 위한 Servlet.service() 호출이 예외를 발생시켰습니다.
	org.apache.jasper.JasperException: 절대 URI인 [http://xmlns.jcp.org/jsp/jstl/core]을(를), web.xml 또는 이 애플리케이션과 함께 배치된 JAR 파일 내에서 찾을 수 없습니다.
		at org.apache.jasper.compiler.DefaultErrorHandler.jspError(DefaultErrorHandler.java:35)
		at org.apache.jasper.compiler.ErrorDispatcher.dispatch(ErrorDispatcher.java:267)
		at org.apache.jasper.compiler.ErrorDispatcher.jspError(ErrorDispatcher.java:74)
		at org.apache.jasper.compiler.TagLibraryInfoImpl.generateTldResourcePath(TagLibraryInfoImpl.java:242)
		at org.apache.jasper.compiler.TagLibraryInfoImpl.<init>(TagLibraryInfoImpl.java:116)
		at org.apache.jasper.compiler.Parser.parseTaglibDirective(Parser.java:405)
		at org.apache.jasper.compiler.Parser.parseDirective(Parser.java:458)
		at org.apache.jasper.compiler.Parser.parseElements(Parser.java:1348)
		at org.apache.jasper.compiler.Parser.parse(Parser.java:127)
		at org.apache.jasper.compiler.ParserController.doParse(ParserController.java:240)
		at org.apache.jasper.compiler.ParserController.parse(ParserController.java:103)
		at org.apache.jasper.compiler.Compiler.generateJava(Compiler.java:188)
		at org.apache.jasper.compiler.Compiler.compile(Compiler.java:361)
		at org.apache.jasper.compiler.Compiler.compile(Compiler.java:339)
		at org.apache.jasper.compiler.Compiler.compile(Compiler.java:325)
		at org.apache.jasper.JspCompilationContext.compile(JspCompilationContext.java:586)
		at org.apache.jasper.servlet.JspServletWrapper.service(JspServletWrapper.java:368)
		at org.apache.jasper.servlet.JspServlet.serviceJspFile(JspServlet.java:350)
		at org.apache.jasper.servlet.JspServlet.service(JspServlet.java:301)
		at jakarta.servlet.http.HttpServlet.service(HttpServlet.java:658)
		at org.apache.catalina.core.ApplicationFilterChain.internalDoFilter(ApplicationFilterChain.java:193)
		at org.apache.catalina.core.ApplicationFilterChain.doFilter(ApplicationFilterChain.java:138)
		at org.apache.catalina.core.ApplicationDispatcher.invoke(ApplicationDispatcher.java:610)
		at org.apache.catalina.core.ApplicationDispatcher.processRequest(ApplicationDispatcher.java:394)
		at org.apache.catalina.core.ApplicationDispatcher.doForward(ApplicationDispatcher.java:321)
		at org.apache.catalina.core.ApplicationDispatcher.forward(ApplicationDispatcher.java:266)
		at org.apache.catalina.core.StandardHostValve.custom(StandardHostValve.java:374)
		at org.apache.catalina.core.StandardHostValve.throwable(StandardHostValve.java:263)
		at org.apache.catalina.core.StandardHostValve.invoke(StandardHostValve.java:147)
		at org.apache.catalina.valves.ErrorReportValve.invoke(ErrorReportValve.java:83)
		at org.apache.catalina.valves.AbstractAccessLogValve.invoke(AbstractAccessLogValve.java:654)
		at org.apache.catalina.core.StandardEngineValve.invoke(StandardEngineValve.java:72)
		at org.apache.catalina.connector.CoyoteAdapter.service(CoyoteAdapter.java:342)
		at org.apache.coyote.http11.Http11Processor.service(Http11Processor.java:399)
		at org.apache.coyote.AbstractProcessorLight.process(AbstractProcessorLight.java:63)
		at org.apache.coyote.AbstractProtocol$ConnectionHandler.process(AbstractProtocol.java:903)
		at org.apache.tomcat.util.net.NioEndpoint$SocketProcessor.doRun(NioEndpoint.java:1774)
		at org.apache.tomcat.util.net.SocketProcessorBase.run(SocketProcessorBase.java:52)
		at org.apache.tomcat.util.threads.ThreadPoolExecutor.runWorker(ThreadPoolExecutor.java:973)
		at org.apache.tomcat.util.threads.ThreadPoolExecutor$Worker.run(ThreadPoolExecutor.java:491)
		at org.apache.tomcat.util.threads.TaskThread$WrappingRunnable.run(TaskThread.java:63)
		at java.base/java.lang.Thread.run(Thread.java:1583)
19-Dec-2025 08:54:16.142 심각 [http-nio-8080-exec-10] org.apache.catalina.core.StandardHostValve.custom Exception Processing [ErrorPage[exceptionType=java.lang.Throwable, location=/common/error.jsp]]
	org.apache.jasper.JasperException: org.apache.jasper.JasperException: 절대 URI인 [http://xmlns.jcp.org/jsp/jstl/core]을(를), web.xml 또는 이 애플리케이션과 함께 배치된 JAR 파일 내에서 찾을 수 없습니다.
		at org.apache.jasper.servlet.JspServletWrapper.handleJspException(JspServletWrapper.java:550)
		at org.apache.jasper.servlet.JspServletWrapper.service(JspServletWrapper.java:394)
		at org.apache.jasper.servlet.JspServlet.serviceJspFile(JspServlet.java:350)
		at org.apache.jasper.servlet.JspServlet.service(JspServlet.java:301)
		at jakarta.servlet.http.HttpServlet.service(HttpServlet.java:658)
		at org.apache.catalina.core.ApplicationFilterChain.internalDoFilter(ApplicationFilterChain.java:193)
		at org.apache.catalina.core.ApplicationFilterChain.doFilter(ApplicationFilterChain.java:138)
		at org.apache.catalina.core.ApplicationDispatcher.invoke(ApplicationDispatcher.java:610)
		at org.apache.catalina.core.ApplicationDispatcher.processRequest(ApplicationDispatcher.java:394)
		at org.apache.catalina.core.ApplicationDispatcher.doForward(ApplicationDispatcher.java:321)
		at org.apache.catalina.core.ApplicationDispatcher.forward(ApplicationDispatcher.java:266)
		at org.apache.catalina.core.StandardHostValve.custom(StandardHostValve.java:374)
		at org.apache.catalina.core.StandardHostValve.throwable(StandardHostValve.java:263)
		at org.apache.catalina.core.StandardHostValve.invoke(StandardHostValve.java:147)
		at org.apache.catalina.valves.ErrorReportValve.invoke(ErrorReportValve.java:83)
		at org.apache.catalina.valves.AbstractAccessLogValve.invoke(AbstractAccessLogValve.java:654)
		at org.apache.catalina.core.StandardEngineValve.invoke(StandardEngineValve.java:72)
		at org.apache.catalina.connector.CoyoteAdapter.service(CoyoteAdapter.java:342)
		at org.apache.coyote.http11.Http11Processor.service(Http11Processor.java:399)
		at org.apache.coyote.AbstractProcessorLight.process(AbstractProcessorLight.java:63)
		at org.apache.coyote.AbstractProtocol$ConnectionHandler.process(AbstractProtocol.java:903)
		at org.apache.tomcat.util.net.NioEndpoint$SocketProcessor.doRun(NioEndpoint.java:1774)
		at org.apache.tomcat.util.net.SocketProcessorBase.run(SocketProcessorBase.java:52)
		at org.apache.tomcat.util.threads.ThreadPoolExecutor.runWorker(ThreadPoolExecutor.java:973)
		at org.apache.tomcat.util.threads.ThreadPoolExecutor$Worker.run(ThreadPoolExecutor.java:491)
		at org.apache.tomcat.util.threads.TaskThread$WrappingRunnable.run(TaskThread.java:63)
		at java.base/java.lang.Thread.run(Thread.java:1583)
	Caused by: org.apache.jasper.JasperException: 절대 URI인 [http://xmlns.jcp.org/jsp/jstl/core]을(를), web.xml 또는 이 애플리케이션과 함께 배치된 JAR 파일 내에서 찾을 수 없습니다.
		at org.apache.jasper.compiler.DefaultErrorHandler.jspError(DefaultErrorHandler.java:35)
		at org.apache.jasper.compiler.ErrorDispatcher.dispatch(ErrorDispatcher.java:267)
		at org.apache.jasper.compiler.ErrorDispatcher.jspError(ErrorDispatcher.java:74)
		at org.apache.jasper.compiler.TagLibraryInfoImpl.generateTldResourcePath(TagLibraryInfoImpl.java:242)
		at org.apache.jasper.compiler.TagLibraryInfoImpl.<init>(TagLibraryInfoImpl.java:116)
		at org.apache.jasper.compiler.Parser.parseTaglibDirective(Parser.java:405)
		at org.apache.jasper.compiler.Parser.parseDirective(Parser.java:458)
		at org.apache.jasper.compiler.Parser.parseElements(Parser.java:1348)
		at org.apache.jasper.compiler.Parser.parse(Parser.java:127)
		at org.apache.jasper.compiler.ParserController.doParse(ParserController.java:240)
		at org.apache.jasper.compiler.ParserController.parse(ParserController.java:103)
		at org.apache.jasper.compiler.Compiler.generateJava(Compiler.java:188)
		at org.apache.jasper.compiler.Compiler.compile(Compiler.java:361)
		at org.apache.jasper.compiler.Compiler.compile(Compiler.java:339)
		at org.apache.jasper.compiler.Compiler.compile(Compiler.java:325)
		at org.apache.jasper.JspCompilationContext.compile(JspCompilationContext.java:586)
		at org.apache.jasper.servlet.JspServletWrapper.service(JspServletWrapper.java:368)
		... 25 more
19-Dec-2025 08:54:43.948 정보 [main] org.apache.catalina.core.ApplicationContext.log Destroying Spring FrameworkServlet 'action'
19-Dec-2025 08:54:43.953 정보 [main] org.apache.catalina.core.ApplicationContext.log Closing Spring root WebApplicationContext
19-Dec-2025 08:54:44.028 정보 [main] org.apache.catalina.core.ApplicationContext.log SessionListener: contextDestroyed()
19-Dec-2025 08:54:44.028 정보 [main] org.apache.catalina.core.ApplicationContext.log ContextListener: contextDestroyed()
19-Dec-2025 08:58:32.461 정보 [main] org.apache.catalina.core.ApplicationContext.log No Spring WebApplicationInitializer types detected on classpath
19-Dec-2025 08:58:32.473 정보 [main] org.apache.catalina.core.ApplicationContext.log Initializing Spring root WebApplicationContext
19-Dec-2025 08:58:41.049 정보 [main] org.apache.catalina.core.ApplicationContext.log Initializing Spring DispatcherServlet 'action'
19-Dec-2025 08:58:44.268 정보 [main] org.apache.catalina.core.ApplicationContext.log ContextListener: contextInitialized()
19-Dec-2025 08:58:44.268 정보 [main] org.apache.catalina.core.ApplicationContext.log SessionListener: contextInitialized()
19-Dec-2025 08:58:44.270 정보 [main] org.apache.catalina.core.ApplicationContext.log ContextListener: attributeAdded('StockTicker', 'async.Stockticker@586f01b9')
