18-Dec-2025 08:29:10.999 정보 [main] org.apache.catalina.core.ApplicationContext.log SessionListener: contextDestroyed()
18-Dec-2025 08:29:10.999 정보 [main] org.apache.catalina.core.ApplicationContext.log ContextListener: contextDestroyed()
18-Dec-2025 08:29:36.729 정보 [main] org.apache.catalina.core.ApplicationContext.log No Spring WebApplicationInitializer types detected on classpath
18-Dec-2025 08:29:36.742 정보 [main] org.apache.catalina.core.ApplicationContext.log Initializing Spring root WebApplicationContext
18-Dec-2025 08:29:42.936 심각 [main] org.apache.catalina.core.StandardContext.listenerStart Context initialized 이벤트를 [org.springframework.web.context.ContextLoaderListener] 클래스의 인스턴스인 리스너에 전송하는 동안 예외 발생
	org.springframework.beans.factory.BeanCreationException: Error creating bean with name 'egovSecurityConfig' defined in file [D:\project\egov-enterprise\apache-tomcat-10.1.50\apache-tomcat-10.1.50\webapps\ROOT\WEB-INF\classes\egovframework\spring\com\context-security.xml]: Cannot resolve reference to bean 'dataSource' while setting bean property 'dataSource'
		at org.springframework.beans.factory.support.BeanDefinitionValueResolver.resolveReference(BeanDefinitionValueResolver.java:377)
		at org.springframework.beans.factory.support.BeanDefinitionValueResolver.resolveValueIfNecessary(BeanDefinitionValueResolver.java:135)
		at org.springframework.beans.factory.support.AbstractAutowireCapableBeanFactory.applyPropertyValues(AbstractAutowireCapableBeanFactory.java:1725)
		at org.springframework.beans.factory.support.AbstractAutowireCapableBeanFactory.populateBean(AbstractAutowireCapableBeanFactory.java:1474)
		at org.springframework.beans.factory.support.AbstractAutowireCapableBeanFactory.doCreateBean(AbstractAutowireCapableBeanFactory.java:606)
		at org.springframework.beans.factory.support.AbstractAutowireCapableBeanFactory.createBean(AbstractAutowireCapableBeanFactory.java:529)
		at org.springframework.beans.factory.support.AbstractBeanFactory.lambda$doGetBean$0(AbstractBeanFactory.java:339)
		at org.springframework.beans.factory.support.DefaultSingletonBeanRegistry.getSingleton(DefaultSingletonBeanRegistry.java:373)
		at org.springframework.beans.factory.support.AbstractBeanFactory.doGetBean(AbstractBeanFactory.java:337)
		at org.springframework.beans.factory.support.AbstractBeanFactory.getBean(AbstractBeanFactory.java:202)
		at org.springframework.beans.factory.support.DefaultListableBeanFactory.instantiateSingleton(DefaultListableBeanFactory.java:1221)
		at org.springframework.beans.factory.support.DefaultListableBeanFactory.preInstantiateSingleton(DefaultListableBeanFactory.java:1187)
		at org.springframework.beans.factory.support.DefaultListableBeanFactory.preInstantiateSingletons(DefaultListableBeanFactory.java:1123)
		at org.springframework.context.support.AbstractApplicationContext.finishBeanFactoryInitialization(AbstractApplicationContext.java:987)
		at org.springframework.context.support.AbstractApplicationContext.refresh(AbstractApplicationContext.java:627)
		at org.springframework.web.context.ContextLoader.configureAndRefreshWebApplicationContext(ContextLoader.java:394)
		at org.springframework.web.context.ContextLoader.initWebApplicationContext(ContextLoader.java:274)
		at org.springframework.web.context.ContextLoaderListener.contextInitialized(ContextLoaderListener.java:126)
		at org.apache.catalina.core.StandardContext.listenerStart(StandardContext.java:4034)
		at org.apache.catalina.core.StandardContext.startInternal(StandardContext.java:4462)
		at org.apache.catalina.util.LifecycleBase.start(LifecycleBase.java:164)
		at org.apache.catalina.core.ContainerBase.addChildInternal(ContainerBase.java:597)
		at org.apache.catalina.core.ContainerBase.addChild(ContainerBase.java:569)
		at org.apache.catalina.core.StandardHost.addChild(StandardHost.java:665)
		at org.apache.catalina.startup.HostConfig.deployWAR(HostConfig.java:962)
		at org.apache.catalina.startup.HostConfig$DeployWar.run(HostConfig.java:1900)
		at java.base/java.util.concurrent.Executors$RunnableAdapter.call(Executors.java:572)
		at java.base/java.util.concurrent.FutureTask.run(FutureTask.java:317)
		at org.apache.tomcat.util.threads.InlineExecutorService.execute(InlineExecutorService.java:81)
		at java.base/java.util.concurrent.AbstractExecutorService.submit(AbstractExecutorService.java:123)
		at org.apache.catalina.startup.HostConfig.deployWARs(HostConfig.java:766)
		at org.apache.catalina.startup.HostConfig.deployApps(HostConfig.java:417)
		at org.apache.catalina.startup.HostConfig.start(HostConfig.java:1618)
		at org.apache.catalina.startup.HostConfig.lifecycleEvent(HostConfig.java:300)
		at org.apache.catalina.util.LifecycleBase.fireLifecycleEvent(LifecycleBase.java:109)
		at org.apache.catalina.util.LifecycleBase.setStateInternal(LifecycleBase.java:389)
		at org.apache.catalina.util.LifecycleBase.setState(LifecycleBase.java:336)
		at org.apache.catalina.core.ContainerBase.startInternal(ContainerBase.java:774)
		at org.apache.catalina.core.StandardHost.startInternal(StandardHost.java:783)
		at org.apache.catalina.util.LifecycleBase.start(LifecycleBase.java:164)
		at org.apache.catalina.core.ContainerBase$StartChild.call(ContainerBase.java:1201)
		at org.apache.catalina.core.ContainerBase$StartChild.call(ContainerBase.java:1191)
		at java.base/java.util.concurrent.FutureTask.run(FutureTask.java:317)
		at org.apache.tomcat.util.threads.InlineExecutorService.execute(InlineExecutorService.java:81)
		at java.base/java.util.concurrent.AbstractExecutorService.submit(AbstractExecutorService.java:145)
		at org.apache.catalina.core.ContainerBase.startInternal(ContainerBase.java:747)
		at org.apache.catalina.core.StandardEngine.startInternal(StandardEngine.java:201)
		at org.apache.catalina.util.LifecycleBase.start(LifecycleBase.java:164)
		at org.apache.catalina.core.StandardService.startInternal(StandardService.java:410)
		at org.apache.catalina.util.LifecycleBase.start(LifecycleBase.java:164)
		at org.apache.catalina.core.StandardServer.startInternal(StandardServer.java:868)
		at org.apache.catalina.util.LifecycleBase.start(LifecycleBase.java:164)
		at org.apache.catalina.startup.Catalina.start(Catalina.java:758)
		at java.base/jdk.internal.reflect.DirectMethodHandleAccessor.invoke(DirectMethodHandleAccessor.java:103)
		at java.base/java.lang.reflect.Method.invoke(Method.java:580)
		at org.apache.catalina.startup.Bootstrap.start(Bootstrap.java:342)
		at org.apache.catalina.startup.Bootstrap.main(Bootstrap.java:473)
	Caused by: org.springframework.beans.factory.NoSuchBeanDefinitionException: No bean named 'dataSource' available
		at org.springframework.beans.factory.support.DefaultListableBeanFactory.getBeanDefinition(DefaultListableBeanFactory.java:978)
		at org.springframework.beans.factory.support.AbstractBeanFactory.getMergedLocalBeanDefinition(AbstractBeanFactory.java:1381)
		at org.springframework.beans.factory.support.AbstractBeanFactory.doGetBean(AbstractBeanFactory.java:302)
		at org.springframework.beans.factory.support.AbstractBeanFactory.getBean(AbstractBeanFactory.java:202)
		at org.springframework.beans.factory.support.BeanDefinitionValueResolver.resolveReference(BeanDefinitionValueResolver.java:365)
		... 56 more
18-Dec-2025 08:29:42.960 정보 [main] org.apache.catalina.core.ApplicationContext.log Closing Spring root WebApplicationContext
18-Dec-2025 08:29:43.653 정보 [main] org.apache.catalina.core.ApplicationContext.log ContextListener: contextInitialized()
18-Dec-2025 08:29:43.653 정보 [main] org.apache.catalina.core.ApplicationContext.log SessionListener: contextInitialized()
18-Dec-2025 08:29:43.655 정보 [main] org.apache.catalina.core.ApplicationContext.log ContextListener: attributeAdded('StockTicker', 'async.Stockticker@69ef1429')
18-Dec-2025 08:33:03.464 정보 [main] org.apache.catalina.core.ApplicationContext.log No Spring WebApplicationInitializer types detected on classpath
18-Dec-2025 08:33:03.474 정보 [main] org.apache.catalina.core.ApplicationContext.log Initializing Spring root WebApplicationContext
18-Dec-2025 08:33:08.453 심각 [main] org.apache.catalina.core.StandardContext.listenerStart Context initialized 이벤트를 [org.springframework.web.context.ContextLoaderListener] 클래스의 인스턴스인 리스너에 전송하는 동안 예외 발생
	org.springframework.beans.factory.BeanCreationException: Error creating bean with name 'egovSecurityConfig' defined in file [D:\project\egov-enterprise\apache-tomcat-10.1.50\apache-tomcat-10.1.50\webapps\ROOT\WEB-INF\classes\egovframework\spring\com\context-security.xml]: Cannot resolve reference to bean 'dataSource' while setting bean property 'dataSource'
		at org.springframework.beans.factory.support.BeanDefinitionValueResolver.resolveReference(BeanDefinitionValueResolver.java:377)
		at org.springframework.beans.factory.support.BeanDefinitionValueResolver.resolveValueIfNecessary(BeanDefinitionValueResolver.java:135)
		at org.springframework.beans.factory.support.AbstractAutowireCapableBeanFactory.applyPropertyValues(AbstractAutowireCapableBeanFactory.java:1725)
		at org.springframework.beans.factory.support.AbstractAutowireCapableBeanFactory.populateBean(AbstractAutowireCapableBeanFactory.java:1474)
		at org.springframework.beans.factory.support.AbstractAutowireCapableBeanFactory.doCreateBean(AbstractAutowireCapableBeanFactory.java:606)
		at org.springframework.beans.factory.support.AbstractAutowireCapableBeanFactory.createBean(AbstractAutowireCapableBeanFactory.java:529)
		at org.springframework.beans.factory.support.AbstractBeanFactory.lambda$doGetBean$0(AbstractBeanFactory.java:339)
		at org.springframework.beans.factory.support.DefaultSingletonBeanRegistry.getSingleton(DefaultSingletonBeanRegistry.java:373)
		at org.springframework.beans.factory.support.AbstractBeanFactory.doGetBean(AbstractBeanFactory.java:337)
		at org.springframework.beans.factory.support.AbstractBeanFactory.getBean(AbstractBeanFactory.java:202)
		at org.springframework.beans.factory.support.DefaultListableBeanFactory.instantiateSingleton(DefaultListableBeanFactory.java:1221)
		at org.springframework.beans.factory.support.DefaultListableBeanFactory.preInstantiateSingleton(DefaultListableBeanFactory.java:1187)
		at org.springframework.beans.factory.support.DefaultListableBeanFactory.preInstantiateSingletons(DefaultListableBeanFactory.java:1123)
		at org.springframework.context.support.AbstractApplicationContext.finishBeanFactoryInitialization(AbstractApplicationContext.java:987)
		at org.springframework.context.support.AbstractApplicationContext.refresh(AbstractApplicationContext.java:627)
		at org.springframework.web.context.ContextLoader.configureAndRefreshWebApplicationContext(ContextLoader.java:394)
		at org.springframework.web.context.ContextLoader.initWebApplicationContext(ContextLoader.java:274)
		at org.springframework.web.context.ContextLoaderListener.contextInitialized(ContextLoaderListener.java:126)
		at org.apache.catalina.core.StandardContext.listenerStart(StandardContext.java:4034)
		at org.apache.catalina.core.StandardContext.startInternal(StandardContext.java:4462)
		at org.apache.catalina.util.LifecycleBase.start(LifecycleBase.java:164)
		at org.apache.catalina.core.ContainerBase.addChildInternal(ContainerBase.java:597)
		at org.apache.catalina.core.ContainerBase.addChild(ContainerBase.java:569)
		at org.apache.catalina.core.StandardHost.addChild(StandardHost.java:665)
		at org.apache.catalina.startup.HostConfig.deployWAR(HostConfig.java:962)
		at org.apache.catalina.startup.HostConfig$DeployWar.run(HostConfig.java:1900)
		at java.base/java.util.concurrent.Executors$RunnableAdapter.call(Executors.java:572)
		at java.base/java.util.concurrent.FutureTask.run(FutureTask.java:317)
		at org.apache.tomcat.util.threads.InlineExecutorService.execute(InlineExecutorService.java:81)
		at java.base/java.util.concurrent.AbstractExecutorService.submit(AbstractExecutorService.java:123)
		at org.apache.catalina.startup.HostConfig.deployWARs(HostConfig.java:766)
		at org.apache.catalina.startup.HostConfig.deployApps(HostConfig.java:417)
		at org.apache.catalina.startup.HostConfig.start(HostConfig.java:1618)
		at org.apache.catalina.startup.HostConfig.lifecycleEvent(HostConfig.java:300)
		at org.apache.catalina.util.LifecycleBase.fireLifecycleEvent(LifecycleBase.java:109)
		at org.apache.catalina.util.LifecycleBase.setStateInternal(LifecycleBase.java:389)
		at org.apache.catalina.util.LifecycleBase.setState(LifecycleBase.java:336)
		at org.apache.catalina.core.ContainerBase.startInternal(ContainerBase.java:774)
		at org.apache.catalina.core.StandardHost.startInternal(StandardHost.java:783)
		at org.apache.catalina.util.LifecycleBase.start(LifecycleBase.java:164)
		at org.apache.catalina.core.ContainerBase$StartChild.call(ContainerBase.java:1201)
		at org.apache.catalina.core.ContainerBase$StartChild.call(ContainerBase.java:1191)
		at java.base/java.util.concurrent.FutureTask.run(FutureTask.java:317)
		at org.apache.tomcat.util.threads.InlineExecutorService.execute(InlineExecutorService.java:81)
		at java.base/java.util.concurrent.AbstractExecutorService.submit(AbstractExecutorService.java:145)
		at org.apache.catalina.core.ContainerBase.startInternal(ContainerBase.java:747)
		at org.apache.catalina.core.StandardEngine.startInternal(StandardEngine.java:201)
		at org.apache.catalina.util.LifecycleBase.start(LifecycleBase.java:164)
		at org.apache.catalina.core.StandardService.startInternal(StandardService.java:410)
		at org.apache.catalina.util.LifecycleBase.start(LifecycleBase.java:164)
		at org.apache.catalina.core.StandardServer.startInternal(StandardServer.java:868)
		at org.apache.catalina.util.LifecycleBase.start(LifecycleBase.java:164)
		at org.apache.catalina.startup.Catalina.start(Catalina.java:758)
		at java.base/jdk.internal.reflect.DirectMethodHandleAccessor.invoke(DirectMethodHandleAccessor.java:103)
		at java.base/java.lang.reflect.Method.invoke(Method.java:580)
		at org.apache.catalina.startup.Bootstrap.start(Bootstrap.java:342)
		at org.apache.catalina.startup.Bootstrap.main(Bootstrap.java:473)
	Caused by: org.springframework.beans.factory.NoSuchBeanDefinitionException: No bean named 'dataSource' available
		at org.springframework.beans.factory.support.DefaultListableBeanFactory.getBeanDefinition(DefaultListableBeanFactory.java:978)
		at org.springframework.beans.factory.support.AbstractBeanFactory.getMergedLocalBeanDefinition(AbstractBeanFactory.java:1381)
		at org.springframework.beans.factory.support.AbstractBeanFactory.doGetBean(AbstractBeanFactory.java:302)
		at org.springframework.beans.factory.support.AbstractBeanFactory.getBean(AbstractBeanFactory.java:202)
		at org.springframework.beans.factory.support.BeanDefinitionValueResolver.resolveReference(BeanDefinitionValueResolver.java:365)
		... 56 more
18-Dec-2025 08:33:08.475 정보 [main] org.apache.catalina.core.ApplicationContext.log Closing Spring root WebApplicationContext
18-Dec-2025 08:33:09.101 정보 [main] org.apache.catalina.core.ApplicationContext.log ContextListener: contextInitialized()
18-Dec-2025 08:33:09.101 정보 [main] org.apache.catalina.core.ApplicationContext.log SessionListener: contextInitialized()
18-Dec-2025 08:33:09.103 정보 [main] org.apache.catalina.core.ApplicationContext.log ContextListener: attributeAdded('StockTicker', 'async.Stockticker@78ffb83d')
18-Dec-2025 08:36:27.021 정보 [main] org.apache.catalina.core.ApplicationContext.log SessionListener: contextDestroyed()
18-Dec-2025 08:36:27.022 정보 [main] org.apache.catalina.core.ApplicationContext.log ContextListener: contextDestroyed()
18-Dec-2025 08:37:02.267 정보 [main] org.apache.catalina.core.ApplicationContext.log No Spring WebApplicationInitializer types detected on classpath
18-Dec-2025 08:37:02.281 정보 [main] org.apache.catalina.core.ApplicationContext.log Initializing Spring root WebApplicationContext
18-Dec-2025 08:37:08.577 심각 [main] org.apache.catalina.core.StandardContext.listenerStart Context initialized 이벤트를 [org.springframework.web.context.ContextLoaderListener] 클래스의 인스턴스인 리스너에 전송하는 동안 예외 발생
	org.springframework.beans.factory.BeanCreationException: Error creating bean with name 'egovSecurityConfig' defined in file [D:\project\egov-enterprise\apache-tomcat-10.1.50\apache-tomcat-10.1.50\webapps\ROOT\WEB-INF\classes\egovframework\spring\com\context-security.xml]: Failed to convert property value of type 'org.apache.commons.dbcp2.BasicDataSource' to required type 'java.lang.String' for property 'dataSource'; Cannot convert value of type 'org.apache.commons.dbcp2.BasicDataSource' to required type 'java.lang.String' for property 'dataSource': no matching editors or conversion strategy found
		at org.springframework.beans.factory.support.AbstractAutowireCapableBeanFactory.doCreateBean(AbstractAutowireCapableBeanFactory.java:614)
		at org.springframework.beans.factory.support.AbstractAutowireCapableBeanFactory.createBean(AbstractAutowireCapableBeanFactory.java:529)
		at org.springframework.beans.factory.support.AbstractBeanFactory.lambda$doGetBean$0(AbstractBeanFactory.java:339)
		at org.springframework.beans.factory.support.DefaultSingletonBeanRegistry.getSingleton(DefaultSingletonBeanRegistry.java:373)
		at org.springframework.beans.factory.support.AbstractBeanFactory.doGetBean(AbstractBeanFactory.java:337)
		at org.springframework.beans.factory.support.AbstractBeanFactory.getBean(AbstractBeanFactory.java:202)
		at org.springframework.beans.factory.support.DefaultListableBeanFactory.instantiateSingleton(DefaultListableBeanFactory.java:1221)
		at org.springframework.beans.factory.support.DefaultListableBeanFactory.preInstantiateSingleton(DefaultListableBeanFactory.java:1187)
		at org.springframework.beans.factory.support.DefaultListableBeanFactory.preInstantiateSingletons(DefaultListableBeanFactory.java:1123)
		at org.springframework.context.support.AbstractApplicationContext.finishBeanFactoryInitialization(AbstractApplicationContext.java:987)
		at org.springframework.context.support.AbstractApplicationContext.refresh(AbstractApplicationContext.java:627)
		at org.springframework.web.context.ContextLoader.configureAndRefreshWebApplicationContext(ContextLoader.java:394)
		at org.springframework.web.context.ContextLoader.initWebApplicationContext(ContextLoader.java:274)
		at org.springframework.web.context.ContextLoaderListener.contextInitialized(ContextLoaderListener.java:126)
		at org.apache.catalina.core.StandardContext.listenerStart(StandardContext.java:4034)
		at org.apache.catalina.core.StandardContext.startInternal(StandardContext.java:4462)
		at org.apache.catalina.util.LifecycleBase.start(LifecycleBase.java:164)
		at org.apache.catalina.core.ContainerBase.addChildInternal(ContainerBase.java:597)
		at org.apache.catalina.core.ContainerBase.addChild(ContainerBase.java:569)
		at org.apache.catalina.core.StandardHost.addChild(StandardHost.java:665)
		at org.apache.catalina.startup.HostConfig.deployWAR(HostConfig.java:962)
		at org.apache.catalina.startup.HostConfig$DeployWar.run(HostConfig.java:1900)
		at java.base/java.util.concurrent.Executors$RunnableAdapter.call(Executors.java:572)
		at java.base/java.util.concurrent.FutureTask.run(FutureTask.java:317)
		at org.apache.tomcat.util.threads.InlineExecutorService.execute(InlineExecutorService.java:81)
		at java.base/java.util.concurrent.AbstractExecutorService.submit(AbstractExecutorService.java:123)
		at org.apache.catalina.startup.HostConfig.deployWARs(HostConfig.java:766)
		at org.apache.catalina.startup.HostConfig.deployApps(HostConfig.java:417)
		at org.apache.catalina.startup.HostConfig.start(HostConfig.java:1618)
		at org.apache.catalina.startup.HostConfig.lifecycleEvent(HostConfig.java:300)
		at org.apache.catalina.util.LifecycleBase.fireLifecycleEvent(LifecycleBase.java:109)
		at org.apache.catalina.util.LifecycleBase.setStateInternal(LifecycleBase.java:389)
		at org.apache.catalina.util.LifecycleBase.setState(LifecycleBase.java:336)
		at org.apache.catalina.core.ContainerBase.startInternal(ContainerBase.java:774)
		at org.apache.catalina.core.StandardHost.startInternal(StandardHost.java:783)
		at org.apache.catalina.util.LifecycleBase.start(LifecycleBase.java:164)
		at org.apache.catalina.core.ContainerBase$StartChild.call(ContainerBase.java:1201)
		at org.apache.catalina.core.ContainerBase$StartChild.call(ContainerBase.java:1191)
		at java.base/java.util.concurrent.FutureTask.run(FutureTask.java:317)
		at org.apache.tomcat.util.threads.InlineExecutorService.execute(InlineExecutorService.java:81)
		at java.base/java.util.concurrent.AbstractExecutorService.submit(AbstractExecutorService.java:145)
		at org.apache.catalina.core.ContainerBase.startInternal(ContainerBase.java:747)
		at org.apache.catalina.core.StandardEngine.startInternal(StandardEngine.java:201)
		at org.apache.catalina.util.LifecycleBase.start(LifecycleBase.java:164)
		at org.apache.catalina.core.StandardService.startInternal(StandardService.java:410)
		at org.apache.catalina.util.LifecycleBase.start(LifecycleBase.java:164)
		at org.apache.catalina.core.StandardServer.startInternal(StandardServer.java:868)
		at org.apache.catalina.util.LifecycleBase.start(LifecycleBase.java:164)
		at org.apache.catalina.startup.Catalina.start(Catalina.java:758)
		at java.base/jdk.internal.reflect.DirectMethodHandleAccessor.invoke(DirectMethodHandleAccessor.java:103)
		at java.base/java.lang.reflect.Method.invoke(Method.java:580)
		at org.apache.catalina.startup.Bootstrap.start(Bootstrap.java:342)
		at org.apache.catalina.startup.Bootstrap.main(Bootstrap.java:473)
	Caused by: org.springframework.beans.ConversionNotSupportedException: Failed to convert property value of type 'org.apache.commons.dbcp2.BasicDataSource' to required type 'java.lang.String' for property 'dataSource'; Cannot convert value of type 'org.apache.commons.dbcp2.BasicDataSource' to required type 'java.lang.String' for property 'dataSource': no matching editors or conversion strategy found
		at org.springframework.beans.AbstractNestablePropertyAccessor.convertIfNecessary(AbstractNestablePropertyAccessor.java:594)
		at org.springframework.beans.AbstractNestablePropertyAccessor.convertForProperty(AbstractNestablePropertyAccessor.java:608)
		at org.springframework.beans.BeanWrapperImpl.convertForProperty(BeanWrapperImpl.java:190)
		at org.springframework.beans.factory.support.AbstractAutowireCapableBeanFactory.convertForProperty(AbstractAutowireCapableBeanFactory.java:1785)
		at org.springframework.beans.factory.support.AbstractAutowireCapableBeanFactory.applyPropertyValues(AbstractAutowireCapableBeanFactory.java:1729)
		at org.springframework.beans.factory.support.AbstractAutowireCapableBeanFactory.populateBean(AbstractAutowireCapableBeanFactory.java:1474)
		at org.springframework.beans.factory.support.AbstractAutowireCapableBeanFactory.doCreateBean(AbstractAutowireCapableBeanFactory.java:606)
		... 52 more
	Caused by: java.lang.IllegalStateException: Cannot convert value of type 'org.apache.commons.dbcp2.BasicDataSource' to required type 'java.lang.String' for property 'dataSource': no matching editors or conversion strategy found
		at org.springframework.beans.TypeConverterDelegate.convertIfNecessary(TypeConverterDelegate.java:273)
		at org.springframework.beans.AbstractNestablePropertyAccessor.convertIfNecessary(AbstractNestablePropertyAccessor.java:589)
		... 58 more
18-Dec-2025 08:37:08.604 정보 [main] org.apache.catalina.core.ApplicationContext.log Closing Spring root WebApplicationContext
18-Dec-2025 08:37:09.448 정보 [main] org.apache.catalina.core.ApplicationContext.log ContextListener: contextInitialized()
18-Dec-2025 08:37:09.448 정보 [main] org.apache.catalina.core.ApplicationContext.log SessionListener: contextInitialized()
18-Dec-2025 08:37:09.452 정보 [main] org.apache.catalina.core.ApplicationContext.log ContextListener: attributeAdded('StockTicker', 'async.Stockticker@5a00dab7')
18-Dec-2025 08:40:05.334 정보 [main] org.apache.catalina.core.ApplicationContext.log No Spring WebApplicationInitializer types detected on classpath
18-Dec-2025 08:40:05.346 정보 [main] org.apache.catalina.core.ApplicationContext.log Initializing Spring root WebApplicationContext
18-Dec-2025 08:40:13.464 심각 [main] org.apache.catalina.core.StandardContext.listenerStart Context initialized 이벤트를 [org.springframework.web.context.ContextLoaderListener] 클래스의 인스턴스인 리스너에 전송하는 동안 예외 발생
	org.springframework.beans.factory.CannotLoadBeanClassException: Cannot find class [org.egovframe.rte.fdl.cryptography.EgovPasswordEncoder] for bean with name 'egovPasswordEncoder' defined in file [D:\project\egov-enterprise\apache-tomcat-10.1.50\apache-tomcat-10.1.50\webapps\ROOT\WEB-INF\classes\egovframework\spring\com\context-security.xml]
		at org.springframework.beans.factory.support.AbstractBeanFactory.resolveBeanClass(AbstractBeanFactory.java:1584)
		at org.springframework.beans.factory.support.AbstractAutowireCapableBeanFactory.determineTargetType(AbstractAutowireCapableBeanFactory.java:692)
		at org.springframework.beans.factory.support.AbstractAutowireCapableBeanFactory.predictBeanType(AbstractAutowireCapableBeanFactory.java:660)
		at org.springframework.beans.factory.support.AbstractBeanFactory.isFactoryBean(AbstractBeanFactory.java:1715)
		at org.springframework.beans.factory.support.AbstractBeanFactory.isFactoryBean(AbstractBeanFactory.java:1174)
		at org.springframework.beans.factory.support.DefaultListableBeanFactory.instantiateSingleton(DefaultListableBeanFactory.java:1214)
		at org.springframework.beans.factory.support.DefaultListableBeanFactory.preInstantiateSingleton(DefaultListableBeanFactory.java:1187)
		at org.springframework.beans.factory.support.DefaultListableBeanFactory.preInstantiateSingletons(DefaultListableBeanFactory.java:1123)
		at org.springframework.context.support.AbstractApplicationContext.finishBeanFactoryInitialization(AbstractApplicationContext.java:987)
		at org.springframework.context.support.AbstractApplicationContext.refresh(AbstractApplicationContext.java:627)
		at org.springframework.web.context.ContextLoader.configureAndRefreshWebApplicationContext(ContextLoader.java:394)
		at org.springframework.web.context.ContextLoader.initWebApplicationContext(ContextLoader.java:274)
		at org.springframework.web.context.ContextLoaderListener.contextInitialized(ContextLoaderListener.java:126)
		at org.apache.catalina.core.StandardContext.listenerStart(StandardContext.java:4034)
		at org.apache.catalina.core.StandardContext.startInternal(StandardContext.java:4462)
		at org.apache.catalina.util.LifecycleBase.start(LifecycleBase.java:164)
		at org.apache.catalina.core.ContainerBase.addChildInternal(ContainerBase.java:597)
		at org.apache.catalina.core.ContainerBase.addChild(ContainerBase.java:569)
		at org.apache.catalina.core.StandardHost.addChild(StandardHost.java:665)
		at org.apache.catalina.startup.HostConfig.deployWAR(HostConfig.java:962)
		at org.apache.catalina.startup.HostConfig$DeployWar.run(HostConfig.java:1900)
		at java.base/java.util.concurrent.Executors$RunnableAdapter.call(Executors.java:572)
		at java.base/java.util.concurrent.FutureTask.run(FutureTask.java:317)
		at org.apache.tomcat.util.threads.InlineExecutorService.execute(InlineExecutorService.java:81)
		at java.base/java.util.concurrent.AbstractExecutorService.submit(AbstractExecutorService.java:123)
		at org.apache.catalina.startup.HostConfig.deployWARs(HostConfig.java:766)
		at org.apache.catalina.startup.HostConfig.deployApps(HostConfig.java:417)
		at org.apache.catalina.startup.HostConfig.start(HostConfig.java:1618)
		at org.apache.catalina.startup.HostConfig.lifecycleEvent(HostConfig.java:300)
		at org.apache.catalina.util.LifecycleBase.fireLifecycleEvent(LifecycleBase.java:109)
		at org.apache.catalina.util.LifecycleBase.setStateInternal(LifecycleBase.java:389)
		at org.apache.catalina.util.LifecycleBase.setState(LifecycleBase.java:336)
		at org.apache.catalina.core.ContainerBase.startInternal(ContainerBase.java:774)
		at org.apache.catalina.core.StandardHost.startInternal(StandardHost.java:783)
		at org.apache.catalina.util.LifecycleBase.start(LifecycleBase.java:164)
		at org.apache.catalina.core.ContainerBase$StartChild.call(ContainerBase.java:1201)
		at org.apache.catalina.core.ContainerBase$StartChild.call(ContainerBase.java:1191)
		at java.base/java.util.concurrent.FutureTask.run(FutureTask.java:317)
		at org.apache.tomcat.util.threads.InlineExecutorService.execute(InlineExecutorService.java:81)
		at java.base/java.util.concurrent.AbstractExecutorService.submit(AbstractExecutorService.java:145)
		at org.apache.catalina.core.ContainerBase.startInternal(ContainerBase.java:747)
		at org.apache.catalina.core.StandardEngine.startInternal(StandardEngine.java:201)
		at org.apache.catalina.util.LifecycleBase.start(LifecycleBase.java:164)
		at org.apache.catalina.core.StandardService.startInternal(StandardService.java:410)
		at org.apache.catalina.util.LifecycleBase.start(LifecycleBase.java:164)
		at org.apache.catalina.core.StandardServer.startInternal(StandardServer.java:868)
		at org.apache.catalina.util.LifecycleBase.start(LifecycleBase.java:164)
		at org.apache.catalina.startup.Catalina.start(Catalina.java:758)
		at java.base/jdk.internal.reflect.DirectMethodHandleAccessor.invoke(DirectMethodHandleAccessor.java:103)
		at java.base/java.lang.reflect.Method.invoke(Method.java:580)
		at org.apache.catalina.startup.Bootstrap.start(Bootstrap.java:342)
		at org.apache.catalina.startup.Bootstrap.main(Bootstrap.java:473)
	Caused by: java.lang.ClassNotFoundException: org.egovframe.rte.fdl.cryptography.EgovPasswordEncoder
		at org.apache.catalina.loader.WebappClassLoaderBase.loadClass(WebappClassLoaderBase.java:1377)
		at org.apache.catalina.loader.WebappClassLoaderBase.loadClass(WebappClassLoaderBase.java:1186)
		at java.base/java.lang.Class.forName0(Native Method)
		at java.base/java.lang.Class.forName(Class.java:534)
		at java.base/java.lang.Class.forName(Class.java:513)
		at org.springframework.util.ClassUtils.forName(ClassUtils.java:321)
		at org.springframework.beans.factory.support.AbstractBeanDefinition.resolveBeanClass(AbstractBeanDefinition.java:503)
		at org.springframework.beans.factory.support.AbstractBeanFactory.doResolveBeanClass(AbstractBeanFactory.java:1652)
		at org.springframework.beans.factory.support.AbstractBeanFactory.resolveBeanClass(AbstractBeanFactory.java:1577)
		... 51 more
18-Dec-2025 08:40:13.490 정보 [main] org.apache.catalina.core.ApplicationContext.log Closing Spring root WebApplicationContext
18-Dec-2025 08:40:14.328 정보 [main] org.apache.catalina.core.ApplicationContext.log ContextListener: contextInitialized()
18-Dec-2025 08:40:14.329 정보 [main] org.apache.catalina.core.ApplicationContext.log SessionListener: contextInitialized()
18-Dec-2025 08:40:14.337 정보 [main] org.apache.catalina.core.ApplicationContext.log ContextListener: attributeAdded('StockTicker', 'async.Stockticker@6865832d')
18-Dec-2025 08:45:23.795 정보 [main] org.apache.catalina.core.ApplicationContext.log No Spring WebApplicationInitializer types detected on classpath
18-Dec-2025 08:45:23.808 정보 [main] org.apache.catalina.core.ApplicationContext.log Initializing Spring root WebApplicationContext
18-Dec-2025 08:45:31.633 심각 [main] org.apache.catalina.core.StandardContext.listenerStart Context initialized 이벤트를 [org.springframework.web.context.ContextLoaderListener] 클래스의 인스턴스인 리스너에 전송하는 동안 예외 발생
	org.springframework.beans.factory.CannotLoadBeanClassException: Cannot find class [org.egovframe.rte.fdl.cryptography.EgovPasswordEncoder] for bean with name 'egovPasswordEncoder' defined in file [D:\project\egov-enterprise\apache-tomcat-10.1.50\apache-tomcat-10.1.50\webapps\ROOT\WEB-INF\classes\egovframework\spring\com\context-security.xml]
		at org.springframework.beans.factory.support.AbstractBeanFactory.resolveBeanClass(AbstractBeanFactory.java:1584)
		at org.springframework.beans.factory.support.AbstractAutowireCapableBeanFactory.determineTargetType(AbstractAutowireCapableBeanFactory.java:692)
		at org.springframework.beans.factory.support.AbstractAutowireCapableBeanFactory.predictBeanType(AbstractAutowireCapableBeanFactory.java:660)
		at org.springframework.beans.factory.support.AbstractBeanFactory.isFactoryBean(AbstractBeanFactory.java:1715)
		at org.springframework.beans.factory.support.AbstractBeanFactory.isFactoryBean(AbstractBeanFactory.java:1174)
		at org.springframework.beans.factory.support.DefaultListableBeanFactory.instantiateSingleton(DefaultListableBeanFactory.java:1214)
		at org.springframework.beans.factory.support.DefaultListableBeanFactory.preInstantiateSingleton(DefaultListableBeanFactory.java:1187)
		at org.springframework.beans.factory.support.DefaultListableBeanFactory.preInstantiateSingletons(DefaultListableBeanFactory.java:1123)
		at org.springframework.context.support.AbstractApplicationContext.finishBeanFactoryInitialization(AbstractApplicationContext.java:987)
		at org.springframework.context.support.AbstractApplicationContext.refresh(AbstractApplicationContext.java:627)
		at org.springframework.web.context.ContextLoader.configureAndRefreshWebApplicationContext(ContextLoader.java:394)
		at org.springframework.web.context.ContextLoader.initWebApplicationContext(ContextLoader.java:274)
		at org.springframework.web.context.ContextLoaderListener.contextInitialized(ContextLoaderListener.java:126)
		at org.apache.catalina.core.StandardContext.listenerStart(StandardContext.java:4034)
		at org.apache.catalina.core.StandardContext.startInternal(StandardContext.java:4462)
		at org.apache.catalina.util.LifecycleBase.start(LifecycleBase.java:164)
		at org.apache.catalina.core.ContainerBase.addChildInternal(ContainerBase.java:597)
		at org.apache.catalina.core.ContainerBase.addChild(ContainerBase.java:569)
		at org.apache.catalina.core.StandardHost.addChild(StandardHost.java:665)
		at org.apache.catalina.startup.HostConfig.deployWAR(HostConfig.java:962)
		at org.apache.catalina.startup.HostConfig$DeployWar.run(HostConfig.java:1900)
		at java.base/java.util.concurrent.Executors$RunnableAdapter.call(Executors.java:572)
		at java.base/java.util.concurrent.FutureTask.run(FutureTask.java:317)
		at org.apache.tomcat.util.threads.InlineExecutorService.execute(InlineExecutorService.java:81)
		at java.base/java.util.concurrent.AbstractExecutorService.submit(AbstractExecutorService.java:123)
		at org.apache.catalina.startup.HostConfig.deployWARs(HostConfig.java:766)
		at org.apache.catalina.startup.HostConfig.deployApps(HostConfig.java:417)
		at org.apache.catalina.startup.HostConfig.start(HostConfig.java:1618)
		at org.apache.catalina.startup.HostConfig.lifecycleEvent(HostConfig.java:300)
		at org.apache.catalina.util.LifecycleBase.fireLifecycleEvent(LifecycleBase.java:109)
		at org.apache.catalina.util.LifecycleBase.setStateInternal(LifecycleBase.java:389)
		at org.apache.catalina.util.LifecycleBase.setState(LifecycleBase.java:336)
		at org.apache.catalina.core.ContainerBase.startInternal(ContainerBase.java:774)
		at org.apache.catalina.core.StandardHost.startInternal(StandardHost.java:783)
		at org.apache.catalina.util.LifecycleBase.start(LifecycleBase.java:164)
		at org.apache.catalina.core.ContainerBase$StartChild.call(ContainerBase.java:1201)
		at org.apache.catalina.core.ContainerBase$StartChild.call(ContainerBase.java:1191)
		at java.base/java.util.concurrent.FutureTask.run(FutureTask.java:317)
		at org.apache.tomcat.util.threads.InlineExecutorService.execute(InlineExecutorService.java:81)
		at java.base/java.util.concurrent.AbstractExecutorService.submit(AbstractExecutorService.java:145)
		at org.apache.catalina.core.ContainerBase.startInternal(ContainerBase.java:747)
		at org.apache.catalina.core.StandardEngine.startInternal(StandardEngine.java:201)
		at org.apache.catalina.util.LifecycleBase.start(LifecycleBase.java:164)
		at org.apache.catalina.core.StandardService.startInternal(StandardService.java:410)
		at org.apache.catalina.util.LifecycleBase.start(LifecycleBase.java:164)
		at org.apache.catalina.core.StandardServer.startInternal(StandardServer.java:868)
		at org.apache.catalina.util.LifecycleBase.start(LifecycleBase.java:164)
		at org.apache.catalina.startup.Catalina.start(Catalina.java:758)
		at java.base/jdk.internal.reflect.DirectMethodHandleAccessor.invoke(DirectMethodHandleAccessor.java:103)
		at java.base/java.lang.reflect.Method.invoke(Method.java:580)
		at org.apache.catalina.startup.Bootstrap.start(Bootstrap.java:342)
		at org.apache.catalina.startup.Bootstrap.main(Bootstrap.java:473)
	Caused by: java.lang.ClassNotFoundException: org.egovframe.rte.fdl.cryptography.EgovPasswordEncoder
		at org.apache.catalina.loader.WebappClassLoaderBase.loadClass(WebappClassLoaderBase.java:1377)
		at org.apache.catalina.loader.WebappClassLoaderBase.loadClass(WebappClassLoaderBase.java:1186)
		at java.base/java.lang.Class.forName0(Native Method)
		at java.base/java.lang.Class.forName(Class.java:534)
		at java.base/java.lang.Class.forName(Class.java:513)
		at org.springframework.util.ClassUtils.forName(ClassUtils.java:321)
		at org.springframework.beans.factory.support.AbstractBeanDefinition.resolveBeanClass(AbstractBeanDefinition.java:503)
		at org.springframework.beans.factory.support.AbstractBeanFactory.doResolveBeanClass(AbstractBeanFactory.java:1652)
		at org.springframework.beans.factory.support.AbstractBeanFactory.resolveBeanClass(AbstractBeanFactory.java:1577)
		... 51 more
18-Dec-2025 08:45:31.655 정보 [main] org.apache.catalina.core.ApplicationContext.log Closing Spring root WebApplicationContext
18-Dec-2025 08:45:32.354 정보 [main] org.apache.catalina.core.ApplicationContext.log ContextListener: contextInitialized()
18-Dec-2025 08:45:32.354 정보 [main] org.apache.catalina.core.ApplicationContext.log SessionListener: contextInitialized()
18-Dec-2025 08:45:32.356 정보 [main] org.apache.catalina.core.ApplicationContext.log ContextListener: attributeAdded('StockTicker', 'async.Stockticker@133efe21')
18-Dec-2025 08:48:31.182 정보 [main] org.apache.catalina.core.ApplicationContext.log No Spring WebApplicationInitializer types detected on classpath
18-Dec-2025 08:48:31.200 정보 [main] org.apache.catalina.core.ApplicationContext.log Initializing Spring root WebApplicationContext
18-Dec-2025 08:48:36.961 심각 [main] org.apache.catalina.core.StandardContext.listenerStart Context initialized 이벤트를 [org.springframework.web.context.ContextLoaderListener] 클래스의 인스턴스인 리스너에 전송하는 동안 예외 발생
	org.springframework.beans.factory.BeanCreationException: Error creating bean with name 'roleHierarchy' defined in file [D:\project\egov-enterprise\apache-tomcat-10.1.50\apache-tomcat-10.1.50\webapps\ROOT\WEB-INF\classes\egovframework\spring\com\context-security.xml]: Cannot create inner bean 'org.egovframe.rte.fdl.security.userdetails.hierarchicalroles.HierarchyStringsFactoryBean#249ef826' of type [org.egovframe.rte.fdl.security.userdetails.hierarchicalroles.HierarchyStringsFactoryBean] while setting bean property 'hierarchy'
		at org.springframework.beans.factory.support.BeanDefinitionValueResolver.resolveInnerBeanValue(BeanDefinitionValueResolver.java:421)
		at org.springframework.beans.factory.support.BeanDefinitionValueResolver.lambda$resolveValueIfNecessary$0(BeanDefinitionValueResolver.java:149)
		at org.springframework.beans.factory.support.BeanDefinitionValueResolver.resolveInnerBean(BeanDefinitionValueResolver.java:262)
		at org.springframework.beans.factory.support.BeanDefinitionValueResolver.resolveValueIfNecessary(BeanDefinitionValueResolver.java:148)
		at org.springframework.beans.factory.support.AbstractAutowireCapableBeanFactory.applyPropertyValues(AbstractAutowireCapableBeanFactory.java:1725)
		at org.springframework.beans.factory.support.AbstractAutowireCapableBeanFactory.populateBean(AbstractAutowireCapableBeanFactory.java:1474)
		at org.springframework.beans.factory.support.AbstractAutowireCapableBeanFactory.doCreateBean(AbstractAutowireCapableBeanFactory.java:606)
		at org.springframework.beans.factory.support.AbstractAutowireCapableBeanFactory.createBean(AbstractAutowireCapableBeanFactory.java:529)
		at org.springframework.beans.factory.support.AbstractBeanFactory.lambda$doGetBean$0(AbstractBeanFactory.java:339)
		at org.springframework.beans.factory.support.DefaultSingletonBeanRegistry.getSingleton(DefaultSingletonBeanRegistry.java:373)
		at org.springframework.beans.factory.support.AbstractBeanFactory.doGetBean(AbstractBeanFactory.java:337)
		at org.springframework.beans.factory.support.AbstractBeanFactory.getBean(AbstractBeanFactory.java:202)
		at org.springframework.beans.factory.support.DefaultListableBeanFactory.instantiateSingleton(DefaultListableBeanFactory.java:1221)
		at org.springframework.beans.factory.support.DefaultListableBeanFactory.preInstantiateSingleton(DefaultListableBeanFactory.java:1187)
		at org.springframework.beans.factory.support.DefaultListableBeanFactory.preInstantiateSingletons(DefaultListableBeanFactory.java:1123)
		at org.springframework.context.support.AbstractApplicationContext.finishBeanFactoryInitialization(AbstractApplicationContext.java:987)
		at org.springframework.context.support.AbstractApplicationContext.refresh(AbstractApplicationContext.java:627)
		at org.springframework.web.context.ContextLoader.configureAndRefreshWebApplicationContext(ContextLoader.java:394)
		at org.springframework.web.context.ContextLoader.initWebApplicationContext(ContextLoader.java:274)
		at org.springframework.web.context.ContextLoaderListener.contextInitialized(ContextLoaderListener.java:126)
		at org.apache.catalina.core.StandardContext.listenerStart(StandardContext.java:4034)
		at org.apache.catalina.core.StandardContext.startInternal(StandardContext.java:4462)
		at org.apache.catalina.util.LifecycleBase.start(LifecycleBase.java:164)
		at org.apache.catalina.core.ContainerBase.addChildInternal(ContainerBase.java:597)
		at org.apache.catalina.core.ContainerBase.addChild(ContainerBase.java:569)
		at org.apache.catalina.core.StandardHost.addChild(StandardHost.java:665)
		at org.apache.catalina.startup.HostConfig.deployWAR(HostConfig.java:962)
		at org.apache.catalina.startup.HostConfig$DeployWar.run(HostConfig.java:1900)
		at java.base/java.util.concurrent.Executors$RunnableAdapter.call(Executors.java:572)
		at java.base/java.util.concurrent.FutureTask.run(FutureTask.java:317)
		at org.apache.tomcat.util.threads.InlineExecutorService.execute(InlineExecutorService.java:81)
		at java.base/java.util.concurrent.AbstractExecutorService.submit(AbstractExecutorService.java:123)
		at org.apache.catalina.startup.HostConfig.deployWARs(HostConfig.java:766)
		at org.apache.catalina.startup.HostConfig.deployApps(HostConfig.java:417)
		at org.apache.catalina.startup.HostConfig.start(HostConfig.java:1618)
		at org.apache.catalina.startup.HostConfig.lifecycleEvent(HostConfig.java:300)
		at org.apache.catalina.util.LifecycleBase.fireLifecycleEvent(LifecycleBase.java:109)
		at org.apache.catalina.util.LifecycleBase.setStateInternal(LifecycleBase.java:389)
		at org.apache.catalina.util.LifecycleBase.setState(LifecycleBase.java:336)
		at org.apache.catalina.core.ContainerBase.startInternal(ContainerBase.java:774)
		at org.apache.catalina.core.StandardHost.startInternal(StandardHost.java:783)
		at org.apache.catalina.util.LifecycleBase.start(LifecycleBase.java:164)
		at org.apache.catalina.core.ContainerBase$StartChild.call(ContainerBase.java:1201)
		at org.apache.catalina.core.ContainerBase$StartChild.call(ContainerBase.java:1191)
		at java.base/java.util.concurrent.FutureTask.run(FutureTask.java:317)
		at org.apache.tomcat.util.threads.InlineExecutorService.execute(InlineExecutorService.java:81)
		at java.base/java.util.concurrent.AbstractExecutorService.submit(AbstractExecutorService.java:145)
		at org.apache.catalina.core.ContainerBase.startInternal(ContainerBase.java:747)
		at org.apache.catalina.core.StandardEngine.startInternal(StandardEngine.java:201)
		at org.apache.catalina.util.LifecycleBase.start(LifecycleBase.java:164)
		at org.apache.catalina.core.StandardService.startInternal(StandardService.java:410)
		at org.apache.catalina.util.LifecycleBase.start(LifecycleBase.java:164)
		at org.apache.catalina.core.StandardServer.startInternal(StandardServer.java:868)
		at org.apache.catalina.util.LifecycleBase.start(LifecycleBase.java:164)
		at org.apache.catalina.startup.Catalina.start(Catalina.java:758)
		at java.base/jdk.internal.reflect.DirectMethodHandleAccessor.invoke(DirectMethodHandleAccessor.java:103)
		at java.base/java.lang.reflect.Method.invoke(Method.java:580)
		at org.apache.catalina.startup.Bootstrap.start(Bootstrap.java:342)
		at org.apache.catalina.startup.Bootstrap.main(Bootstrap.java:473)
	Caused by: org.springframework.beans.factory.BeanCreationException: Error creating bean with name 'org.egovframe.rte.fdl.security.userdetails.hierarchicalroles.HierarchyStringsFactoryBean#249ef826' defined in file [D:\project\egov-enterprise\apache-tomcat-10.1.50\apache-tomcat-10.1.50\webapps\ROOT\WEB-INF\classes\egovframework\spring\com\context-security.xml]: Could not find an init method named 'init' on bean with name 'org.egovframe.rte.fdl.security.userdetails.hierarchicalroles.HierarchyStringsFactoryBean#249ef826'
		at org.springframework.beans.factory.support.AbstractAutowireCapableBeanFactory.initializeBean(AbstractAutowireCapableBeanFactory.java:1826)
		at org.springframework.beans.factory.support.AbstractAutowireCapableBeanFactory.doCreateBean(AbstractAutowireCapableBeanFactory.java:607)
		at org.springframework.beans.factory.support.AbstractAutowireCapableBeanFactory.createBean(AbstractAutowireCapableBeanFactory.java:529)
		at org.springframework.beans.factory.support.BeanDefinitionValueResolver.resolveInnerBeanValue(BeanDefinitionValueResolver.java:407)
		... 58 more
	Caused by: org.springframework.beans.factory.support.BeanDefinitionValidationException: Could not find an init method named 'init' on bean with name 'org.egovframe.rte.fdl.security.userdetails.hierarchicalroles.HierarchyStringsFactoryBean#249ef826'
		at org.springframework.beans.factory.support.AbstractAutowireCapableBeanFactory.invokeCustomInitMethod(AbstractAutowireCapableBeanFactory.java:1910)
		at org.springframework.beans.factory.support.AbstractAutowireCapableBeanFactory.invokeInitMethods(AbstractAutowireCapableBeanFactory.java:1883)
		at org.springframework.beans.factory.support.AbstractAutowireCapableBeanFactory.initializeBean(AbstractAutowireCapableBeanFactory.java:1822)
		... 61 more
18-Dec-2025 08:48:36.979 정보 [main] org.apache.catalina.core.ApplicationContext.log Closing Spring root WebApplicationContext
18-Dec-2025 08:48:37.681 정보 [main] org.apache.catalina.core.ApplicationContext.log ContextListener: contextInitialized()
18-Dec-2025 08:48:37.682 정보 [main] org.apache.catalina.core.ApplicationContext.log SessionListener: contextInitialized()
18-Dec-2025 08:48:37.684 정보 [main] org.apache.catalina.core.ApplicationContext.log ContextListener: attributeAdded('StockTicker', 'async.Stockticker@32cf3e7b')
18-Dec-2025 08:51:11.514 정보 [Catalina-utility-2] org.apache.catalina.core.ApplicationContext.log No Spring WebApplicationInitializer types detected on classpath
18-Dec-2025 08:51:11.517 정보 [Catalina-utility-2] org.apache.catalina.core.ApplicationContext.log Initializing Spring root WebApplicationContext
18-Dec-2025 08:51:16.152 심각 [Catalina-utility-2] org.apache.catalina.core.StandardContext.listenerStart Context initialized 이벤트를 [org.springframework.web.context.ContextLoaderListener] 클래스의 인스턴스인 리스너에 전송하는 동안 예외 발생
	org.springframework.beans.factory.BeanCreationException: Error creating bean with name 'org.springframework.security.authentication.dao.DaoAuthenticationProvider#0': Failed to convert property value of type 'org.egovframe.rte.fdl.crypto.EgovPasswordEncoder' to required type 'org.springframework.security.crypto.password.PasswordEncoder' for property 'passwordEncoder'; Cannot convert value of type 'org.egovframe.rte.fdl.crypto.EgovPasswordEncoder' to required type 'org.springframework.security.crypto.password.PasswordEncoder' for property 'passwordEncoder': no matching editors or conversion strategy found
		at org.springframework.beans.factory.support.AbstractAutowireCapableBeanFactory.doCreateBean(AbstractAutowireCapableBeanFactory.java:614)
		at org.springframework.beans.factory.support.AbstractAutowireCapableBeanFactory.createBean(AbstractAutowireCapableBeanFactory.java:529)
		at org.springframework.beans.factory.support.AbstractBeanFactory.lambda$doGetBean$0(AbstractBeanFactory.java:339)
		at org.springframework.beans.factory.support.DefaultSingletonBeanRegistry.getSingleton(DefaultSingletonBeanRegistry.java:373)
		at org.springframework.beans.factory.support.AbstractBeanFactory.doGetBean(AbstractBeanFactory.java:337)
		at org.springframework.beans.factory.support.AbstractBeanFactory.getBean(AbstractBeanFactory.java:202)
		at org.springframework.beans.factory.support.DefaultListableBeanFactory.instantiateSingleton(DefaultListableBeanFactory.java:1221)
		at org.springframework.beans.factory.support.DefaultListableBeanFactory.preInstantiateSingleton(DefaultListableBeanFactory.java:1187)
		at org.springframework.beans.factory.support.DefaultListableBeanFactory.preInstantiateSingletons(DefaultListableBeanFactory.java:1123)
		at org.springframework.context.support.AbstractApplicationContext.finishBeanFactoryInitialization(AbstractApplicationContext.java:987)
		at org.springframework.context.support.AbstractApplicationContext.refresh(AbstractApplicationContext.java:627)
		at org.springframework.web.context.ContextLoader.configureAndRefreshWebApplicationContext(ContextLoader.java:394)
		at org.springframework.web.context.ContextLoader.initWebApplicationContext(ContextLoader.java:274)
		at org.springframework.web.context.ContextLoaderListener.contextInitialized(ContextLoaderListener.java:126)
		at org.apache.catalina.core.StandardContext.listenerStart(StandardContext.java:4034)
		at org.apache.catalina.core.StandardContext.startInternal(StandardContext.java:4462)
		at org.apache.catalina.util.LifecycleBase.start(LifecycleBase.java:164)
		at org.apache.catalina.core.ContainerBase.addChildInternal(ContainerBase.java:597)
		at org.apache.catalina.core.ContainerBase.addChild(ContainerBase.java:569)
		at org.apache.catalina.core.StandardHost.addChild(StandardHost.java:665)
		at org.apache.catalina.startup.HostConfig.deployWAR(HostConfig.java:962)
		at org.apache.catalina.startup.HostConfig$DeployWar.run(HostConfig.java:1900)
		at java.base/java.util.concurrent.Executors$RunnableAdapter.call(Executors.java:572)
		at java.base/java.util.concurrent.FutureTask.run(FutureTask.java:317)
		at org.apache.tomcat.util.threads.InlineExecutorService.execute(InlineExecutorService.java:81)
		at java.base/java.util.concurrent.AbstractExecutorService.submit(AbstractExecutorService.java:123)
		at org.apache.catalina.startup.HostConfig.deployWARs(HostConfig.java:766)
		at org.apache.catalina.startup.HostConfig.deployApps(HostConfig.java:417)
		at org.apache.catalina.startup.HostConfig.check(HostConfig.java:1667)
		at org.apache.catalina.startup.HostConfig.lifecycleEvent(HostConfig.java:296)
		at org.apache.catalina.util.LifecycleBase.fireLifecycleEvent(LifecycleBase.java:109)
		at org.apache.catalina.core.ContainerBase.backgroundProcess(ContainerBase.java:971)
		at org.apache.catalina.core.ContainerBase$ContainerBackgroundProcessor.processChildren(ContainerBase.java:1170)
		at org.apache.catalina.core.ContainerBase$ContainerBackgroundProcessor.processChildren(ContainerBase.java:1174)
		at org.apache.catalina.core.ContainerBase$ContainerBackgroundProcessor.run(ContainerBase.java:1152)
		at java.base/java.util.concurrent.Executors$RunnableAdapter.call(Executors.java:572)
		at java.base/java.util.concurrent.FutureTask.runAndReset(FutureTask.java:358)
		at java.base/java.util.concurrent.ScheduledThreadPoolExecutor$ScheduledFutureTask.run(ScheduledThreadPoolExecutor.java:305)
		at java.base/java.util.concurrent.ThreadPoolExecutor.runWorker(ThreadPoolExecutor.java:1144)
		at java.base/java.util.concurrent.ThreadPoolExecutor$Worker.run(ThreadPoolExecutor.java:642)
		at org.apache.tomcat.util.threads.TaskThread$WrappingRunnable.run(TaskThread.java:63)
		at java.base/java.lang.Thread.run(Thread.java:1583)
	Caused by: org.springframework.beans.ConversionNotSupportedException: Failed to convert property value of type 'org.egovframe.rte.fdl.crypto.EgovPasswordEncoder' to required type 'org.springframework.security.crypto.password.PasswordEncoder' for property 'passwordEncoder'; Cannot convert value of type 'org.egovframe.rte.fdl.crypto.EgovPasswordEncoder' to required type 'org.springframework.security.crypto.password.PasswordEncoder' for property 'passwordEncoder': no matching editors or conversion strategy found
		at org.springframework.beans.AbstractNestablePropertyAccessor.convertIfNecessary(AbstractNestablePropertyAccessor.java:594)
		at org.springframework.beans.AbstractNestablePropertyAccessor.convertForProperty(AbstractNestablePropertyAccessor.java:608)
		at org.springframework.beans.BeanWrapperImpl.convertForProperty(BeanWrapperImpl.java:190)
		at org.springframework.beans.factory.support.AbstractAutowireCapableBeanFactory.convertForProperty(AbstractAutowireCapableBeanFactory.java:1785)
		at org.springframework.beans.factory.support.AbstractAutowireCapableBeanFactory.applyPropertyValues(AbstractAutowireCapableBeanFactory.java:1729)
		at org.springframework.beans.factory.support.AbstractAutowireCapableBeanFactory.populateBean(AbstractAutowireCapableBeanFactory.java:1474)
		at org.springframework.beans.factory.support.AbstractAutowireCapableBeanFactory.doCreateBean(AbstractAutowireCapableBeanFactory.java:606)
		... 41 more
	Caused by: java.lang.IllegalStateException: Cannot convert value of type 'org.egovframe.rte.fdl.crypto.EgovPasswordEncoder' to required type 'org.springframework.security.crypto.password.PasswordEncoder' for property 'passwordEncoder': no matching editors or conversion strategy found
		at org.springframework.beans.TypeConverterDelegate.convertIfNecessary(TypeConverterDelegate.java:273)
		at org.springframework.beans.AbstractNestablePropertyAccessor.convertIfNecessary(AbstractNestablePropertyAccessor.java:589)
		... 47 more
18-Dec-2025 08:51:16.158 정보 [Catalina-utility-2] org.apache.catalina.core.ApplicationContext.log Closing Spring root WebApplicationContext
18-Dec-2025 09:06:13.720 정보 [Catalina-utility-2] org.apache.catalina.core.ApplicationContext.log No Spring WebApplicationInitializer types detected on classpath
18-Dec-2025 09:06:13.724 정보 [Catalina-utility-2] org.apache.catalina.core.ApplicationContext.log Initializing Spring root WebApplicationContext
18-Dec-2025 09:06:15.787 심각 [Catalina-utility-2] org.apache.catalina.core.StandardContext.listenerStart Context initialized 이벤트를 [org.springframework.web.context.ContextLoaderListener] 클래스의 인스턴스인 리스너에 전송하는 동안 예외 발생
	org.springframework.beans.factory.parsing.BeanDefinitionParsingException: Configuration problem: Unable to locate Spring NamespaceHandler for XML schema namespace [http://maven.egovframe.go.kr/schema/egov-security]
Offending resource: file [D:\project\egov-enterprise\apache-tomcat-10.1.50\apache-tomcat-10.1.50\webapps\ROOT\WEB-INF\classes\egovframework\spring\com\context-security.xml]

		at org.springframework.beans.factory.parsing.FailFastProblemReporter.error(FailFastProblemReporter.java:72)
		at org.springframework.beans.factory.parsing.ReaderContext.error(ReaderContext.java:119)
		at org.springframework.beans.factory.parsing.ReaderContext.error(ReaderContext.java:111)
		at org.springframework.beans.factory.xml.BeanDefinitionParserDelegate.error(BeanDefinitionParserDelegate.java:281)
		at org.springframework.beans.factory.xml.BeanDefinitionParserDelegate.parseCustomElement(BeanDefinitionParserDelegate.java:1388)
		at org.springframework.beans.factory.xml.BeanDefinitionParserDelegate.parseCustomElement(BeanDefinitionParserDelegate.java:1371)
		at org.springframework.beans.factory.xml.DefaultBeanDefinitionDocumentReader.parseBeanDefinitions(DefaultBeanDefinitionDocumentReader.java:179)
		at org.springframework.beans.factory.xml.DefaultBeanDefinitionDocumentReader.doRegisterBeanDefinitions(DefaultBeanDefinitionDocumentReader.java:150)
		at org.springframework.beans.factory.xml.DefaultBeanDefinitionDocumentReader.registerBeanDefinitions(DefaultBeanDefinitionDocumentReader.java:96)
		at org.springframework.beans.factory.xml.XmlBeanDefinitionReader.registerBeanDefinitions(XmlBeanDefinitionReader.java:520)
		at org.springframework.beans.factory.xml.XmlBeanDefinitionReader.doLoadBeanDefinitions(XmlBeanDefinitionReader.java:400)
		at org.springframework.beans.factory.xml.XmlBeanDefinitionReader.loadBeanDefinitions(XmlBeanDefinitionReader.java:347)
		at org.springframework.beans.factory.xml.XmlBeanDefinitionReader.loadBeanDefinitions(XmlBeanDefinitionReader.java:319)
		at org.springframework.beans.factory.support.AbstractBeanDefinitionReader.loadBeanDefinitions(AbstractBeanDefinitionReader.java:184)
		at org.springframework.beans.factory.support.AbstractBeanDefinitionReader.loadBeanDefinitions(AbstractBeanDefinitionReader.java:220)
		at org.springframework.beans.factory.support.AbstractBeanDefinitionReader.loadBeanDefinitions(AbstractBeanDefinitionReader.java:191)
		at org.springframework.web.context.support.XmlWebApplicationContext.loadBeanDefinitions(XmlWebApplicationContext.java:125)
		at org.springframework.web.context.support.XmlWebApplicationContext.loadBeanDefinitions(XmlWebApplicationContext.java:94)
		at org.springframework.context.support.AbstractRefreshableApplicationContext.refreshBeanFactory(AbstractRefreshableApplicationContext.java:131)
		at org.springframework.context.support.AbstractApplicationContext.obtainFreshBeanFactory(AbstractApplicationContext.java:716)
		at org.springframework.context.support.AbstractApplicationContext.refresh(AbstractApplicationContext.java:598)
		at org.springframework.web.context.ContextLoader.configureAndRefreshWebApplicationContext(ContextLoader.java:394)
		at org.springframework.web.context.ContextLoader.initWebApplicationContext(ContextLoader.java:274)
		at org.springframework.web.context.ContextLoaderListener.contextInitialized(ContextLoaderListener.java:126)
		at org.apache.catalina.core.StandardContext.listenerStart(StandardContext.java:4034)
		at org.apache.catalina.core.StandardContext.startInternal(StandardContext.java:4462)
		at org.apache.catalina.util.LifecycleBase.start(LifecycleBase.java:164)
		at org.apache.catalina.core.ContainerBase.addChildInternal(ContainerBase.java:597)
		at org.apache.catalina.core.ContainerBase.addChild(ContainerBase.java:569)
		at org.apache.catalina.core.StandardHost.addChild(StandardHost.java:665)
		at org.apache.catalina.startup.HostConfig.deployWAR(HostConfig.java:962)
		at org.apache.catalina.startup.HostConfig$DeployWar.run(HostConfig.java:1900)
		at java.base/java.util.concurrent.Executors$RunnableAdapter.call(Executors.java:572)
		at java.base/java.util.concurrent.FutureTask.run(FutureTask.java:317)
		at org.apache.tomcat.util.threads.InlineExecutorService.execute(InlineExecutorService.java:81)
		at java.base/java.util.concurrent.AbstractExecutorService.submit(AbstractExecutorService.java:123)
		at org.apache.catalina.startup.HostConfig.deployWARs(HostConfig.java:766)
		at org.apache.catalina.startup.HostConfig.deployApps(HostConfig.java:417)
		at org.apache.catalina.startup.HostConfig.check(HostConfig.java:1667)
		at org.apache.catalina.startup.HostConfig.lifecycleEvent(HostConfig.java:296)
		at org.apache.catalina.util.LifecycleBase.fireLifecycleEvent(LifecycleBase.java:109)
		at org.apache.catalina.core.ContainerBase.backgroundProcess(ContainerBase.java:971)
		at org.apache.catalina.core.ContainerBase$ContainerBackgroundProcessor.processChildren(ContainerBase.java:1170)
		at org.apache.catalina.core.ContainerBase$ContainerBackgroundProcessor.processChildren(ContainerBase.java:1174)
		at org.apache.catalina.core.ContainerBase$ContainerBackgroundProcessor.run(ContainerBase.java:1152)
		at java.base/java.util.concurrent.Executors$RunnableAdapter.call(Executors.java:572)
		at java.base/java.util.concurrent.FutureTask.runAndReset(FutureTask.java:358)
		at java.base/java.util.concurrent.ScheduledThreadPoolExecutor$ScheduledFutureTask.run(ScheduledThreadPoolExecutor.java:305)
		at java.base/java.util.concurrent.ThreadPoolExecutor.runWorker(ThreadPoolExecutor.java:1144)
		at java.base/java.util.concurrent.ThreadPoolExecutor$Worker.run(ThreadPoolExecutor.java:642)
		at org.apache.tomcat.util.threads.TaskThread$WrappingRunnable.run(TaskThread.java:63)
		at java.base/java.lang.Thread.run(Thread.java:1583)
18-Dec-2025 09:06:15.792 정보 [Catalina-utility-2] org.apache.catalina.core.ApplicationContext.log Closing Spring root WebApplicationContext
18-Dec-2025 09:06:15.822 심각 [Catalina-utility-2] org.apache.catalina.core.StandardContext.listenerStop 클래스 [org.springframework.web.context.ContextLoaderListener]의 인스턴스인 리스너에게 contextDestroyed 이벤트를 전송하는 중 예외 발생
	java.lang.IllegalStateException: BeanFactory not initialized or already closed - call 'refresh' before accessing beans via the ApplicationContext
		at org.springframework.context.support.AbstractRefreshableApplicationContext.getBeanFactory(AbstractRefreshableApplicationContext.java:169)
		at org.springframework.context.support.AbstractApplicationContext.destroyBeans(AbstractApplicationContext.java:1219)
		at org.springframework.context.support.AbstractApplicationContext.doClose(AbstractApplicationContext.java:1180)
		at org.springframework.context.support.AbstractApplicationContext.close(AbstractApplicationContext.java:1126)
		at org.springframework.web.context.ContextLoader.closeWebApplicationContext(ContextLoader.java:510)
		at org.springframework.web.context.ContextLoaderListener.contextDestroyed(ContextLoaderListener.java:136)
		at org.apache.catalina.core.StandardContext.listenerStop(StandardContext.java:4080)
		at org.apache.catalina.core.StandardContext.stopInternal(StandardContext.java:4688)
		at org.apache.catalina.util.LifecycleBase.stop(LifecycleBase.java:235)
		at org.apache.catalina.util.LifecycleBase.start(LifecycleBase.java:168)
		at org.apache.catalina.core.ContainerBase.addChildInternal(ContainerBase.java:597)
		at org.apache.catalina.core.ContainerBase.addChild(ContainerBase.java:569)
		at org.apache.catalina.core.StandardHost.addChild(StandardHost.java:665)
		at org.apache.catalina.startup.HostConfig.deployWAR(HostConfig.java:962)
		at org.apache.catalina.startup.HostConfig$DeployWar.run(HostConfig.java:1900)
		at java.base/java.util.concurrent.Executors$RunnableAdapter.call(Executors.java:572)
		at java.base/java.util.concurrent.FutureTask.run(FutureTask.java:317)
		at org.apache.tomcat.util.threads.InlineExecutorService.execute(InlineExecutorService.java:81)
		at java.base/java.util.concurrent.AbstractExecutorService.submit(AbstractExecutorService.java:123)
		at org.apache.catalina.startup.HostConfig.deployWARs(HostConfig.java:766)
		at org.apache.catalina.startup.HostConfig.deployApps(HostConfig.java:417)
		at org.apache.catalina.startup.HostConfig.check(HostConfig.java:1667)
		at org.apache.catalina.startup.HostConfig.lifecycleEvent(HostConfig.java:296)
		at org.apache.catalina.util.LifecycleBase.fireLifecycleEvent(LifecycleBase.java:109)
		at org.apache.catalina.core.ContainerBase.backgroundProcess(ContainerBase.java:971)
		at org.apache.catalina.core.ContainerBase$ContainerBackgroundProcessor.processChildren(ContainerBase.java:1170)
		at org.apache.catalina.core.ContainerBase$ContainerBackgroundProcessor.processChildren(ContainerBase.java:1174)
		at org.apache.catalina.core.ContainerBase$ContainerBackgroundProcessor.run(ContainerBase.java:1152)
		at java.base/java.util.concurrent.Executors$RunnableAdapter.call(Executors.java:572)
		at java.base/java.util.concurrent.FutureTask.runAndReset(FutureTask.java:358)
		at java.base/java.util.concurrent.ScheduledThreadPoolExecutor$ScheduledFutureTask.run(ScheduledThreadPoolExecutor.java:305)
		at java.base/java.util.concurrent.ThreadPoolExecutor.runWorker(ThreadPoolExecutor.java:1144)
		at java.base/java.util.concurrent.ThreadPoolExecutor$Worker.run(ThreadPoolExecutor.java:642)
		at org.apache.tomcat.util.threads.TaskThread$WrappingRunnable.run(TaskThread.java:63)
		at java.base/java.lang.Thread.run(Thread.java:1583)
18-Dec-2025 09:09:49.701 정보 [Catalina-utility-2] org.apache.catalina.core.ApplicationContext.log No Spring WebApplicationInitializer types detected on classpath
18-Dec-2025 09:09:49.705 정보 [Catalina-utility-2] org.apache.catalina.core.ApplicationContext.log Initializing Spring root WebApplicationContext
18-Dec-2025 09:09:54.485 심각 [Catalina-utility-2] org.apache.catalina.core.StandardContext.listenerStart Context initialized 이벤트를 [org.springframework.web.context.ContextLoaderListener] 클래스의 인스턴스인 리스너에 전송하는 동안 예외 발생
	org.springframework.beans.factory.BeanCreationException: Error creating bean with name 'org.springframework.security.filterChains': Cannot resolve reference to bean 'org.springframework.security.web.DefaultSecurityFilterChain#0' while setting bean property 'sourceList' with key [0]
		at org.springframework.beans.factory.support.BeanDefinitionValueResolver.resolveReference(BeanDefinitionValueResolver.java:377)
		at org.springframework.beans.factory.support.BeanDefinitionValueResolver.resolveValueIfNecessary(BeanDefinitionValueResolver.java:135)
		at org.springframework.beans.factory.support.BeanDefinitionValueResolver.resolveManagedList(BeanDefinitionValueResolver.java:460)
		at org.springframework.beans.factory.support.BeanDefinitionValueResolver.resolveValueIfNecessary(BeanDefinitionValueResolver.java:191)
		at org.springframework.beans.factory.support.AbstractAutowireCapableBeanFactory.applyPropertyValues(AbstractAutowireCapableBeanFactory.java:1725)
		at org.springframework.beans.factory.support.AbstractAutowireCapableBeanFactory.populateBean(AbstractAutowireCapableBeanFactory.java:1474)
		at org.springframework.beans.factory.support.AbstractAutowireCapableBeanFactory.doCreateBean(AbstractAutowireCapableBeanFactory.java:606)
		at org.springframework.beans.factory.support.AbstractAutowireCapableBeanFactory.createBean(AbstractAutowireCapableBeanFactory.java:529)
		at org.springframework.beans.factory.support.AbstractBeanFactory.lambda$doGetBean$0(AbstractBeanFactory.java:339)
		at org.springframework.beans.factory.support.DefaultSingletonBeanRegistry.getSingleton(DefaultSingletonBeanRegistry.java:373)
		at org.springframework.beans.factory.support.AbstractBeanFactory.doGetBean(AbstractBeanFactory.java:337)
		at org.springframework.beans.factory.support.AbstractBeanFactory.getBean(AbstractBeanFactory.java:202)
		at org.springframework.beans.factory.support.DefaultListableBeanFactory.instantiateSingleton(DefaultListableBeanFactory.java:1215)
		at org.springframework.beans.factory.support.DefaultListableBeanFactory.preInstantiateSingleton(DefaultListableBeanFactory.java:1187)
		at org.springframework.beans.factory.support.DefaultListableBeanFactory.preInstantiateSingletons(DefaultListableBeanFactory.java:1123)
		at org.springframework.context.support.AbstractApplicationContext.finishBeanFactoryInitialization(AbstractApplicationContext.java:987)
		at org.springframework.context.support.AbstractApplicationContext.refresh(AbstractApplicationContext.java:627)
		at org.springframework.web.context.ContextLoader.configureAndRefreshWebApplicationContext(ContextLoader.java:394)
		at org.springframework.web.context.ContextLoader.initWebApplicationContext(ContextLoader.java:274)
		at org.springframework.web.context.ContextLoaderListener.contextInitialized(ContextLoaderListener.java:126)
		at org.apache.catalina.core.StandardContext.listenerStart(StandardContext.java:4034)
		at org.apache.catalina.core.StandardContext.startInternal(StandardContext.java:4462)
		at org.apache.catalina.util.LifecycleBase.start(LifecycleBase.java:164)
		at org.apache.catalina.core.ContainerBase.addChildInternal(ContainerBase.java:597)
		at org.apache.catalina.core.ContainerBase.addChild(ContainerBase.java:569)
		at org.apache.catalina.core.StandardHost.addChild(StandardHost.java:665)
		at org.apache.catalina.startup.HostConfig.deployWAR(HostConfig.java:962)
		at org.apache.catalina.startup.HostConfig$DeployWar.run(HostConfig.java:1900)
		at java.base/java.util.concurrent.Executors$RunnableAdapter.call(Executors.java:572)
		at java.base/java.util.concurrent.FutureTask.run(FutureTask.java:317)
		at org.apache.tomcat.util.threads.InlineExecutorService.execute(InlineExecutorService.java:81)
		at java.base/java.util.concurrent.AbstractExecutorService.submit(AbstractExecutorService.java:123)
		at org.apache.catalina.startup.HostConfig.deployWARs(HostConfig.java:766)
		at org.apache.catalina.startup.HostConfig.deployApps(HostConfig.java:417)
		at org.apache.catalina.startup.HostConfig.check(HostConfig.java:1667)
		at org.apache.catalina.startup.HostConfig.lifecycleEvent(HostConfig.java:296)
		at org.apache.catalina.util.LifecycleBase.fireLifecycleEvent(LifecycleBase.java:109)
		at org.apache.catalina.core.ContainerBase.backgroundProcess(ContainerBase.java:971)
		at org.apache.catalina.core.ContainerBase$ContainerBackgroundProcessor.processChildren(ContainerBase.java:1170)
		at org.apache.catalina.core.ContainerBase$ContainerBackgroundProcessor.processChildren(ContainerBase.java:1174)
		at org.apache.catalina.core.ContainerBase$ContainerBackgroundProcessor.run(ContainerBase.java:1152)
		at java.base/java.util.concurrent.Executors$RunnableAdapter.call(Executors.java:572)
		at java.base/java.util.concurrent.FutureTask.runAndReset(FutureTask.java:358)
		at java.base/java.util.concurrent.ScheduledThreadPoolExecutor$ScheduledFutureTask.run(ScheduledThreadPoolExecutor.java:305)
		at java.base/java.util.concurrent.ThreadPoolExecutor.runWorker(ThreadPoolExecutor.java:1144)
		at java.base/java.util.concurrent.ThreadPoolExecutor$Worker.run(ThreadPoolExecutor.java:642)
		at org.apache.tomcat.util.threads.TaskThread$WrappingRunnable.run(TaskThread.java:63)
		at java.base/java.lang.Thread.run(Thread.java:1583)
	Caused by: org.springframework.beans.factory.BeanCreationException: Error creating bean with name 'org.springframework.security.web.DefaultSecurityFilterChain#0': Cannot create inner bean '(inner bean)#4b35f763' of type [org.springframework.security.web.servlet.util.matcher.MvcRequestMatcher] while setting constructor argument
		at org.springframework.beans.factory.support.BeanDefinitionValueResolver.resolveInnerBeanValue(BeanDefinitionValueResolver.java:421)
		at org.springframework.beans.factory.support.BeanDefinitionValueResolver.lambda$resolveValueIfNecessary$1(BeanDefinitionValueResolver.java:153)
		at org.springframework.beans.factory.support.BeanDefinitionValueResolver.resolveInnerBean(BeanDefinitionValueResolver.java:262)
		at org.springframework.beans.factory.support.BeanDefinitionValueResolver.resolveValueIfNecessary(BeanDefinitionValueResolver.java:152)
		at org.springframework.beans.factory.support.ConstructorResolver.resolveConstructorArguments(ConstructorResolver.java:691)
		at org.springframework.beans.factory.support.ConstructorResolver.autowireConstructor(ConstructorResolver.java:206)
		at org.springframework.beans.factory.support.AbstractAutowireCapableBeanFactory.autowireConstructor(AbstractAutowireCapableBeanFactory.java:1395)
		at org.springframework.beans.factory.support.AbstractAutowireCapableBeanFactory.createBeanInstance(AbstractAutowireCapableBeanFactory.java:1232)
		at org.springframework.beans.factory.support.AbstractAutowireCapableBeanFactory.doCreateBean(AbstractAutowireCapableBeanFactory.java:569)
		at org.springframework.beans.factory.support.AbstractAutowireCapableBeanFactory.createBean(AbstractAutowireCapableBeanFactory.java:529)
		at org.springframework.beans.factory.support.AbstractBeanFactory.lambda$doGetBean$0(AbstractBeanFactory.java:339)
		at org.springframework.beans.factory.support.DefaultSingletonBeanRegistry.getSingleton(DefaultSingletonBeanRegistry.java:373)
		at org.springframework.beans.factory.support.AbstractBeanFactory.doGetBean(AbstractBeanFactory.java:337)
		at org.springframework.beans.factory.support.AbstractBeanFactory.getBean(AbstractBeanFactory.java:202)
		at org.springframework.beans.factory.support.BeanDefinitionValueResolver.resolveReference(BeanDefinitionValueResolver.java:365)
		... 47 more
	Caused by: org.springframework.beans.factory.BeanCreationException: Error creating bean with name '(inner bean)#4b35f763': Cannot create inner bean '(inner bean)#3eccf6c6' of type [org.springframework.security.config.http.HandlerMappingIntrospectorFactoryBean] while setting constructor argument
		at org.springframework.beans.factory.support.BeanDefinitionValueResolver.resolveInnerBeanValue(BeanDefinitionValueResolver.java:421)
		at org.springframework.beans.factory.support.BeanDefinitionValueResolver.lambda$resolveValueIfNecessary$1(BeanDefinitionValueResolver.java:153)
		at org.springframework.beans.factory.support.BeanDefinitionValueResolver.resolveInnerBean(BeanDefinitionValueResolver.java:262)
		at org.springframework.beans.factory.support.BeanDefinitionValueResolver.resolveValueIfNecessary(BeanDefinitionValueResolver.java:152)
		at org.springframework.beans.factory.support.ConstructorResolver.resolveConstructorArguments(ConstructorResolver.java:691)
		at org.springframework.beans.factory.support.ConstructorResolver.autowireConstructor(ConstructorResolver.java:206)
		at org.springframework.beans.factory.support.AbstractAutowireCapableBeanFactory.autowireConstructor(AbstractAutowireCapableBeanFactory.java:1395)
		at org.springframework.beans.factory.support.AbstractAutowireCapableBeanFactory.createBeanInstance(AbstractAutowireCapableBeanFactory.java:1232)
		at org.springframework.beans.factory.support.AbstractAutowireCapableBeanFactory.doCreateBean(AbstractAutowireCapableBeanFactory.java:569)
		at org.springframework.beans.factory.support.AbstractAutowireCapableBeanFactory.createBean(AbstractAutowireCapableBeanFactory.java:529)
		at org.springframework.beans.factory.support.BeanDefinitionValueResolver.resolveInnerBeanValue(BeanDefinitionValueResolver.java:407)
		... 61 more
	Caused by: org.springframework.beans.factory.BeanCreationException: Error creating bean with name '(inner bean)#3eccf6c6': FactoryBean threw exception on object creation
		at org.springframework.beans.factory.support.FactoryBeanRegistrySupport.doGetObjectFromFactoryBean(FactoryBeanRegistrySupport.java:206)
		at org.springframework.beans.factory.support.FactoryBeanRegistrySupport.getObjectFromFactoryBean(FactoryBeanRegistrySupport.java:176)
		at org.springframework.beans.factory.support.BeanDefinitionValueResolver.resolveInnerBeanValue(BeanDefinitionValueResolver.java:410)
		... 71 more
	Caused by: org.springframework.beans.factory.NoSuchBeanDefinitionException: No bean named 'mvcHandlerMappingIntrospector' available: A Bean named mvcHandlerMappingIntrospector of type org.springframework.web.servlet.handler.HandlerMappingIntrospector is required to use MvcRequestMatcher. Please ensure Spring Security & Spring MVC are configured in a shared ApplicationContext.
		at org.springframework.security.config.http.HandlerMappingIntrospectorFactoryBean.getObject(HandlerMappingIntrospectorFactoryBean.java:46)
		at org.springframework.security.config.http.HandlerMappingIntrospectorFactoryBean.getObject(HandlerMappingIntrospectorFactoryBean.java:34)
		at org.springframework.beans.factory.support.FactoryBeanRegistrySupport.doGetObjectFromFactoryBean(FactoryBeanRegistrySupport.java:200)
		... 73 more
18-Dec-2025 09:09:54.490 정보 [Catalina-utility-2] org.apache.catalina.core.ApplicationContext.log Closing Spring root WebApplicationContext
18-Dec-2025 09:13:52.447 정보 [Catalina-utility-2] org.apache.catalina.core.ApplicationContext.log No Spring WebApplicationInitializer types detected on classpath
18-Dec-2025 09:13:52.449 정보 [Catalina-utility-2] org.apache.catalina.core.ApplicationContext.log Initializing Spring root WebApplicationContext
18-Dec-2025 09:13:57.132 심각 [Catalina-utility-2] org.apache.catalina.core.StandardContext.listenerStart Context initialized 이벤트를 [org.springframework.web.context.ContextLoaderListener] 클래스의 인스턴스인 리스너에 전송하는 동안 예외 발생
	org.springframework.beans.factory.BeanCreationException: Error creating bean with name 'org.springframework.security.filterChains': Cannot resolve reference to bean 'org.springframework.security.web.DefaultSecurityFilterChain#0' while setting bean property 'sourceList' with key [0]
		at org.springframework.beans.factory.support.BeanDefinitionValueResolver.resolveReference(BeanDefinitionValueResolver.java:377)
		at org.springframework.beans.factory.support.BeanDefinitionValueResolver.resolveValueIfNecessary(BeanDefinitionValueResolver.java:135)
		at org.springframework.beans.factory.support.BeanDefinitionValueResolver.resolveManagedList(BeanDefinitionValueResolver.java:460)
		at org.springframework.beans.factory.support.BeanDefinitionValueResolver.resolveValueIfNecessary(BeanDefinitionValueResolver.java:191)
		at org.springframework.beans.factory.support.AbstractAutowireCapableBeanFactory.applyPropertyValues(AbstractAutowireCapableBeanFactory.java:1725)
		at org.springframework.beans.factory.support.AbstractAutowireCapableBeanFactory.populateBean(AbstractAutowireCapableBeanFactory.java:1474)
		at org.springframework.beans.factory.support.AbstractAutowireCapableBeanFactory.doCreateBean(AbstractAutowireCapableBeanFactory.java:606)
		at org.springframework.beans.factory.support.AbstractAutowireCapableBeanFactory.createBean(AbstractAutowireCapableBeanFactory.java:529)
		at org.springframework.beans.factory.support.AbstractBeanFactory.lambda$doGetBean$0(AbstractBeanFactory.java:339)
		at org.springframework.beans.factory.support.DefaultSingletonBeanRegistry.getSingleton(DefaultSingletonBeanRegistry.java:373)
		at org.springframework.beans.factory.support.AbstractBeanFactory.doGetBean(AbstractBeanFactory.java:337)
		at org.springframework.beans.factory.support.AbstractBeanFactory.getBean(AbstractBeanFactory.java:202)
		at org.springframework.beans.factory.support.DefaultListableBeanFactory.instantiateSingleton(DefaultListableBeanFactory.java:1215)
		at org.springframework.beans.factory.support.DefaultListableBeanFactory.preInstantiateSingleton(DefaultListableBeanFactory.java:1187)
		at org.springframework.beans.factory.support.DefaultListableBeanFactory.preInstantiateSingletons(DefaultListableBeanFactory.java:1123)
		at org.springframework.context.support.AbstractApplicationContext.finishBeanFactoryInitialization(AbstractApplicationContext.java:987)
		at org.springframework.context.support.AbstractApplicationContext.refresh(AbstractApplicationContext.java:627)
		at org.springframework.web.context.ContextLoader.configureAndRefreshWebApplicationContext(ContextLoader.java:394)
		at org.springframework.web.context.ContextLoader.initWebApplicationContext(ContextLoader.java:274)
		at org.springframework.web.context.ContextLoaderListener.contextInitialized(ContextLoaderListener.java:126)
		at org.apache.catalina.core.StandardContext.listenerStart(StandardContext.java:4034)
		at org.apache.catalina.core.StandardContext.startInternal(StandardContext.java:4462)
		at org.apache.catalina.util.LifecycleBase.start(LifecycleBase.java:164)
		at org.apache.catalina.core.ContainerBase.addChildInternal(ContainerBase.java:597)
		at org.apache.catalina.core.ContainerBase.addChild(ContainerBase.java:569)
		at org.apache.catalina.core.StandardHost.addChild(StandardHost.java:665)
		at org.apache.catalina.startup.HostConfig.deployWAR(HostConfig.java:962)
		at org.apache.catalina.startup.HostConfig$DeployWar.run(HostConfig.java:1900)
		at java.base/java.util.concurrent.Executors$RunnableAdapter.call(Executors.java:572)
		at java.base/java.util.concurrent.FutureTask.run(FutureTask.java:317)
		at org.apache.tomcat.util.threads.InlineExecutorService.execute(InlineExecutorService.java:81)
		at java.base/java.util.concurrent.AbstractExecutorService.submit(AbstractExecutorService.java:123)
		at org.apache.catalina.startup.HostConfig.deployWARs(HostConfig.java:766)
		at org.apache.catalina.startup.HostConfig.deployApps(HostConfig.java:417)
		at org.apache.catalina.startup.HostConfig.check(HostConfig.java:1667)
		at org.apache.catalina.startup.HostConfig.lifecycleEvent(HostConfig.java:296)
		at org.apache.catalina.util.LifecycleBase.fireLifecycleEvent(LifecycleBase.java:109)
		at org.apache.catalina.core.ContainerBase.backgroundProcess(ContainerBase.java:971)
		at org.apache.catalina.core.ContainerBase$ContainerBackgroundProcessor.processChildren(ContainerBase.java:1170)
		at org.apache.catalina.core.ContainerBase$ContainerBackgroundProcessor.processChildren(ContainerBase.java:1174)
		at org.apache.catalina.core.ContainerBase$ContainerBackgroundProcessor.run(ContainerBase.java:1152)
		at java.base/java.util.concurrent.Executors$RunnableAdapter.call(Executors.java:572)
		at java.base/java.util.concurrent.FutureTask.runAndReset(FutureTask.java:358)
		at java.base/java.util.concurrent.ScheduledThreadPoolExecutor$ScheduledFutureTask.run(ScheduledThreadPoolExecutor.java:305)
		at java.base/java.util.concurrent.ThreadPoolExecutor.runWorker(ThreadPoolExecutor.java:1144)
		at java.base/java.util.concurrent.ThreadPoolExecutor$Worker.run(ThreadPoolExecutor.java:642)
		at org.apache.tomcat.util.threads.TaskThread$WrappingRunnable.run(TaskThread.java:63)
		at java.base/java.lang.Thread.run(Thread.java:1583)
	Caused by: org.springframework.beans.factory.BeanCreationException: Error creating bean with name 'org.springframework.security.web.DefaultSecurityFilterChain#0': Cannot create inner bean '(inner bean)#4ed2275c' of type [org.springframework.security.web.servlet.util.matcher.MvcRequestMatcher] while setting constructor argument
		at org.springframework.beans.factory.support.BeanDefinitionValueResolver.resolveInnerBeanValue(BeanDefinitionValueResolver.java:421)
		at org.springframework.beans.factory.support.BeanDefinitionValueResolver.lambda$resolveValueIfNecessary$1(BeanDefinitionValueResolver.java:153)
		at org.springframework.beans.factory.support.BeanDefinitionValueResolver.resolveInnerBean(BeanDefinitionValueResolver.java:262)
		at org.springframework.beans.factory.support.BeanDefinitionValueResolver.resolveValueIfNecessary(BeanDefinitionValueResolver.java:152)
		at org.springframework.beans.factory.support.ConstructorResolver.resolveConstructorArguments(ConstructorResolver.java:691)
		at org.springframework.beans.factory.support.ConstructorResolver.autowireConstructor(ConstructorResolver.java:206)
		at org.springframework.beans.factory.support.AbstractAutowireCapableBeanFactory.autowireConstructor(AbstractAutowireCapableBeanFactory.java:1395)
		at org.springframework.beans.factory.support.AbstractAutowireCapableBeanFactory.createBeanInstance(AbstractAutowireCapableBeanFactory.java:1232)
		at org.springframework.beans.factory.support.AbstractAutowireCapableBeanFactory.doCreateBean(AbstractAutowireCapableBeanFactory.java:569)
		at org.springframework.beans.factory.support.AbstractAutowireCapableBeanFactory.createBean(AbstractAutowireCapableBeanFactory.java:529)
		at org.springframework.beans.factory.support.AbstractBeanFactory.lambda$doGetBean$0(AbstractBeanFactory.java:339)
		at org.springframework.beans.factory.support.DefaultSingletonBeanRegistry.getSingleton(DefaultSingletonBeanRegistry.java:373)
		at org.springframework.beans.factory.support.AbstractBeanFactory.doGetBean(AbstractBeanFactory.java:337)
		at org.springframework.beans.factory.support.AbstractBeanFactory.getBean(AbstractBeanFactory.java:202)
		at org.springframework.beans.factory.support.BeanDefinitionValueResolver.resolveReference(BeanDefinitionValueResolver.java:365)
		... 47 more
	Caused by: org.springframework.beans.factory.BeanCreationException: Error creating bean with name '(inner bean)#4ed2275c': Cannot create inner bean '(inner bean)#76b975fc' of type [org.springframework.security.config.http.HandlerMappingIntrospectorFactoryBean] while setting constructor argument
		at org.springframework.beans.factory.support.BeanDefinitionValueResolver.resolveInnerBeanValue(BeanDefinitionValueResolver.java:421)
		at org.springframework.beans.factory.support.BeanDefinitionValueResolver.lambda$resolveValueIfNecessary$1(BeanDefinitionValueResolver.java:153)
		at org.springframework.beans.factory.support.BeanDefinitionValueResolver.resolveInnerBean(BeanDefinitionValueResolver.java:262)
		at org.springframework.beans.factory.support.BeanDefinitionValueResolver.resolveValueIfNecessary(BeanDefinitionValueResolver.java:152)
		at org.springframework.beans.factory.support.ConstructorResolver.resolveConstructorArguments(ConstructorResolver.java:691)
		at org.springframework.beans.factory.support.ConstructorResolver.autowireConstructor(ConstructorResolver.java:206)
		at org.springframework.beans.factory.support.AbstractAutowireCapableBeanFactory.autowireConstructor(AbstractAutowireCapableBeanFactory.java:1395)
		at org.springframework.beans.factory.support.AbstractAutowireCapableBeanFactory.createBeanInstance(AbstractAutowireCapableBeanFactory.java:1232)
		at org.springframework.beans.factory.support.AbstractAutowireCapableBeanFactory.doCreateBean(AbstractAutowireCapableBeanFactory.java:569)
		at org.springframework.beans.factory.support.AbstractAutowireCapableBeanFactory.createBean(AbstractAutowireCapableBeanFactory.java:529)
		at org.springframework.beans.factory.support.BeanDefinitionValueResolver.resolveInnerBeanValue(BeanDefinitionValueResolver.java:407)
		... 61 more
	Caused by: org.springframework.beans.factory.BeanCreationException: Error creating bean with name '(inner bean)#76b975fc': FactoryBean threw exception on object creation
		at org.springframework.beans.factory.support.FactoryBeanRegistrySupport.doGetObjectFromFactoryBean(FactoryBeanRegistrySupport.java:206)
		at org.springframework.beans.factory.support.FactoryBeanRegistrySupport.getObjectFromFactoryBean(FactoryBeanRegistrySupport.java:176)
		at org.springframework.beans.factory.support.BeanDefinitionValueResolver.resolveInnerBeanValue(BeanDefinitionValueResolver.java:410)
		... 71 more
	Caused by: org.springframework.beans.factory.NoSuchBeanDefinitionException: No bean named 'mvcHandlerMappingIntrospector' available: A Bean named mvcHandlerMappingIntrospector of type org.springframework.web.servlet.handler.HandlerMappingIntrospector is required to use MvcRequestMatcher. Please ensure Spring Security & Spring MVC are configured in a shared ApplicationContext.
		at org.springframework.security.config.http.HandlerMappingIntrospectorFactoryBean.getObject(HandlerMappingIntrospectorFactoryBean.java:46)
		at org.springframework.security.config.http.HandlerMappingIntrospectorFactoryBean.getObject(HandlerMappingIntrospectorFactoryBean.java:34)
		at org.springframework.beans.factory.support.FactoryBeanRegistrySupport.doGetObjectFromFactoryBean(FactoryBeanRegistrySupport.java:200)
		... 73 more
18-Dec-2025 09:13:57.139 정보 [Catalina-utility-2] org.apache.catalina.core.ApplicationContext.log Closing Spring root WebApplicationContext
18-Dec-2025 09:18:54.368 정보 [Catalina-utility-1] org.apache.catalina.core.ApplicationContext.log No Spring WebApplicationInitializer types detected on classpath
18-Dec-2025 09:18:54.370 정보 [Catalina-utility-1] org.apache.catalina.core.ApplicationContext.log Initializing Spring root WebApplicationContext
18-Dec-2025 09:18:59.080 정보 [Catalina-utility-1] org.apache.catalina.core.ApplicationContext.log Initializing Spring DispatcherServlet 'action'
18-Dec-2025 09:18:59.701 심각 [Catalina-utility-1] org.apache.catalina.core.ApplicationContext.log 서블릿 [action]을(를) 위한 Servlet.init() 호출이 예외를 발생시켰습니다.
	org.springframework.beans.factory.UnsatisfiedDependencyException: Error creating bean with name 'egovLoginController' defined in file [D:\project\egov-enterprise\apache-tomcat-10.1.50\apache-tomcat-10.1.50\webapps\ROOT\WEB-INF\classes\egovframework\let\uat\uia\web\EgovLoginController.class]: Unsatisfied dependency expressed through constructor parameter 0: No qualifying bean of type 'org.springframework.security.authentication.AuthenticationManager' available: expected at least 1 bean which qualifies as autowire candidate. Dependency annotations: {}
		at org.springframework.beans.factory.support.ConstructorResolver.createArgumentArray(ConstructorResolver.java:804)
		at org.springframework.beans.factory.support.ConstructorResolver.autowireConstructor(ConstructorResolver.java:240)
		at org.springframework.beans.factory.support.AbstractAutowireCapableBeanFactory.autowireConstructor(AbstractAutowireCapableBeanFactory.java:1395)
		at org.springframework.beans.factory.support.AbstractAutowireCapableBeanFactory.createBeanInstance(AbstractAutowireCapableBeanFactory.java:1232)
		at org.springframework.beans.factory.support.AbstractAutowireCapableBeanFactory.doCreateBean(AbstractAutowireCapableBeanFactory.java:569)
		at org.springframework.beans.factory.support.AbstractAutowireCapableBeanFactory.createBean(AbstractAutowireCapableBeanFactory.java:529)
		at org.springframework.beans.factory.support.AbstractBeanFactory.lambda$doGetBean$0(AbstractBeanFactory.java:339)
		at org.springframework.beans.factory.support.DefaultSingletonBeanRegistry.getSingleton(DefaultSingletonBeanRegistry.java:373)
		at org.springframework.beans.factory.support.AbstractBeanFactory.doGetBean(AbstractBeanFactory.java:337)
		at org.springframework.beans.factory.support.AbstractBeanFactory.getBean(AbstractBeanFactory.java:202)
		at org.springframework.beans.factory.support.DefaultListableBeanFactory.instantiateSingleton(DefaultListableBeanFactory.java:1221)
		at org.springframework.beans.factory.support.DefaultListableBeanFactory.preInstantiateSingleton(DefaultListableBeanFactory.java:1187)
		at org.springframework.beans.factory.support.DefaultListableBeanFactory.preInstantiateSingletons(DefaultListableBeanFactory.java:1123)
		at org.springframework.context.support.AbstractApplicationContext.finishBeanFactoryInitialization(AbstractApplicationContext.java:987)
		at org.springframework.context.support.AbstractApplicationContext.refresh(AbstractApplicationContext.java:627)
		at org.springframework.web.servlet.FrameworkServlet.configureAndRefreshWebApplicationContext(FrameworkServlet.java:706)
		at org.springframework.web.servlet.FrameworkServlet.createWebApplicationContext(FrameworkServlet.java:672)
		at org.springframework.web.servlet.FrameworkServlet.createWebApplicationContext(FrameworkServlet.java:720)
		at org.springframework.web.servlet.FrameworkServlet.initWebApplicationContext(FrameworkServlet.java:595)
		at org.springframework.web.servlet.FrameworkServlet.initServletBean(FrameworkServlet.java:537)
		at org.springframework.web.servlet.HttpServletBean.init(HttpServletBean.java:169)
		at jakarta.servlet.GenericServlet.init(GenericServlet.java:143)
		at jakarta.servlet.http.HttpServlet.init(HttpServlet.java:121)
		at org.apache.catalina.core.StandardWrapper.initServlet(StandardWrapper.java:840)
		at org.apache.catalina.core.StandardWrapper.loadServlet(StandardWrapper.java:797)
		at org.apache.catalina.core.StandardWrapper.load(StandardWrapper.java:701)
		at org.apache.catalina.core.StandardContext.loadOnStartup(StandardContext.java:4209)
		at org.apache.catalina.core.StandardContext.startInternal(StandardContext.java:4496)
		at org.apache.catalina.util.LifecycleBase.start(LifecycleBase.java:164)
		at org.apache.catalina.core.ContainerBase.addChildInternal(ContainerBase.java:597)
		at org.apache.catalina.core.ContainerBase.addChild(ContainerBase.java:569)
		at org.apache.catalina.core.StandardHost.addChild(StandardHost.java:665)
		at org.apache.catalina.startup.HostConfig.deployWAR(HostConfig.java:962)
		at org.apache.catalina.startup.HostConfig$DeployWar.run(HostConfig.java:1900)
		at java.base/java.util.concurrent.Executors$RunnableAdapter.call(Executors.java:572)
		at java.base/java.util.concurrent.FutureTask.run(FutureTask.java:317)
		at org.apache.tomcat.util.threads.InlineExecutorService.execute(InlineExecutorService.java:81)
		at java.base/java.util.concurrent.AbstractExecutorService.submit(AbstractExecutorService.java:123)
		at org.apache.catalina.startup.HostConfig.deployWARs(HostConfig.java:766)
		at org.apache.catalina.startup.HostConfig.deployApps(HostConfig.java:417)
		at org.apache.catalina.startup.HostConfig.check(HostConfig.java:1667)
		at org.apache.catalina.startup.HostConfig.lifecycleEvent(HostConfig.java:296)
		at org.apache.catalina.util.LifecycleBase.fireLifecycleEvent(LifecycleBase.java:109)
		at org.apache.catalina.core.ContainerBase.backgroundProcess(ContainerBase.java:971)
		at org.apache.catalina.core.ContainerBase$ContainerBackgroundProcessor.processChildren(ContainerBase.java:1170)
		at org.apache.catalina.core.ContainerBase$ContainerBackgroundProcessor.processChildren(ContainerBase.java:1174)
		at org.apache.catalina.core.ContainerBase$ContainerBackgroundProcessor.run(ContainerBase.java:1152)
		at java.base/java.util.concurrent.Executors$RunnableAdapter.call(Executors.java:572)
		at java.base/java.util.concurrent.FutureTask.runAndReset(FutureTask.java:358)
		at java.base/java.util.concurrent.ScheduledThreadPoolExecutor$ScheduledFutureTask.run(ScheduledThreadPoolExecutor.java:305)
		at java.base/java.util.concurrent.ThreadPoolExecutor.runWorker(ThreadPoolExecutor.java:1144)
		at java.base/java.util.concurrent.ThreadPoolExecutor$Worker.run(ThreadPoolExecutor.java:642)
		at org.apache.tomcat.util.threads.TaskThread$WrappingRunnable.run(TaskThread.java:63)
		at java.base/java.lang.Thread.run(Thread.java:1583)
	Caused by: org.springframework.beans.factory.NoSuchBeanDefinitionException: No qualifying bean of type 'org.springframework.security.authentication.AuthenticationManager' available: expected at least 1 bean which qualifies as autowire candidate. Dependency annotations: {}
		at org.springframework.beans.factory.support.DefaultListableBeanFactory.raiseNoMatchingBeanFound(DefaultListableBeanFactory.java:2303)
		at org.springframework.beans.factory.support.DefaultListableBeanFactory.doResolveDependency(DefaultListableBeanFactory.java:1723)
		at org.springframework.beans.factory.support.DefaultListableBeanFactory.resolveDependency(DefaultListableBeanFactory.java:1643)
		at org.springframework.beans.factory.support.ConstructorResolver.resolveAutowiredArgument(ConstructorResolver.java:913)
		at org.springframework.beans.factory.support.ConstructorResolver.createArgumentArray(ConstructorResolver.java:791)
		... 53 more
18-Dec-2025 09:18:59.702 심각 [Catalina-utility-1] org.apache.catalina.core.StandardContext.loadOnStartup 웹 애플리케이션 [] 내의 서블릿 [action]이(가) load() 예외를 발생시켰습니다.
	org.springframework.beans.factory.NoSuchBeanDefinitionException: No qualifying bean of type 'org.springframework.security.authentication.AuthenticationManager' available: expected at least 1 bean which qualifies as autowire candidate. Dependency annotations: {}
		at org.springframework.beans.factory.support.DefaultListableBeanFactory.raiseNoMatchingBeanFound(DefaultListableBeanFactory.java:2303)
		at org.springframework.beans.factory.support.DefaultListableBeanFactory.doResolveDependency(DefaultListableBeanFactory.java:1723)
		at org.springframework.beans.factory.support.DefaultListableBeanFactory.resolveDependency(DefaultListableBeanFactory.java:1643)
		at org.springframework.beans.factory.support.ConstructorResolver.resolveAutowiredArgument(ConstructorResolver.java:913)
		at org.springframework.beans.factory.support.ConstructorResolver.createArgumentArray(ConstructorResolver.java:791)
		at org.springframework.beans.factory.support.ConstructorResolver.autowireConstructor(ConstructorResolver.java:240)
		at org.springframework.beans.factory.support.AbstractAutowireCapableBeanFactory.autowireConstructor(AbstractAutowireCapableBeanFactory.java:1395)
		at org.springframework.beans.factory.support.AbstractAutowireCapableBeanFactory.createBeanInstance(AbstractAutowireCapableBeanFactory.java:1232)
		at org.springframework.beans.factory.support.AbstractAutowireCapableBeanFactory.doCreateBean(AbstractAutowireCapableBeanFactory.java:569)
		at org.springframework.beans.factory.support.AbstractAutowireCapableBeanFactory.createBean(AbstractAutowireCapableBeanFactory.java:529)
		at org.springframework.beans.factory.support.AbstractBeanFactory.lambda$doGetBean$0(AbstractBeanFactory.java:339)
		at org.springframework.beans.factory.support.DefaultSingletonBeanRegistry.getSingleton(DefaultSingletonBeanRegistry.java:373)
		at org.springframework.beans.factory.support.AbstractBeanFactory.doGetBean(AbstractBeanFactory.java:337)
		at org.springframework.beans.factory.support.AbstractBeanFactory.getBean(AbstractBeanFactory.java:202)
		at org.springframework.beans.factory.support.DefaultListableBeanFactory.instantiateSingleton(DefaultListableBeanFactory.java:1221)
		at org.springframework.beans.factory.support.DefaultListableBeanFactory.preInstantiateSingleton(DefaultListableBeanFactory.java:1187)
		at org.springframework.beans.factory.support.DefaultListableBeanFactory.preInstantiateSingletons(DefaultListableBeanFactory.java:1123)
		at org.springframework.context.support.AbstractApplicationContext.finishBeanFactoryInitialization(AbstractApplicationContext.java:987)
		at org.springframework.context.support.AbstractApplicationContext.refresh(AbstractApplicationContext.java:627)
		at org.springframework.web.servlet.FrameworkServlet.configureAndRefreshWebApplicationContext(FrameworkServlet.java:706)
		at org.springframework.web.servlet.FrameworkServlet.createWebApplicationContext(FrameworkServlet.java:672)
		at org.springframework.web.servlet.FrameworkServlet.createWebApplicationContext(FrameworkServlet.java:720)
		at org.springframework.web.servlet.FrameworkServlet.initWebApplicationContext(FrameworkServlet.java:595)
		at org.springframework.web.servlet.FrameworkServlet.initServletBean(FrameworkServlet.java:537)
		at org.springframework.web.servlet.HttpServletBean.init(HttpServletBean.java:169)
		at jakarta.servlet.GenericServlet.init(GenericServlet.java:143)
		at jakarta.servlet.http.HttpServlet.init(HttpServlet.java:121)
		at org.apache.catalina.core.StandardWrapper.initServlet(StandardWrapper.java:840)
		at org.apache.catalina.core.StandardWrapper.loadServlet(StandardWrapper.java:797)
		at org.apache.catalina.core.StandardWrapper.load(StandardWrapper.java:701)
		at org.apache.catalina.core.StandardContext.loadOnStartup(StandardContext.java:4209)
		at org.apache.catalina.core.StandardContext.startInternal(StandardContext.java:4496)
		at org.apache.catalina.util.LifecycleBase.start(LifecycleBase.java:164)
		at org.apache.catalina.core.ContainerBase.addChildInternal(ContainerBase.java:597)
		at org.apache.catalina.core.ContainerBase.addChild(ContainerBase.java:569)
		at org.apache.catalina.core.StandardHost.addChild(StandardHost.java:665)
		at org.apache.catalina.startup.HostConfig.deployWAR(HostConfig.java:962)
		at org.apache.catalina.startup.HostConfig$DeployWar.run(HostConfig.java:1900)
		at java.base/java.util.concurrent.Executors$RunnableAdapter.call(Executors.java:572)
		at java.base/java.util.concurrent.FutureTask.run(FutureTask.java:317)
		at org.apache.tomcat.util.threads.InlineExecutorService.execute(InlineExecutorService.java:81)
		at java.base/java.util.concurrent.AbstractExecutorService.submit(AbstractExecutorService.java:123)
		at org.apache.catalina.startup.HostConfig.deployWARs(HostConfig.java:766)
		at org.apache.catalina.startup.HostConfig.deployApps(HostConfig.java:417)
		at org.apache.catalina.startup.HostConfig.check(HostConfig.java:1667)
		at org.apache.catalina.startup.HostConfig.lifecycleEvent(HostConfig.java:296)
		at org.apache.catalina.util.LifecycleBase.fireLifecycleEvent(LifecycleBase.java:109)
		at org.apache.catalina.core.ContainerBase.backgroundProcess(ContainerBase.java:971)
		at org.apache.catalina.core.ContainerBase$ContainerBackgroundProcessor.processChildren(ContainerBase.java:1170)
		at org.apache.catalina.core.ContainerBase$ContainerBackgroundProcessor.processChildren(ContainerBase.java:1174)
		at org.apache.catalina.core.ContainerBase$ContainerBackgroundProcessor.run(ContainerBase.java:1152)
		at java.base/java.util.concurrent.Executors$RunnableAdapter.call(Executors.java:572)
		at java.base/java.util.concurrent.FutureTask.runAndReset(FutureTask.java:358)
		at java.base/java.util.concurrent.ScheduledThreadPoolExecutor$ScheduledFutureTask.run(ScheduledThreadPoolExecutor.java:305)
		at java.base/java.util.concurrent.ThreadPoolExecutor.runWorker(ThreadPoolExecutor.java:1144)
		at java.base/java.util.concurrent.ThreadPoolExecutor$Worker.run(ThreadPoolExecutor.java:642)
		at org.apache.tomcat.util.threads.TaskThread$WrappingRunnable.run(TaskThread.java:63)
		at java.base/java.lang.Thread.run(Thread.java:1583)
18-Dec-2025 09:20:50.183 정보 [Catalina-utility-2] org.apache.catalina.core.ApplicationContext.log Closing Spring root WebApplicationContext
18-Dec-2025 09:21:13.480 정보 [Catalina-utility-2] org.apache.catalina.core.ApplicationContext.log No Spring WebApplicationInitializer types detected on classpath
18-Dec-2025 09:21:13.482 정보 [Catalina-utility-2] org.apache.catalina.core.ApplicationContext.log Initializing Spring root WebApplicationContext
18-Dec-2025 09:21:19.485 정보 [Catalina-utility-2] org.apache.catalina.core.ApplicationContext.log Initializing Spring DispatcherServlet 'action'
18-Dec-2025 09:21:20.159 심각 [Catalina-utility-2] org.apache.catalina.core.ApplicationContext.log 서블릿 [action]을(를) 위한 Servlet.init() 호출이 예외를 발생시켰습니다.
	org.springframework.beans.factory.UnsatisfiedDependencyException: Error creating bean with name 'egovLoginController' defined in file [D:\project\egov-enterprise\apache-tomcat-10.1.50\apache-tomcat-10.1.50\webapps\ROOT\WEB-INF\classes\egovframework\let\uat\uia\web\EgovLoginController.class]: Unsatisfied dependency expressed through constructor parameter 1: No qualifying bean of type 'org.springframework.security.web.context.SecurityContextRepository' available: expected at least 1 bean which qualifies as autowire candidate. Dependency annotations: {}
		at org.springframework.beans.factory.support.ConstructorResolver.createArgumentArray(ConstructorResolver.java:804)
		at org.springframework.beans.factory.support.ConstructorResolver.autowireConstructor(ConstructorResolver.java:240)
		at org.springframework.beans.factory.support.AbstractAutowireCapableBeanFactory.autowireConstructor(AbstractAutowireCapableBeanFactory.java:1395)
		at org.springframework.beans.factory.support.AbstractAutowireCapableBeanFactory.createBeanInstance(AbstractAutowireCapableBeanFactory.java:1232)
		at org.springframework.beans.factory.support.AbstractAutowireCapableBeanFactory.doCreateBean(AbstractAutowireCapableBeanFactory.java:569)
		at org.springframework.beans.factory.support.AbstractAutowireCapableBeanFactory.createBean(AbstractAutowireCapableBeanFactory.java:529)
		at org.springframework.beans.factory.support.AbstractBeanFactory.lambda$doGetBean$0(AbstractBeanFactory.java:339)
		at org.springframework.beans.factory.support.DefaultSingletonBeanRegistry.getSingleton(DefaultSingletonBeanRegistry.java:373)
		at org.springframework.beans.factory.support.AbstractBeanFactory.doGetBean(AbstractBeanFactory.java:337)
		at org.springframework.beans.factory.support.AbstractBeanFactory.getBean(AbstractBeanFactory.java:202)
		at org.springframework.beans.factory.support.DefaultListableBeanFactory.instantiateSingleton(DefaultListableBeanFactory.java:1221)
		at org.springframework.beans.factory.support.DefaultListableBeanFactory.preInstantiateSingleton(DefaultListableBeanFactory.java:1187)
		at org.springframework.beans.factory.support.DefaultListableBeanFactory.preInstantiateSingletons(DefaultListableBeanFactory.java:1123)
		at org.springframework.context.support.AbstractApplicationContext.finishBeanFactoryInitialization(AbstractApplicationContext.java:987)
		at org.springframework.context.support.AbstractApplicationContext.refresh(AbstractApplicationContext.java:627)
		at org.springframework.web.servlet.FrameworkServlet.configureAndRefreshWebApplicationContext(FrameworkServlet.java:706)
		at org.springframework.web.servlet.FrameworkServlet.createWebApplicationContext(FrameworkServlet.java:672)
		at org.springframework.web.servlet.FrameworkServlet.createWebApplicationContext(FrameworkServlet.java:720)
		at org.springframework.web.servlet.FrameworkServlet.initWebApplicationContext(FrameworkServlet.java:595)
		at org.springframework.web.servlet.FrameworkServlet.initServletBean(FrameworkServlet.java:537)
		at org.springframework.web.servlet.HttpServletBean.init(HttpServletBean.java:169)
		at jakarta.servlet.GenericServlet.init(GenericServlet.java:143)
		at jakarta.servlet.http.HttpServlet.init(HttpServlet.java:121)
		at org.apache.catalina.core.StandardWrapper.initServlet(StandardWrapper.java:840)
		at org.apache.catalina.core.StandardWrapper.loadServlet(StandardWrapper.java:797)
		at org.apache.catalina.core.StandardWrapper.load(StandardWrapper.java:701)
		at org.apache.catalina.core.StandardContext.loadOnStartup(StandardContext.java:4209)
		at org.apache.catalina.core.StandardContext.startInternal(StandardContext.java:4496)
		at org.apache.catalina.util.LifecycleBase.start(LifecycleBase.java:164)
		at org.apache.catalina.core.ContainerBase.addChildInternal(ContainerBase.java:597)
		at org.apache.catalina.core.ContainerBase.addChild(ContainerBase.java:569)
		at org.apache.catalina.core.StandardHost.addChild(StandardHost.java:665)
		at org.apache.catalina.startup.HostConfig.deployWAR(HostConfig.java:962)
		at org.apache.catalina.startup.HostConfig$DeployWar.run(HostConfig.java:1900)
		at java.base/java.util.concurrent.Executors$RunnableAdapter.call(Executors.java:572)
		at java.base/java.util.concurrent.FutureTask.run(FutureTask.java:317)
		at org.apache.tomcat.util.threads.InlineExecutorService.execute(InlineExecutorService.java:81)
		at java.base/java.util.concurrent.AbstractExecutorService.submit(AbstractExecutorService.java:123)
		at org.apache.catalina.startup.HostConfig.deployWARs(HostConfig.java:766)
		at org.apache.catalina.startup.HostConfig.deployApps(HostConfig.java:417)
		at org.apache.catalina.startup.HostConfig.check(HostConfig.java:1667)
		at org.apache.catalina.startup.HostConfig.lifecycleEvent(HostConfig.java:296)
		at org.apache.catalina.util.LifecycleBase.fireLifecycleEvent(LifecycleBase.java:109)
		at org.apache.catalina.core.ContainerBase.backgroundProcess(ContainerBase.java:971)
		at org.apache.catalina.core.ContainerBase$ContainerBackgroundProcessor.processChildren(ContainerBase.java:1170)
		at org.apache.catalina.core.ContainerBase$ContainerBackgroundProcessor.processChildren(ContainerBase.java:1174)
		at org.apache.catalina.core.ContainerBase$ContainerBackgroundProcessor.run(ContainerBase.java:1152)
		at java.base/java.util.concurrent.Executors$RunnableAdapter.call(Executors.java:572)
		at java.base/java.util.concurrent.FutureTask.runAndReset(FutureTask.java:358)
		at java.base/java.util.concurrent.ScheduledThreadPoolExecutor$ScheduledFutureTask.run(ScheduledThreadPoolExecutor.java:305)
		at java.base/java.util.concurrent.ThreadPoolExecutor.runWorker(ThreadPoolExecutor.java:1144)
		at java.base/java.util.concurrent.ThreadPoolExecutor$Worker.run(ThreadPoolExecutor.java:642)
		at org.apache.tomcat.util.threads.TaskThread$WrappingRunnable.run(TaskThread.java:63)
		at java.base/java.lang.Thread.run(Thread.java:1583)
	Caused by: org.springframework.beans.factory.NoSuchBeanDefinitionException: No qualifying bean of type 'org.springframework.security.web.context.SecurityContextRepository' available: expected at least 1 bean which qualifies as autowire candidate. Dependency annotations: {}
		at org.springframework.beans.factory.support.DefaultListableBeanFactory.raiseNoMatchingBeanFound(DefaultListableBeanFactory.java:2303)
		at org.springframework.beans.factory.support.DefaultListableBeanFactory.doResolveDependency(DefaultListableBeanFactory.java:1723)
		at org.springframework.beans.factory.support.DefaultListableBeanFactory.resolveDependency(DefaultListableBeanFactory.java:1643)
		at org.springframework.beans.factory.support.ConstructorResolver.resolveAutowiredArgument(ConstructorResolver.java:913)
		at org.springframework.beans.factory.support.ConstructorResolver.createArgumentArray(ConstructorResolver.java:791)
		... 53 more
18-Dec-2025 09:21:20.159 심각 [Catalina-utility-2] org.apache.catalina.core.StandardContext.loadOnStartup 웹 애플리케이션 [] 내의 서블릿 [action]이(가) load() 예외를 발생시켰습니다.
	org.springframework.beans.factory.NoSuchBeanDefinitionException: No qualifying bean of type 'org.springframework.security.web.context.SecurityContextRepository' available: expected at least 1 bean which qualifies as autowire candidate. Dependency annotations: {}
		at org.springframework.beans.factory.support.DefaultListableBeanFactory.raiseNoMatchingBeanFound(DefaultListableBeanFactory.java:2303)
		at org.springframework.beans.factory.support.DefaultListableBeanFactory.doResolveDependency(DefaultListableBeanFactory.java:1723)
		at org.springframework.beans.factory.support.DefaultListableBeanFactory.resolveDependency(DefaultListableBeanFactory.java:1643)
		at org.springframework.beans.factory.support.ConstructorResolver.resolveAutowiredArgument(ConstructorResolver.java:913)
		at org.springframework.beans.factory.support.ConstructorResolver.createArgumentArray(ConstructorResolver.java:791)
		at org.springframework.beans.factory.support.ConstructorResolver.autowireConstructor(ConstructorResolver.java:240)
		at org.springframework.beans.factory.support.AbstractAutowireCapableBeanFactory.autowireConstructor(AbstractAutowireCapableBeanFactory.java:1395)
		at org.springframework.beans.factory.support.AbstractAutowireCapableBeanFactory.createBeanInstance(AbstractAutowireCapableBeanFactory.java:1232)
		at org.springframework.beans.factory.support.AbstractAutowireCapableBeanFactory.doCreateBean(AbstractAutowireCapableBeanFactory.java:569)
		at org.springframework.beans.factory.support.AbstractAutowireCapableBeanFactory.createBean(AbstractAutowireCapableBeanFactory.java:529)
		at org.springframework.beans.factory.support.AbstractBeanFactory.lambda$doGetBean$0(AbstractBeanFactory.java:339)
		at org.springframework.beans.factory.support.DefaultSingletonBeanRegistry.getSingleton(DefaultSingletonBeanRegistry.java:373)
		at org.springframework.beans.factory.support.AbstractBeanFactory.doGetBean(AbstractBeanFactory.java:337)
		at org.springframework.beans.factory.support.AbstractBeanFactory.getBean(AbstractBeanFactory.java:202)
		at org.springframework.beans.factory.support.DefaultListableBeanFactory.instantiateSingleton(DefaultListableBeanFactory.java:1221)
		at org.springframework.beans.factory.support.DefaultListableBeanFactory.preInstantiateSingleton(DefaultListableBeanFactory.java:1187)
		at org.springframework.beans.factory.support.DefaultListableBeanFactory.preInstantiateSingletons(DefaultListableBeanFactory.java:1123)
		at org.springframework.context.support.AbstractApplicationContext.finishBeanFactoryInitialization(AbstractApplicationContext.java:987)
		at org.springframework.context.support.AbstractApplicationContext.refresh(AbstractApplicationContext.java:627)
		at org.springframework.web.servlet.FrameworkServlet.configureAndRefreshWebApplicationContext(FrameworkServlet.java:706)
		at org.springframework.web.servlet.FrameworkServlet.createWebApplicationContext(FrameworkServlet.java:672)
		at org.springframework.web.servlet.FrameworkServlet.createWebApplicationContext(FrameworkServlet.java:720)
		at org.springframework.web.servlet.FrameworkServlet.initWebApplicationContext(FrameworkServlet.java:595)
		at org.springframework.web.servlet.FrameworkServlet.initServletBean(FrameworkServlet.java:537)
		at org.springframework.web.servlet.HttpServletBean.init(HttpServletBean.java:169)
		at jakarta.servlet.GenericServlet.init(GenericServlet.java:143)
		at jakarta.servlet.http.HttpServlet.init(HttpServlet.java:121)
		at org.apache.catalina.core.StandardWrapper.initServlet(StandardWrapper.java:840)
		at org.apache.catalina.core.StandardWrapper.loadServlet(StandardWrapper.java:797)
		at org.apache.catalina.core.StandardWrapper.load(StandardWrapper.java:701)
		at org.apache.catalina.core.StandardContext.loadOnStartup(StandardContext.java:4209)
		at org.apache.catalina.core.StandardContext.startInternal(StandardContext.java:4496)
		at org.apache.catalina.util.LifecycleBase.start(LifecycleBase.java:164)
		at org.apache.catalina.core.ContainerBase.addChildInternal(ContainerBase.java:597)
		at org.apache.catalina.core.ContainerBase.addChild(ContainerBase.java:569)
		at org.apache.catalina.core.StandardHost.addChild(StandardHost.java:665)
		at org.apache.catalina.startup.HostConfig.deployWAR(HostConfig.java:962)
		at org.apache.catalina.startup.HostConfig$DeployWar.run(HostConfig.java:1900)
		at java.base/java.util.concurrent.Executors$RunnableAdapter.call(Executors.java:572)
		at java.base/java.util.concurrent.FutureTask.run(FutureTask.java:317)
		at org.apache.tomcat.util.threads.InlineExecutorService.execute(InlineExecutorService.java:81)
		at java.base/java.util.concurrent.AbstractExecutorService.submit(AbstractExecutorService.java:123)
		at org.apache.catalina.startup.HostConfig.deployWARs(HostConfig.java:766)
		at org.apache.catalina.startup.HostConfig.deployApps(HostConfig.java:417)
		at org.apache.catalina.startup.HostConfig.check(HostConfig.java:1667)
		at org.apache.catalina.startup.HostConfig.lifecycleEvent(HostConfig.java:296)
		at org.apache.catalina.util.LifecycleBase.fireLifecycleEvent(LifecycleBase.java:109)
		at org.apache.catalina.core.ContainerBase.backgroundProcess(ContainerBase.java:971)
		at org.apache.catalina.core.ContainerBase$ContainerBackgroundProcessor.processChildren(ContainerBase.java:1170)
		at org.apache.catalina.core.ContainerBase$ContainerBackgroundProcessor.processChildren(ContainerBase.java:1174)
		at org.apache.catalina.core.ContainerBase$ContainerBackgroundProcessor.run(ContainerBase.java:1152)
		at java.base/java.util.concurrent.Executors$RunnableAdapter.call(Executors.java:572)
		at java.base/java.util.concurrent.FutureTask.runAndReset(FutureTask.java:358)
		at java.base/java.util.concurrent.ScheduledThreadPoolExecutor$ScheduledFutureTask.run(ScheduledThreadPoolExecutor.java:305)
		at java.base/java.util.concurrent.ThreadPoolExecutor.runWorker(ThreadPoolExecutor.java:1144)
		at java.base/java.util.concurrent.ThreadPoolExecutor$Worker.run(ThreadPoolExecutor.java:642)
		at org.apache.tomcat.util.threads.TaskThread$WrappingRunnable.run(TaskThread.java:63)
		at java.base/java.lang.Thread.run(Thread.java:1583)
18-Dec-2025 09:26:41.277 정보 [Catalina-utility-2] org.apache.catalina.core.ApplicationContext.log Closing Spring root WebApplicationContext
18-Dec-2025 09:26:55.114 정보 [Catalina-utility-2] org.apache.catalina.core.ApplicationContext.log No Spring WebApplicationInitializer types detected on classpath
18-Dec-2025 09:26:55.117 정보 [Catalina-utility-2] org.apache.catalina.core.ApplicationContext.log Initializing Spring root WebApplicationContext
18-Dec-2025 09:27:01.440 정보 [Catalina-utility-2] org.apache.catalina.core.ApplicationContext.log Initializing Spring DispatcherServlet 'action'
18-Dec-2025 09:41:45.823 정보 [Catalina-utility-2] org.apache.catalina.core.ApplicationContext.log Destroying Spring FrameworkServlet 'action'
18-Dec-2025 09:41:45.826 정보 [Catalina-utility-2] org.apache.catalina.core.ApplicationContext.log Closing Spring root WebApplicationContext
18-Dec-2025 09:42:01.399 정보 [Catalina-utility-2] org.apache.catalina.core.ApplicationContext.log No Spring WebApplicationInitializer types detected on classpath
18-Dec-2025 09:42:01.401 정보 [Catalina-utility-2] org.apache.catalina.core.ApplicationContext.log Initializing Spring root WebApplicationContext
18-Dec-2025 09:42:03.295 심각 [Catalina-utility-2] org.apache.catalina.core.StandardContext.listenerStart Context initialized 이벤트를 [org.springframework.web.context.ContextLoaderListener] 클래스의 인스턴스인 리스너에 전송하는 동안 예외 발생
	org.springframework.beans.factory.parsing.BeanDefinitionParsingException: Configuration problem: Unable to locate Spring NamespaceHandler for XML schema namespace [http://maven.egovframe.go.kr/schema/egov-security]
Offending resource: file [D:\project\egov-enterprise\apache-tomcat-10.1.50\apache-tomcat-10.1.50\webapps\ROOT\WEB-INF\classes\egovframework\spring\com\context-security.xml]

		at org.springframework.beans.factory.parsing.FailFastProblemReporter.error(FailFastProblemReporter.java:72)
		at org.springframework.beans.factory.parsing.ReaderContext.error(ReaderContext.java:119)
		at org.springframework.beans.factory.parsing.ReaderContext.error(ReaderContext.java:111)
		at org.springframework.beans.factory.xml.BeanDefinitionParserDelegate.error(BeanDefinitionParserDelegate.java:281)
		at org.springframework.beans.factory.xml.BeanDefinitionParserDelegate.parseCustomElement(BeanDefinitionParserDelegate.java:1388)
		at org.springframework.beans.factory.xml.BeanDefinitionParserDelegate.parseCustomElement(BeanDefinitionParserDelegate.java:1371)
		at org.springframework.beans.factory.xml.DefaultBeanDefinitionDocumentReader.parseBeanDefinitions(DefaultBeanDefinitionDocumentReader.java:179)
		at org.springframework.beans.factory.xml.DefaultBeanDefinitionDocumentReader.doRegisterBeanDefinitions(DefaultBeanDefinitionDocumentReader.java:150)
		at org.springframework.beans.factory.xml.DefaultBeanDefinitionDocumentReader.registerBeanDefinitions(DefaultBeanDefinitionDocumentReader.java:96)
		at org.springframework.beans.factory.xml.XmlBeanDefinitionReader.registerBeanDefinitions(XmlBeanDefinitionReader.java:520)
		at org.springframework.beans.factory.xml.XmlBeanDefinitionReader.doLoadBeanDefinitions(XmlBeanDefinitionReader.java:400)
		at org.springframework.beans.factory.xml.XmlBeanDefinitionReader.loadBeanDefinitions(XmlBeanDefinitionReader.java:347)
		at org.springframework.beans.factory.xml.XmlBeanDefinitionReader.loadBeanDefinitions(XmlBeanDefinitionReader.java:319)
		at org.springframework.beans.factory.support.AbstractBeanDefinitionReader.loadBeanDefinitions(AbstractBeanDefinitionReader.java:184)
		at org.springframework.beans.factory.support.AbstractBeanDefinitionReader.loadBeanDefinitions(AbstractBeanDefinitionReader.java:220)
		at org.springframework.beans.factory.support.AbstractBeanDefinitionReader.loadBeanDefinitions(AbstractBeanDefinitionReader.java:191)
		at org.springframework.web.context.support.XmlWebApplicationContext.loadBeanDefinitions(XmlWebApplicationContext.java:125)
		at org.springframework.web.context.support.XmlWebApplicationContext.loadBeanDefinitions(XmlWebApplicationContext.java:94)
		at org.springframework.context.support.AbstractRefreshableApplicationContext.refreshBeanFactory(AbstractRefreshableApplicationContext.java:131)
		at org.springframework.context.support.AbstractApplicationContext.obtainFreshBeanFactory(AbstractApplicationContext.java:716)
		at org.springframework.context.support.AbstractApplicationContext.refresh(AbstractApplicationContext.java:598)
		at org.springframework.web.context.ContextLoader.configureAndRefreshWebApplicationContext(ContextLoader.java:394)
		at org.springframework.web.context.ContextLoader.initWebApplicationContext(ContextLoader.java:274)
		at org.springframework.web.context.ContextLoaderListener.contextInitialized(ContextLoaderListener.java:126)
		at org.apache.catalina.core.StandardContext.listenerStart(StandardContext.java:4034)
		at org.apache.catalina.core.StandardContext.startInternal(StandardContext.java:4462)
		at org.apache.catalina.util.LifecycleBase.start(LifecycleBase.java:164)
		at org.apache.catalina.core.ContainerBase.addChildInternal(ContainerBase.java:597)
		at org.apache.catalina.core.ContainerBase.addChild(ContainerBase.java:569)
		at org.apache.catalina.core.StandardHost.addChild(StandardHost.java:665)
		at org.apache.catalina.startup.HostConfig.deployWAR(HostConfig.java:962)
		at org.apache.catalina.startup.HostConfig$DeployWar.run(HostConfig.java:1900)
		at java.base/java.util.concurrent.Executors$RunnableAdapter.call(Executors.java:572)
		at java.base/java.util.concurrent.FutureTask.run(FutureTask.java:317)
		at org.apache.tomcat.util.threads.InlineExecutorService.execute(InlineExecutorService.java:81)
		at java.base/java.util.concurrent.AbstractExecutorService.submit(AbstractExecutorService.java:123)
		at org.apache.catalina.startup.HostConfig.deployWARs(HostConfig.java:766)
		at org.apache.catalina.startup.HostConfig.deployApps(HostConfig.java:417)
		at org.apache.catalina.startup.HostConfig.check(HostConfig.java:1667)
		at org.apache.catalina.startup.HostConfig.lifecycleEvent(HostConfig.java:296)
		at org.apache.catalina.util.LifecycleBase.fireLifecycleEvent(LifecycleBase.java:109)
		at org.apache.catalina.core.ContainerBase.backgroundProcess(ContainerBase.java:971)
		at org.apache.catalina.core.ContainerBase$ContainerBackgroundProcessor.processChildren(ContainerBase.java:1170)
		at org.apache.catalina.core.ContainerBase$ContainerBackgroundProcessor.processChildren(ContainerBase.java:1174)
		at org.apache.catalina.core.ContainerBase$ContainerBackgroundProcessor.run(ContainerBase.java:1152)
		at java.base/java.util.concurrent.Executors$RunnableAdapter.call(Executors.java:572)
		at java.base/java.util.concurrent.FutureTask.runAndReset(FutureTask.java:358)
		at java.base/java.util.concurrent.ScheduledThreadPoolExecutor$ScheduledFutureTask.run(ScheduledThreadPoolExecutor.java:305)
		at java.base/java.util.concurrent.ThreadPoolExecutor.runWorker(ThreadPoolExecutor.java:1144)
		at java.base/java.util.concurrent.ThreadPoolExecutor$Worker.run(ThreadPoolExecutor.java:642)
		at org.apache.tomcat.util.threads.TaskThread$WrappingRunnable.run(TaskThread.java:63)
		at java.base/java.lang.Thread.run(Thread.java:1583)
18-Dec-2025 09:42:03.304 정보 [Catalina-utility-2] org.apache.catalina.core.ApplicationContext.log Closing Spring root WebApplicationContext
18-Dec-2025 09:42:03.376 심각 [Catalina-utility-2] org.apache.catalina.core.StandardContext.listenerStop 클래스 [org.springframework.web.context.ContextLoaderListener]의 인스턴스인 리스너에게 contextDestroyed 이벤트를 전송하는 중 예외 발생
	java.lang.IllegalStateException: BeanFactory not initialized or already closed - call 'refresh' before accessing beans via the ApplicationContext
		at org.springframework.context.support.AbstractRefreshableApplicationContext.getBeanFactory(AbstractRefreshableApplicationContext.java:169)
		at org.springframework.context.support.AbstractApplicationContext.destroyBeans(AbstractApplicationContext.java:1219)
		at org.springframework.context.support.AbstractApplicationContext.doClose(AbstractApplicationContext.java:1180)
		at org.springframework.context.support.AbstractApplicationContext.close(AbstractApplicationContext.java:1126)
		at org.springframework.web.context.ContextLoader.closeWebApplicationContext(ContextLoader.java:510)
		at org.springframework.web.context.ContextLoaderListener.contextDestroyed(ContextLoaderListener.java:136)
		at org.apache.catalina.core.StandardContext.listenerStop(StandardContext.java:4080)
		at org.apache.catalina.core.StandardContext.stopInternal(StandardContext.java:4688)
		at org.apache.catalina.util.LifecycleBase.stop(LifecycleBase.java:235)
		at org.apache.catalina.util.LifecycleBase.start(LifecycleBase.java:168)
		at org.apache.catalina.core.ContainerBase.addChildInternal(ContainerBase.java:597)
		at org.apache.catalina.core.ContainerBase.addChild(ContainerBase.java:569)
		at org.apache.catalina.core.StandardHost.addChild(StandardHost.java:665)
		at org.apache.catalina.startup.HostConfig.deployWAR(HostConfig.java:962)
		at org.apache.catalina.startup.HostConfig$DeployWar.run(HostConfig.java:1900)
		at java.base/java.util.concurrent.Executors$RunnableAdapter.call(Executors.java:572)
		at java.base/java.util.concurrent.FutureTask.run(FutureTask.java:317)
		at org.apache.tomcat.util.threads.InlineExecutorService.execute(InlineExecutorService.java:81)
		at java.base/java.util.concurrent.AbstractExecutorService.submit(AbstractExecutorService.java:123)
		at org.apache.catalina.startup.HostConfig.deployWARs(HostConfig.java:766)
		at org.apache.catalina.startup.HostConfig.deployApps(HostConfig.java:417)
		at org.apache.catalina.startup.HostConfig.check(HostConfig.java:1667)
		at org.apache.catalina.startup.HostConfig.lifecycleEvent(HostConfig.java:296)
		at org.apache.catalina.util.LifecycleBase.fireLifecycleEvent(LifecycleBase.java:109)
		at org.apache.catalina.core.ContainerBase.backgroundProcess(ContainerBase.java:971)
		at org.apache.catalina.core.ContainerBase$ContainerBackgroundProcessor.processChildren(ContainerBase.java:1170)
		at org.apache.catalina.core.ContainerBase$ContainerBackgroundProcessor.processChildren(ContainerBase.java:1174)
		at org.apache.catalina.core.ContainerBase$ContainerBackgroundProcessor.run(ContainerBase.java:1152)
		at java.base/java.util.concurrent.Executors$RunnableAdapter.call(Executors.java:572)
		at java.base/java.util.concurrent.FutureTask.runAndReset(FutureTask.java:358)
		at java.base/java.util.concurrent.ScheduledThreadPoolExecutor$ScheduledFutureTask.run(ScheduledThreadPoolExecutor.java:305)
		at java.base/java.util.concurrent.ThreadPoolExecutor.runWorker(ThreadPoolExecutor.java:1144)
		at java.base/java.util.concurrent.ThreadPoolExecutor$Worker.run(ThreadPoolExecutor.java:642)
		at org.apache.tomcat.util.threads.TaskThread$WrappingRunnable.run(TaskThread.java:63)
		at java.base/java.lang.Thread.run(Thread.java:1583)
18-Dec-2025 09:44:25.428 정보 [Catalina-utility-2] org.apache.catalina.core.ApplicationContext.log No Spring WebApplicationInitializer types detected on classpath
18-Dec-2025 09:44:25.433 정보 [Catalina-utility-2] org.apache.catalina.core.ApplicationContext.log Initializing Spring root WebApplicationContext
18-Dec-2025 09:44:35.020 심각 [Catalina-utility-2] org.apache.catalina.core.StandardContext.listenerStart Context initialized 이벤트를 [org.springframework.web.context.ContextLoaderListener] 클래스의 인스턴스인 리스너에 전송하는 동안 예외 발생
	org.springframework.beans.factory.BeanCreationException: Error creating bean with name 'org.springframework.security.filterChains': Cannot resolve reference to bean 'org.springframework.security.web.DefaultSecurityFilterChain#0' while setting bean property 'sourceList' with key [0]
		at org.springframework.beans.factory.support.BeanDefinitionValueResolver.resolveReference(BeanDefinitionValueResolver.java:377)
		at org.springframework.beans.factory.support.BeanDefinitionValueResolver.resolveValueIfNecessary(BeanDefinitionValueResolver.java:135)
		at org.springframework.beans.factory.support.BeanDefinitionValueResolver.resolveManagedList(BeanDefinitionValueResolver.java:460)
		at org.springframework.beans.factory.support.BeanDefinitionValueResolver.resolveValueIfNecessary(BeanDefinitionValueResolver.java:191)
		at org.springframework.beans.factory.support.AbstractAutowireCapableBeanFactory.applyPropertyValues(AbstractAutowireCapableBeanFactory.java:1725)
		at org.springframework.beans.factory.support.AbstractAutowireCapableBeanFactory.populateBean(AbstractAutowireCapableBeanFactory.java:1474)
		at org.springframework.beans.factory.support.AbstractAutowireCapableBeanFactory.doCreateBean(AbstractAutowireCapableBeanFactory.java:606)
		at org.springframework.beans.factory.support.AbstractAutowireCapableBeanFactory.createBean(AbstractAutowireCapableBeanFactory.java:529)
		at org.springframework.beans.factory.support.AbstractBeanFactory.lambda$doGetBean$0(AbstractBeanFactory.java:339)
		at org.springframework.beans.factory.support.DefaultSingletonBeanRegistry.getSingleton(DefaultSingletonBeanRegistry.java:373)
		at org.springframework.beans.factory.support.AbstractBeanFactory.doGetBean(AbstractBeanFactory.java:337)
		at org.springframework.beans.factory.support.AbstractBeanFactory.getBean(AbstractBeanFactory.java:202)
		at org.springframework.beans.factory.support.DefaultListableBeanFactory.instantiateSingleton(DefaultListableBeanFactory.java:1215)
		at org.springframework.beans.factory.support.DefaultListableBeanFactory.preInstantiateSingleton(DefaultListableBeanFactory.java:1187)
		at org.springframework.beans.factory.support.DefaultListableBeanFactory.preInstantiateSingletons(DefaultListableBeanFactory.java:1123)
		at org.springframework.context.support.AbstractApplicationContext.finishBeanFactoryInitialization(AbstractApplicationContext.java:987)
		at org.springframework.context.support.AbstractApplicationContext.refresh(AbstractApplicationContext.java:627)
		at org.springframework.web.context.ContextLoader.configureAndRefreshWebApplicationContext(ContextLoader.java:394)
		at org.springframework.web.context.ContextLoader.initWebApplicationContext(ContextLoader.java:274)
		at org.springframework.web.context.ContextLoaderListener.contextInitialized(ContextLoaderListener.java:126)
		at org.apache.catalina.core.StandardContext.listenerStart(StandardContext.java:4034)
		at org.apache.catalina.core.StandardContext.startInternal(StandardContext.java:4462)
		at org.apache.catalina.util.LifecycleBase.start(LifecycleBase.java:164)
		at org.apache.catalina.core.ContainerBase.addChildInternal(ContainerBase.java:597)
		at org.apache.catalina.core.ContainerBase.addChild(ContainerBase.java:569)
		at org.apache.catalina.core.StandardHost.addChild(StandardHost.java:665)
		at org.apache.catalina.startup.HostConfig.deployWAR(HostConfig.java:962)
		at org.apache.catalina.startup.HostConfig$DeployWar.run(HostConfig.java:1900)
		at java.base/java.util.concurrent.Executors$RunnableAdapter.call(Executors.java:572)
		at java.base/java.util.concurrent.FutureTask.run(FutureTask.java:317)
		at org.apache.tomcat.util.threads.InlineExecutorService.execute(InlineExecutorService.java:81)
		at java.base/java.util.concurrent.AbstractExecutorService.submit(AbstractExecutorService.java:123)
		at org.apache.catalina.startup.HostConfig.deployWARs(HostConfig.java:766)
		at org.apache.catalina.startup.HostConfig.deployApps(HostConfig.java:417)
		at org.apache.catalina.startup.HostConfig.check(HostConfig.java:1667)
		at org.apache.catalina.startup.HostConfig.lifecycleEvent(HostConfig.java:296)
		at org.apache.catalina.util.LifecycleBase.fireLifecycleEvent(LifecycleBase.java:109)
		at org.apache.catalina.core.ContainerBase.backgroundProcess(ContainerBase.java:971)
		at org.apache.catalina.core.ContainerBase$ContainerBackgroundProcessor.processChildren(ContainerBase.java:1170)
		at org.apache.catalina.core.ContainerBase$ContainerBackgroundProcessor.processChildren(ContainerBase.java:1174)
		at org.apache.catalina.core.ContainerBase$ContainerBackgroundProcessor.run(ContainerBase.java:1152)
		at java.base/java.util.concurrent.Executors$RunnableAdapter.call(Executors.java:572)
		at java.base/java.util.concurrent.FutureTask.runAndReset(FutureTask.java:358)
		at java.base/java.util.concurrent.ScheduledThreadPoolExecutor$ScheduledFutureTask.run(ScheduledThreadPoolExecutor.java:305)
		at java.base/java.util.concurrent.ThreadPoolExecutor.runWorker(ThreadPoolExecutor.java:1144)
		at java.base/java.util.concurrent.ThreadPoolExecutor$Worker.run(ThreadPoolExecutor.java:642)
		at org.apache.tomcat.util.threads.TaskThread$WrappingRunnable.run(TaskThread.java:63)
		at java.base/java.lang.Thread.run(Thread.java:1583)
	Caused by: org.springframework.beans.factory.BeanCreationException: Error creating bean with name 'org.springframework.security.web.DefaultSecurityFilterChain#0': Cannot create inner bean '(inner bean)#4ea918cb' of type [org.springframework.security.web.servlet.util.matcher.MvcRequestMatcher] while setting constructor argument
		at org.springframework.beans.factory.support.BeanDefinitionValueResolver.resolveInnerBeanValue(BeanDefinitionValueResolver.java:421)
		at org.springframework.beans.factory.support.BeanDefinitionValueResolver.lambda$resolveValueIfNecessary$1(BeanDefinitionValueResolver.java:153)
		at org.springframework.beans.factory.support.BeanDefinitionValueResolver.resolveInnerBean(BeanDefinitionValueResolver.java:262)
		at org.springframework.beans.factory.support.BeanDefinitionValueResolver.resolveValueIfNecessary(BeanDefinitionValueResolver.java:152)
		at org.springframework.beans.factory.support.ConstructorResolver.resolveConstructorArguments(ConstructorResolver.java:691)
		at org.springframework.beans.factory.support.ConstructorResolver.autowireConstructor(ConstructorResolver.java:206)
		at org.springframework.beans.factory.support.AbstractAutowireCapableBeanFactory.autowireConstructor(AbstractAutowireCapableBeanFactory.java:1395)
		at org.springframework.beans.factory.support.AbstractAutowireCapableBeanFactory.createBeanInstance(AbstractAutowireCapableBeanFactory.java:1232)
		at org.springframework.beans.factory.support.AbstractAutowireCapableBeanFactory.doCreateBean(AbstractAutowireCapableBeanFactory.java:569)
		at org.springframework.beans.factory.support.AbstractAutowireCapableBeanFactory.createBean(AbstractAutowireCapableBeanFactory.java:529)
		at org.springframework.beans.factory.support.AbstractBeanFactory.lambda$doGetBean$0(AbstractBeanFactory.java:339)
		at org.springframework.beans.factory.support.DefaultSingletonBeanRegistry.getSingleton(DefaultSingletonBeanRegistry.java:373)
		at org.springframework.beans.factory.support.AbstractBeanFactory.doGetBean(AbstractBeanFactory.java:337)
		at org.springframework.beans.factory.support.AbstractBeanFactory.getBean(AbstractBeanFactory.java:202)
		at org.springframework.beans.factory.support.BeanDefinitionValueResolver.resolveReference(BeanDefinitionValueResolver.java:365)
		... 47 more
	Caused by: org.springframework.beans.factory.BeanCreationException: Error creating bean with name '(inner bean)#4ea918cb': Cannot create inner bean '(inner bean)#fa14b84' of type [org.springframework.security.config.http.HandlerMappingIntrospectorFactoryBean] while setting constructor argument
		at org.springframework.beans.factory.support.BeanDefinitionValueResolver.resolveInnerBeanValue(BeanDefinitionValueResolver.java:421)
		at org.springframework.beans.factory.support.BeanDefinitionValueResolver.lambda$resolveValueIfNecessary$1(BeanDefinitionValueResolver.java:153)
		at org.springframework.beans.factory.support.BeanDefinitionValueResolver.resolveInnerBean(BeanDefinitionValueResolver.java:262)
		at org.springframework.beans.factory.support.BeanDefinitionValueResolver.resolveValueIfNecessary(BeanDefinitionValueResolver.java:152)
		at org.springframework.beans.factory.support.ConstructorResolver.resolveConstructorArguments(ConstructorResolver.java:691)
		at org.springframework.beans.factory.support.ConstructorResolver.autowireConstructor(ConstructorResolver.java:206)
		at org.springframework.beans.factory.support.AbstractAutowireCapableBeanFactory.autowireConstructor(AbstractAutowireCapableBeanFactory.java:1395)
		at org.springframework.beans.factory.support.AbstractAutowireCapableBeanFactory.createBeanInstance(AbstractAutowireCapableBeanFactory.java:1232)
		at org.springframework.beans.factory.support.AbstractAutowireCapableBeanFactory.doCreateBean(AbstractAutowireCapableBeanFactory.java:569)
		at org.springframework.beans.factory.support.AbstractAutowireCapableBeanFactory.createBean(AbstractAutowireCapableBeanFactory.java:529)
		at org.springframework.beans.factory.support.BeanDefinitionValueResolver.resolveInnerBeanValue(BeanDefinitionValueResolver.java:407)
		... 61 more
	Caused by: org.springframework.beans.factory.BeanCreationException: Error creating bean with name '(inner bean)#fa14b84': FactoryBean threw exception on object creation
		at org.springframework.beans.factory.support.FactoryBeanRegistrySupport.doGetObjectFromFactoryBean(FactoryBeanRegistrySupport.java:206)
		at org.springframework.beans.factory.support.FactoryBeanRegistrySupport.getObjectFromFactoryBean(FactoryBeanRegistrySupport.java:176)
		at org.springframework.beans.factory.support.BeanDefinitionValueResolver.resolveInnerBeanValue(BeanDefinitionValueResolver.java:410)
		... 71 more
	Caused by: org.springframework.beans.factory.NoSuchBeanDefinitionException: No bean named 'mvcHandlerMappingIntrospector' available: A Bean named mvcHandlerMappingIntrospector of type org.springframework.web.servlet.handler.HandlerMappingIntrospector is required to use MvcRequestMatcher. Please ensure Spring Security & Spring MVC are configured in a shared ApplicationContext.
		at org.springframework.security.config.http.HandlerMappingIntrospectorFactoryBean.getObject(HandlerMappingIntrospectorFactoryBean.java:46)
		at org.springframework.security.config.http.HandlerMappingIntrospectorFactoryBean.getObject(HandlerMappingIntrospectorFactoryBean.java:34)
		at org.springframework.beans.factory.support.FactoryBeanRegistrySupport.doGetObjectFromFactoryBean(FactoryBeanRegistrySupport.java:200)
		... 73 more
18-Dec-2025 09:44:35.031 정보 [Catalina-utility-2] org.apache.catalina.core.ApplicationContext.log Closing Spring root WebApplicationContext
18-Dec-2025 09:46:33.013 정보 [Catalina-utility-1] org.apache.catalina.core.ApplicationContext.log No Spring WebApplicationInitializer types detected on classpath
18-Dec-2025 09:46:33.017 정보 [Catalina-utility-1] org.apache.catalina.core.ApplicationContext.log Initializing Spring root WebApplicationContext
18-Dec-2025 09:46:38.414 정보 [Catalina-utility-1] org.apache.catalina.core.ApplicationContext.log Initializing Spring DispatcherServlet 'action'
18-Dec-2025 09:47:09.973 심각 [http-nio-8080-exec-51] org.apache.catalina.core.StandardWrapperValve.invoke 경로가 []인 컨텍스트의 서블릿 [action]을(를) 위한 Servlet.service() 호출이 예외를 발생시켰습니다.
	org.springframework.beans.factory.NoSuchBeanDefinitionException: No bean named 'springSecurityFilterChain' available
		at org.springframework.beans.factory.support.DefaultListableBeanFactory.getBeanDefinition(DefaultListableBeanFactory.java:978)
		at org.springframework.beans.factory.support.AbstractBeanFactory.getMergedLocalBeanDefinition(AbstractBeanFactory.java:1381)
		at org.springframework.beans.factory.support.AbstractBeanFactory.doGetBean(AbstractBeanFactory.java:302)
		at org.springframework.beans.factory.support.AbstractBeanFactory.doGetBean(AbstractBeanFactory.java:277)
		at org.springframework.beans.factory.support.AbstractBeanFactory.getBean(AbstractBeanFactory.java:207)
		at org.springframework.context.support.AbstractApplicationContext.getBean(AbstractApplicationContext.java:1278)
		at org.springframework.web.filter.DelegatingFilterProxy.initDelegate(DelegatingFilterProxy.java:342)
		at org.springframework.web.filter.DelegatingFilterProxy.doFilter(DelegatingFilterProxy.java:268)
		at org.apache.catalina.core.ApplicationFilterChain.internalDoFilter(ApplicationFilterChain.java:162)
		at org.apache.catalina.core.ApplicationFilterChain.doFilter(ApplicationFilterChain.java:138)
		at egovframework.com.cmm.filter.HTMLTagFilter.doFilter(HTMLTagFilter.java:35)
		at org.apache.catalina.core.ApplicationFilterChain.internalDoFilter(ApplicationFilterChain.java:162)
		at org.apache.catalina.core.ApplicationFilterChain.doFilter(ApplicationFilterChain.java:138)
		at org.springframework.web.multipart.support.MultipartFilter.doFilterInternal(MultipartFilter.java:125)
		at org.springframework.web.filter.OncePerRequestFilter.doFilter(OncePerRequestFilter.java:116)
		at org.apache.catalina.core.ApplicationFilterChain.internalDoFilter(ApplicationFilterChain.java:162)
		at org.apache.catalina.core.ApplicationFilterChain.doFilter(ApplicationFilterChain.java:138)
		at org.springframework.web.filter.CharacterEncodingFilter.doFilterInternal(CharacterEncodingFilter.java:201)
		at org.springframework.web.filter.OncePerRequestFilter.doFilter(OncePerRequestFilter.java:116)
		at org.apache.catalina.core.ApplicationFilterChain.internalDoFilter(ApplicationFilterChain.java:162)
		at org.apache.catalina.core.ApplicationFilterChain.doFilter(ApplicationFilterChain.java:138)
		at org.apache.catalina.core.StandardWrapperValve.invoke(StandardWrapperValve.java:165)
		at org.apache.catalina.core.StandardContextValve.invoke(StandardContextValve.java:88)
		at org.apache.catalina.authenticator.AuthenticatorBase.invoke(AuthenticatorBase.java:482)
		at org.apache.catalina.core.StandardHostValve.invoke(StandardHostValve.java:113)
		at org.apache.catalina.valves.ErrorReportValve.invoke(ErrorReportValve.java:83)
		at org.apache.catalina.valves.AbstractAccessLogValve.invoke(AbstractAccessLogValve.java:654)
		at org.apache.catalina.core.StandardEngineValve.invoke(StandardEngineValve.java:72)
		at org.apache.catalina.connector.CoyoteAdapter.service(CoyoteAdapter.java:342)
		at org.apache.coyote.http11.Http11Processor.service(Http11Processor.java:399)
		at org.apache.coyote.AbstractProcessorLight.process(AbstractProcessorLight.java:63)
		at org.apache.coyote.AbstractProtocol$ConnectionHandler.process(AbstractProtocol.java:903)
		at org.apache.tomcat.util.net.NioEndpoint$SocketProcessor.doRun(NioEndpoint.java:1774)
		at org.apache.tomcat.util.net.SocketProcessorBase.run(SocketProcessorBase.java:52)
		at org.apache.tomcat.util.threads.ThreadPoolExecutor.runWorker(ThreadPoolExecutor.java:973)
		at org.apache.tomcat.util.threads.ThreadPoolExecutor$Worker.run(ThreadPoolExecutor.java:491)
		at org.apache.tomcat.util.threads.TaskThread$WrappingRunnable.run(TaskThread.java:63)
		at java.base/java.lang.Thread.run(Thread.java:1583)
18-Dec-2025 09:47:10.766 심각 [http-nio-8080-exec-50] org.apache.catalina.core.StandardWrapperValve.invoke 경로가 []인 컨텍스트의 서블릿 [default]을(를) 위한 Servlet.service() 호출이 예외를 발생시켰습니다.
	org.springframework.beans.factory.NoSuchBeanDefinitionException: No bean named 'springSecurityFilterChain' available
		at org.springframework.beans.factory.support.DefaultListableBeanFactory.getBeanDefinition(DefaultListableBeanFactory.java:978)
		at org.springframework.beans.factory.support.AbstractBeanFactory.getMergedLocalBeanDefinition(AbstractBeanFactory.java:1381)
		at org.springframework.beans.factory.support.AbstractBeanFactory.doGetBean(AbstractBeanFactory.java:302)
		at org.springframework.beans.factory.support.AbstractBeanFactory.doGetBean(AbstractBeanFactory.java:277)
		at org.springframework.beans.factory.support.AbstractBeanFactory.getBean(AbstractBeanFactory.java:207)
		at org.springframework.context.support.AbstractApplicationContext.getBean(AbstractApplicationContext.java:1278)
		at org.springframework.web.filter.DelegatingFilterProxy.initDelegate(DelegatingFilterProxy.java:342)
		at org.springframework.web.filter.DelegatingFilterProxy.doFilter(DelegatingFilterProxy.java:268)
		at org.apache.catalina.core.ApplicationFilterChain.internalDoFilter(ApplicationFilterChain.java:162)
		at org.apache.catalina.core.ApplicationFilterChain.doFilter(ApplicationFilterChain.java:138)
		at org.apache.catalina.core.StandardWrapperValve.invoke(StandardWrapperValve.java:165)
		at org.apache.catalina.core.StandardContextValve.invoke(StandardContextValve.java:88)
		at org.apache.catalina.authenticator.AuthenticatorBase.invoke(AuthenticatorBase.java:482)
		at org.apache.catalina.core.StandardHostValve.invoke(StandardHostValve.java:113)
		at org.apache.catalina.valves.ErrorReportValve.invoke(ErrorReportValve.java:83)
		at org.apache.catalina.valves.AbstractAccessLogValve.invoke(AbstractAccessLogValve.java:654)
		at org.apache.catalina.core.StandardEngineValve.invoke(StandardEngineValve.java:72)
		at org.apache.catalina.connector.CoyoteAdapter.service(CoyoteAdapter.java:342)
		at org.apache.coyote.http11.Http11Processor.service(Http11Processor.java:399)
		at org.apache.coyote.AbstractProcessorLight.process(AbstractProcessorLight.java:63)
		at org.apache.coyote.AbstractProtocol$ConnectionHandler.process(AbstractProtocol.java:903)
		at org.apache.tomcat.util.net.NioEndpoint$SocketProcessor.doRun(NioEndpoint.java:1774)
		at org.apache.tomcat.util.net.SocketProcessorBase.run(SocketProcessorBase.java:52)
		at org.apache.tomcat.util.threads.ThreadPoolExecutor.runWorker(ThreadPoolExecutor.java:973)
		at org.apache.tomcat.util.threads.ThreadPoolExecutor$Worker.run(ThreadPoolExecutor.java:491)
		at org.apache.tomcat.util.threads.TaskThread$WrappingRunnable.run(TaskThread.java:63)
		at java.base/java.lang.Thread.run(Thread.java:1583)
18-Dec-2025 09:47:33.127 심각 [http-nio-8080-exec-39] org.apache.catalina.core.StandardWrapperValve.invoke 경로가 []인 컨텍스트의 서블릿 [action]을(를) 위한 Servlet.service() 호출이 예외를 발생시켰습니다.
	org.springframework.beans.factory.NoSuchBeanDefinitionException: No bean named 'springSecurityFilterChain' available
		at org.springframework.beans.factory.support.DefaultListableBeanFactory.getBeanDefinition(DefaultListableBeanFactory.java:978)
		at org.springframework.beans.factory.support.AbstractBeanFactory.getMergedLocalBeanDefinition(AbstractBeanFactory.java:1381)
		at org.springframework.beans.factory.support.AbstractBeanFactory.doGetBean(AbstractBeanFactory.java:302)
		at org.springframework.beans.factory.support.AbstractBeanFactory.doGetBean(AbstractBeanFactory.java:277)
		at org.springframework.beans.factory.support.AbstractBeanFactory.getBean(AbstractBeanFactory.java:207)
		at org.springframework.context.support.AbstractApplicationContext.getBean(AbstractApplicationContext.java:1278)
		at org.springframework.web.filter.DelegatingFilterProxy.initDelegate(DelegatingFilterProxy.java:342)
		at org.springframework.web.filter.DelegatingFilterProxy.doFilter(DelegatingFilterProxy.java:268)
		at org.apache.catalina.core.ApplicationFilterChain.internalDoFilter(ApplicationFilterChain.java:162)
		at org.apache.catalina.core.ApplicationFilterChain.doFilter(ApplicationFilterChain.java:138)
		at egovframework.com.cmm.filter.HTMLTagFilter.doFilter(HTMLTagFilter.java:35)
		at org.apache.catalina.core.ApplicationFilterChain.internalDoFilter(ApplicationFilterChain.java:162)
		at org.apache.catalina.core.ApplicationFilterChain.doFilter(ApplicationFilterChain.java:138)
		at org.springframework.web.multipart.support.MultipartFilter.doFilterInternal(MultipartFilter.java:125)
		at org.springframework.web.filter.OncePerRequestFilter.doFilter(OncePerRequestFilter.java:116)
		at org.apache.catalina.core.ApplicationFilterChain.internalDoFilter(ApplicationFilterChain.java:162)
		at org.apache.catalina.core.ApplicationFilterChain.doFilter(ApplicationFilterChain.java:138)
		at org.springframework.web.filter.CharacterEncodingFilter.doFilterInternal(CharacterEncodingFilter.java:201)
		at org.springframework.web.filter.OncePerRequestFilter.doFilter(OncePerRequestFilter.java:116)
		at org.apache.catalina.core.ApplicationFilterChain.internalDoFilter(ApplicationFilterChain.java:162)
		at org.apache.catalina.core.ApplicationFilterChain.doFilter(ApplicationFilterChain.java:138)
		at org.apache.catalina.core.StandardWrapperValve.invoke(StandardWrapperValve.java:165)
		at org.apache.catalina.core.StandardContextValve.invoke(StandardContextValve.java:88)
		at org.apache.catalina.authenticator.AuthenticatorBase.invoke(AuthenticatorBase.java:482)
		at org.apache.catalina.core.StandardHostValve.invoke(StandardHostValve.java:113)
		at org.apache.catalina.valves.ErrorReportValve.invoke(ErrorReportValve.java:83)
		at org.apache.catalina.valves.AbstractAccessLogValve.invoke(AbstractAccessLogValve.java:654)
		at org.apache.catalina.core.StandardEngineValve.invoke(StandardEngineValve.java:72)
		at org.apache.catalina.connector.CoyoteAdapter.service(CoyoteAdapter.java:342)
		at org.apache.coyote.http11.Http11Processor.service(Http11Processor.java:399)
		at org.apache.coyote.AbstractProcessorLight.process(AbstractProcessorLight.java:63)
		at org.apache.coyote.AbstractProtocol$ConnectionHandler.process(AbstractProtocol.java:903)
		at org.apache.tomcat.util.net.NioEndpoint$SocketProcessor.doRun(NioEndpoint.java:1774)
		at org.apache.tomcat.util.net.SocketProcessorBase.run(SocketProcessorBase.java:52)
		at org.apache.tomcat.util.threads.ThreadPoolExecutor.runWorker(ThreadPoolExecutor.java:973)
		at org.apache.tomcat.util.threads.ThreadPoolExecutor$Worker.run(ThreadPoolExecutor.java:491)
		at org.apache.tomcat.util.threads.TaskThread$WrappingRunnable.run(TaskThread.java:63)
		at java.base/java.lang.Thread.run(Thread.java:1583)
18-Dec-2025 09:47:33.650 심각 [http-nio-8080-exec-41] org.apache.catalina.core.StandardWrapperValve.invoke 경로가 []인 컨텍스트의 서블릿 [default]을(를) 위한 Servlet.service() 호출이 예외를 발생시켰습니다.
	org.springframework.beans.factory.NoSuchBeanDefinitionException: No bean named 'springSecurityFilterChain' available
		at org.springframework.beans.factory.support.DefaultListableBeanFactory.getBeanDefinition(DefaultListableBeanFactory.java:978)
		at org.springframework.beans.factory.support.AbstractBeanFactory.getMergedLocalBeanDefinition(AbstractBeanFactory.java:1381)
		at org.springframework.beans.factory.support.AbstractBeanFactory.doGetBean(AbstractBeanFactory.java:302)
		at org.springframework.beans.factory.support.AbstractBeanFactory.doGetBean(AbstractBeanFactory.java:277)
		at org.springframework.beans.factory.support.AbstractBeanFactory.getBean(AbstractBeanFactory.java:207)
		at org.springframework.context.support.AbstractApplicationContext.getBean(AbstractApplicationContext.java:1278)
		at org.springframework.web.filter.DelegatingFilterProxy.initDelegate(DelegatingFilterProxy.java:342)
		at org.springframework.web.filter.DelegatingFilterProxy.doFilter(DelegatingFilterProxy.java:268)
		at org.apache.catalina.core.ApplicationFilterChain.internalDoFilter(ApplicationFilterChain.java:162)
		at org.apache.catalina.core.ApplicationFilterChain.doFilter(ApplicationFilterChain.java:138)
		at org.apache.catalina.core.StandardWrapperValve.invoke(StandardWrapperValve.java:165)
		at org.apache.catalina.core.StandardContextValve.invoke(StandardContextValve.java:88)
		at org.apache.catalina.authenticator.AuthenticatorBase.invoke(AuthenticatorBase.java:482)
		at org.apache.catalina.core.StandardHostValve.invoke(StandardHostValve.java:113)
		at org.apache.catalina.valves.ErrorReportValve.invoke(ErrorReportValve.java:83)
		at org.apache.catalina.valves.AbstractAccessLogValve.invoke(AbstractAccessLogValve.java:654)
		at org.apache.catalina.core.StandardEngineValve.invoke(StandardEngineValve.java:72)
		at org.apache.catalina.connector.CoyoteAdapter.service(CoyoteAdapter.java:342)
		at org.apache.coyote.http11.Http11Processor.service(Http11Processor.java:399)
		at org.apache.coyote.AbstractProcessorLight.process(AbstractProcessorLight.java:63)
		at org.apache.coyote.AbstractProtocol$ConnectionHandler.process(AbstractProtocol.java:903)
		at org.apache.tomcat.util.net.NioEndpoint$SocketProcessor.doRun(NioEndpoint.java:1774)
		at org.apache.tomcat.util.net.SocketProcessorBase.run(SocketProcessorBase.java:52)
		at org.apache.tomcat.util.threads.ThreadPoolExecutor.runWorker(ThreadPoolExecutor.java:973)
		at org.apache.tomcat.util.threads.ThreadPoolExecutor$Worker.run(ThreadPoolExecutor.java:491)
		at org.apache.tomcat.util.threads.TaskThread$WrappingRunnable.run(TaskThread.java:63)
		at java.base/java.lang.Thread.run(Thread.java:1583)
18-Dec-2025 09:47:42.940 심각 [http-nio-8080-exec-52] org.apache.catalina.core.StandardWrapperValve.invoke 경로가 []인 컨텍스트의 서블릿 [action]을(를) 위한 Servlet.service() 호출이 예외를 발생시켰습니다.
	org.springframework.beans.factory.NoSuchBeanDefinitionException: No bean named 'springSecurityFilterChain' available
		at org.springframework.beans.factory.support.DefaultListableBeanFactory.getBeanDefinition(DefaultListableBeanFactory.java:978)
		at org.springframework.beans.factory.support.AbstractBeanFactory.getMergedLocalBeanDefinition(AbstractBeanFactory.java:1381)
		at org.springframework.beans.factory.support.AbstractBeanFactory.doGetBean(AbstractBeanFactory.java:302)
		at org.springframework.beans.factory.support.AbstractBeanFactory.doGetBean(AbstractBeanFactory.java:277)
		at org.springframework.beans.factory.support.AbstractBeanFactory.getBean(AbstractBeanFactory.java:207)
		at org.springframework.context.support.AbstractApplicationContext.getBean(AbstractApplicationContext.java:1278)
		at org.springframework.web.filter.DelegatingFilterProxy.initDelegate(DelegatingFilterProxy.java:342)
		at org.springframework.web.filter.DelegatingFilterProxy.doFilter(DelegatingFilterProxy.java:268)
		at org.apache.catalina.core.ApplicationFilterChain.internalDoFilter(ApplicationFilterChain.java:162)
		at org.apache.catalina.core.ApplicationFilterChain.doFilter(ApplicationFilterChain.java:138)
		at egovframework.com.cmm.filter.HTMLTagFilter.doFilter(HTMLTagFilter.java:35)
		at org.apache.catalina.core.ApplicationFilterChain.internalDoFilter(ApplicationFilterChain.java:162)
		at org.apache.catalina.core.ApplicationFilterChain.doFilter(ApplicationFilterChain.java:138)
		at org.springframework.web.multipart.support.MultipartFilter.doFilterInternal(MultipartFilter.java:125)
		at org.springframework.web.filter.OncePerRequestFilter.doFilter(OncePerRequestFilter.java:116)
		at org.apache.catalina.core.ApplicationFilterChain.internalDoFilter(ApplicationFilterChain.java:162)
		at org.apache.catalina.core.ApplicationFilterChain.doFilter(ApplicationFilterChain.java:138)
		at org.springframework.web.filter.CharacterEncodingFilter.doFilterInternal(CharacterEncodingFilter.java:201)
		at org.springframework.web.filter.OncePerRequestFilter.doFilter(OncePerRequestFilter.java:116)
		at org.apache.catalina.core.ApplicationFilterChain.internalDoFilter(ApplicationFilterChain.java:162)
		at org.apache.catalina.core.ApplicationFilterChain.doFilter(ApplicationFilterChain.java:138)
		at org.apache.catalina.core.StandardWrapperValve.invoke(StandardWrapperValve.java:165)
		at org.apache.catalina.core.StandardContextValve.invoke(StandardContextValve.java:88)
		at org.apache.catalina.authenticator.AuthenticatorBase.invoke(AuthenticatorBase.java:482)
		at org.apache.catalina.core.StandardHostValve.invoke(StandardHostValve.java:113)
		at org.apache.catalina.valves.ErrorReportValve.invoke(ErrorReportValve.java:83)
		at org.apache.catalina.valves.AbstractAccessLogValve.invoke(AbstractAccessLogValve.java:654)
		at org.apache.catalina.core.StandardEngineValve.invoke(StandardEngineValve.java:72)
		at org.apache.catalina.connector.CoyoteAdapter.service(CoyoteAdapter.java:342)
		at org.apache.coyote.http11.Http11Processor.service(Http11Processor.java:399)
		at org.apache.coyote.AbstractProcessorLight.process(AbstractProcessorLight.java:63)
		at org.apache.coyote.AbstractProtocol$ConnectionHandler.process(AbstractProtocol.java:903)
		at org.apache.tomcat.util.net.NioEndpoint$SocketProcessor.doRun(NioEndpoint.java:1774)
		at org.apache.tomcat.util.net.SocketProcessorBase.run(SocketProcessorBase.java:52)
		at org.apache.tomcat.util.threads.ThreadPoolExecutor.runWorker(ThreadPoolExecutor.java:973)
		at org.apache.tomcat.util.threads.ThreadPoolExecutor$Worker.run(ThreadPoolExecutor.java:491)
		at org.apache.tomcat.util.threads.TaskThread$WrappingRunnable.run(TaskThread.java:63)
		at java.base/java.lang.Thread.run(Thread.java:1583)
18-Dec-2025 09:47:43.392 심각 [http-nio-8080-exec-51] org.apache.catalina.core.StandardWrapperValve.invoke 경로가 []인 컨텍스트의 서블릿 [default]을(를) 위한 Servlet.service() 호출이 예외를 발생시켰습니다.
	org.springframework.beans.factory.NoSuchBeanDefinitionException: No bean named 'springSecurityFilterChain' available
		at org.springframework.beans.factory.support.DefaultListableBeanFactory.getBeanDefinition(DefaultListableBeanFactory.java:978)
		at org.springframework.beans.factory.support.AbstractBeanFactory.getMergedLocalBeanDefinition(AbstractBeanFactory.java:1381)
		at org.springframework.beans.factory.support.AbstractBeanFactory.doGetBean(AbstractBeanFactory.java:302)
		at org.springframework.beans.factory.support.AbstractBeanFactory.doGetBean(AbstractBeanFactory.java:277)
		at org.springframework.beans.factory.support.AbstractBeanFactory.getBean(AbstractBeanFactory.java:207)
		at org.springframework.context.support.AbstractApplicationContext.getBean(AbstractApplicationContext.java:1278)
		at org.springframework.web.filter.DelegatingFilterProxy.initDelegate(DelegatingFilterProxy.java:342)
		at org.springframework.web.filter.DelegatingFilterProxy.doFilter(DelegatingFilterProxy.java:268)
		at org.apache.catalina.core.ApplicationFilterChain.internalDoFilter(ApplicationFilterChain.java:162)
		at org.apache.catalina.core.ApplicationFilterChain.doFilter(ApplicationFilterChain.java:138)
		at org.apache.catalina.core.StandardWrapperValve.invoke(StandardWrapperValve.java:165)
		at org.apache.catalina.core.StandardContextValve.invoke(StandardContextValve.java:88)
		at org.apache.catalina.authenticator.AuthenticatorBase.invoke(AuthenticatorBase.java:482)
		at org.apache.catalina.core.StandardHostValve.invoke(StandardHostValve.java:113)
		at org.apache.catalina.valves.ErrorReportValve.invoke(ErrorReportValve.java:83)
		at org.apache.catalina.valves.AbstractAccessLogValve.invoke(AbstractAccessLogValve.java:654)
		at org.apache.catalina.core.StandardEngineValve.invoke(StandardEngineValve.java:72)
		at org.apache.catalina.connector.CoyoteAdapter.service(CoyoteAdapter.java:342)
		at org.apache.coyote.http11.Http11Processor.service(Http11Processor.java:399)
		at org.apache.coyote.AbstractProcessorLight.process(AbstractProcessorLight.java:63)
		at org.apache.coyote.AbstractProtocol$ConnectionHandler.process(AbstractProtocol.java:903)
		at org.apache.tomcat.util.net.NioEndpoint$SocketProcessor.doRun(NioEndpoint.java:1774)
		at org.apache.tomcat.util.net.SocketProcessorBase.run(SocketProcessorBase.java:52)
		at org.apache.tomcat.util.threads.ThreadPoolExecutor.runWorker(ThreadPoolExecutor.java:973)
		at org.apache.tomcat.util.threads.ThreadPoolExecutor$Worker.run(ThreadPoolExecutor.java:491)
		at org.apache.tomcat.util.threads.TaskThread$WrappingRunnable.run(TaskThread.java:63)
		at java.base/java.lang.Thread.run(Thread.java:1583)
18-Dec-2025 09:47:53.327 심각 [http-nio-8080-exec-53] org.apache.catalina.core.StandardWrapperValve.invoke 경로가 []인 컨텍스트의 서블릿 [action]을(를) 위한 Servlet.service() 호출이 예외를 발생시켰습니다.
	org.springframework.beans.factory.NoSuchBeanDefinitionException: No bean named 'springSecurityFilterChain' available
		at org.springframework.beans.factory.support.DefaultListableBeanFactory.getBeanDefinition(DefaultListableBeanFactory.java:978)
		at org.springframework.beans.factory.support.AbstractBeanFactory.getMergedLocalBeanDefinition(AbstractBeanFactory.java:1381)
		at org.springframework.beans.factory.support.AbstractBeanFactory.doGetBean(AbstractBeanFactory.java:302)
		at org.springframework.beans.factory.support.AbstractBeanFactory.doGetBean(AbstractBeanFactory.java:277)
		at org.springframework.beans.factory.support.AbstractBeanFactory.getBean(AbstractBeanFactory.java:207)
		at org.springframework.context.support.AbstractApplicationContext.getBean(AbstractApplicationContext.java:1278)
		at org.springframework.web.filter.DelegatingFilterProxy.initDelegate(DelegatingFilterProxy.java:342)
		at org.springframework.web.filter.DelegatingFilterProxy.doFilter(DelegatingFilterProxy.java:268)
		at org.apache.catalina.core.ApplicationFilterChain.internalDoFilter(ApplicationFilterChain.java:162)
		at org.apache.catalina.core.ApplicationFilterChain.doFilter(ApplicationFilterChain.java:138)
		at egovframework.com.cmm.filter.HTMLTagFilter.doFilter(HTMLTagFilter.java:35)
		at org.apache.catalina.core.ApplicationFilterChain.internalDoFilter(ApplicationFilterChain.java:162)
		at org.apache.catalina.core.ApplicationFilterChain.doFilter(ApplicationFilterChain.java:138)
		at org.springframework.web.multipart.support.MultipartFilter.doFilterInternal(MultipartFilter.java:125)
		at org.springframework.web.filter.OncePerRequestFilter.doFilter(OncePerRequestFilter.java:116)
		at org.apache.catalina.core.ApplicationFilterChain.internalDoFilter(ApplicationFilterChain.java:162)
		at org.apache.catalina.core.ApplicationFilterChain.doFilter(ApplicationFilterChain.java:138)
		at org.springframework.web.filter.CharacterEncodingFilter.doFilterInternal(CharacterEncodingFilter.java:201)
		at org.springframework.web.filter.OncePerRequestFilter.doFilter(OncePerRequestFilter.java:116)
		at org.apache.catalina.core.ApplicationFilterChain.internalDoFilter(ApplicationFilterChain.java:162)
		at org.apache.catalina.core.ApplicationFilterChain.doFilter(ApplicationFilterChain.java:138)
		at org.apache.catalina.core.StandardWrapperValve.invoke(StandardWrapperValve.java:165)
		at org.apache.catalina.core.StandardContextValve.invoke(StandardContextValve.java:88)
		at org.apache.catalina.authenticator.AuthenticatorBase.invoke(AuthenticatorBase.java:482)
		at org.apache.catalina.core.StandardHostValve.invoke(StandardHostValve.java:113)
		at org.apache.catalina.valves.ErrorReportValve.invoke(ErrorReportValve.java:83)
		at org.apache.catalina.valves.AbstractAccessLogValve.invoke(AbstractAccessLogValve.java:654)
		at org.apache.catalina.core.StandardEngineValve.invoke(StandardEngineValve.java:72)
		at org.apache.catalina.connector.CoyoteAdapter.service(CoyoteAdapter.java:342)
		at org.apache.coyote.http11.Http11Processor.service(Http11Processor.java:399)
		at org.apache.coyote.AbstractProcessorLight.process(AbstractProcessorLight.java:63)
		at org.apache.coyote.AbstractProtocol$ConnectionHandler.process(AbstractProtocol.java:903)
		at org.apache.tomcat.util.net.NioEndpoint$SocketProcessor.doRun(NioEndpoint.java:1774)
		at org.apache.tomcat.util.net.SocketProcessorBase.run(SocketProcessorBase.java:52)
		at org.apache.tomcat.util.threads.ThreadPoolExecutor.runWorker(ThreadPoolExecutor.java:973)
		at org.apache.tomcat.util.threads.ThreadPoolExecutor$Worker.run(ThreadPoolExecutor.java:491)
		at org.apache.tomcat.util.threads.TaskThread$WrappingRunnable.run(TaskThread.java:63)
		at java.base/java.lang.Thread.run(Thread.java:1583)
18-Dec-2025 09:47:53.833 심각 [http-nio-8080-exec-54] org.apache.catalina.core.StandardWrapperValve.invoke 경로가 []인 컨텍스트의 서블릿 [default]을(를) 위한 Servlet.service() 호출이 예외를 발생시켰습니다.
	org.springframework.beans.factory.NoSuchBeanDefinitionException: No bean named 'springSecurityFilterChain' available
		at org.springframework.beans.factory.support.DefaultListableBeanFactory.getBeanDefinition(DefaultListableBeanFactory.java:978)
		at org.springframework.beans.factory.support.AbstractBeanFactory.getMergedLocalBeanDefinition(AbstractBeanFactory.java:1381)
		at org.springframework.beans.factory.support.AbstractBeanFactory.doGetBean(AbstractBeanFactory.java:302)
		at org.springframework.beans.factory.support.AbstractBeanFactory.doGetBean(AbstractBeanFactory.java:277)
		at org.springframework.beans.factory.support.AbstractBeanFactory.getBean(AbstractBeanFactory.java:207)
		at org.springframework.context.support.AbstractApplicationContext.getBean(AbstractApplicationContext.java:1278)
		at org.springframework.web.filter.DelegatingFilterProxy.initDelegate(DelegatingFilterProxy.java:342)
		at org.springframework.web.filter.DelegatingFilterProxy.doFilter(DelegatingFilterProxy.java:268)
		at org.apache.catalina.core.ApplicationFilterChain.internalDoFilter(ApplicationFilterChain.java:162)
		at org.apache.catalina.core.ApplicationFilterChain.doFilter(ApplicationFilterChain.java:138)
		at org.apache.catalina.core.StandardWrapperValve.invoke(StandardWrapperValve.java:165)
		at org.apache.catalina.core.StandardContextValve.invoke(StandardContextValve.java:88)
		at org.apache.catalina.authenticator.AuthenticatorBase.invoke(AuthenticatorBase.java:482)
		at org.apache.catalina.core.StandardHostValve.invoke(StandardHostValve.java:113)
		at org.apache.catalina.valves.ErrorReportValve.invoke(ErrorReportValve.java:83)
		at org.apache.catalina.valves.AbstractAccessLogValve.invoke(AbstractAccessLogValve.java:654)
		at org.apache.catalina.core.StandardEngineValve.invoke(StandardEngineValve.java:72)
		at org.apache.catalina.connector.CoyoteAdapter.service(CoyoteAdapter.java:342)
		at org.apache.coyote.http11.Http11Processor.service(Http11Processor.java:399)
		at org.apache.coyote.AbstractProcessorLight.process(AbstractProcessorLight.java:63)
		at org.apache.coyote.AbstractProtocol$ConnectionHandler.process(AbstractProtocol.java:903)
		at org.apache.tomcat.util.net.NioEndpoint$SocketProcessor.doRun(NioEndpoint.java:1774)
		at org.apache.tomcat.util.net.SocketProcessorBase.run(SocketProcessorBase.java:52)
		at org.apache.tomcat.util.threads.ThreadPoolExecutor.runWorker(ThreadPoolExecutor.java:973)
		at org.apache.tomcat.util.threads.ThreadPoolExecutor$Worker.run(ThreadPoolExecutor.java:491)
		at org.apache.tomcat.util.threads.TaskThread$WrappingRunnable.run(TaskThread.java:63)
		at java.base/java.lang.Thread.run(Thread.java:1583)
18-Dec-2025 09:48:20.609 심각 [http-nio-8080-exec-41] org.apache.catalina.core.StandardWrapperValve.invoke 경로가 []인 컨텍스트의 서블릿 [action]을(를) 위한 Servlet.service() 호출이 예외를 발생시켰습니다.
	org.springframework.beans.factory.NoSuchBeanDefinitionException: No bean named 'springSecurityFilterChain' available
		at org.springframework.beans.factory.support.DefaultListableBeanFactory.getBeanDefinition(DefaultListableBeanFactory.java:978)
		at org.springframework.beans.factory.support.AbstractBeanFactory.getMergedLocalBeanDefinition(AbstractBeanFactory.java:1381)
		at org.springframework.beans.factory.support.AbstractBeanFactory.doGetBean(AbstractBeanFactory.java:302)
		at org.springframework.beans.factory.support.AbstractBeanFactory.doGetBean(AbstractBeanFactory.java:277)
		at org.springframework.beans.factory.support.AbstractBeanFactory.getBean(AbstractBeanFactory.java:207)
		at org.springframework.context.support.AbstractApplicationContext.getBean(AbstractApplicationContext.java:1278)
		at org.springframework.web.filter.DelegatingFilterProxy.initDelegate(DelegatingFilterProxy.java:342)
		at org.springframework.web.filter.DelegatingFilterProxy.doFilter(DelegatingFilterProxy.java:268)
		at org.apache.catalina.core.ApplicationFilterChain.internalDoFilter(ApplicationFilterChain.java:162)
		at org.apache.catalina.core.ApplicationFilterChain.doFilter(ApplicationFilterChain.java:138)
		at egovframework.com.cmm.filter.HTMLTagFilter.doFilter(HTMLTagFilter.java:35)
		at org.apache.catalina.core.ApplicationFilterChain.internalDoFilter(ApplicationFilterChain.java:162)
		at org.apache.catalina.core.ApplicationFilterChain.doFilter(ApplicationFilterChain.java:138)
		at org.springframework.web.multipart.support.MultipartFilter.doFilterInternal(MultipartFilter.java:125)
		at org.springframework.web.filter.OncePerRequestFilter.doFilter(OncePerRequestFilter.java:116)
		at org.apache.catalina.core.ApplicationFilterChain.internalDoFilter(ApplicationFilterChain.java:162)
		at org.apache.catalina.core.ApplicationFilterChain.doFilter(ApplicationFilterChain.java:138)
		at org.springframework.web.filter.CharacterEncodingFilter.doFilterInternal(CharacterEncodingFilter.java:201)
		at org.springframework.web.filter.OncePerRequestFilter.doFilter(OncePerRequestFilter.java:116)
		at org.apache.catalina.core.ApplicationFilterChain.internalDoFilter(ApplicationFilterChain.java:162)
		at org.apache.catalina.core.ApplicationFilterChain.doFilter(ApplicationFilterChain.java:138)
		at org.apache.catalina.core.StandardWrapperValve.invoke(StandardWrapperValve.java:165)
		at org.apache.catalina.core.StandardContextValve.invoke(StandardContextValve.java:88)
		at org.apache.catalina.authenticator.AuthenticatorBase.invoke(AuthenticatorBase.java:482)
		at org.apache.catalina.core.StandardHostValve.invoke(StandardHostValve.java:113)
		at org.apache.catalina.valves.ErrorReportValve.invoke(ErrorReportValve.java:83)
		at org.apache.catalina.valves.AbstractAccessLogValve.invoke(AbstractAccessLogValve.java:654)
		at org.apache.catalina.core.StandardEngineValve.invoke(StandardEngineValve.java:72)
		at org.apache.catalina.connector.CoyoteAdapter.service(CoyoteAdapter.java:342)
		at org.apache.coyote.http11.Http11Processor.service(Http11Processor.java:399)
		at org.apache.coyote.AbstractProcessorLight.process(AbstractProcessorLight.java:63)
		at org.apache.coyote.AbstractProtocol$ConnectionHandler.process(AbstractProtocol.java:903)
		at org.apache.tomcat.util.net.NioEndpoint$SocketProcessor.doRun(NioEndpoint.java:1774)
		at org.apache.tomcat.util.net.SocketProcessorBase.run(SocketProcessorBase.java:52)
		at org.apache.tomcat.util.threads.ThreadPoolExecutor.runWorker(ThreadPoolExecutor.java:973)
		at org.apache.tomcat.util.threads.ThreadPoolExecutor$Worker.run(ThreadPoolExecutor.java:491)
		at org.apache.tomcat.util.threads.TaskThread$WrappingRunnable.run(TaskThread.java:63)
		at java.base/java.lang.Thread.run(Thread.java:1583)
18-Dec-2025 09:48:20.977 심각 [http-nio-8080-exec-44] org.apache.catalina.core.StandardWrapperValve.invoke 경로가 []인 컨텍스트의 서블릿 [default]을(를) 위한 Servlet.service() 호출이 예외를 발생시켰습니다.
	org.springframework.beans.factory.NoSuchBeanDefinitionException: No bean named 'springSecurityFilterChain' available
		at org.springframework.beans.factory.support.DefaultListableBeanFactory.getBeanDefinition(DefaultListableBeanFactory.java:978)
		at org.springframework.beans.factory.support.AbstractBeanFactory.getMergedLocalBeanDefinition(AbstractBeanFactory.java:1381)
		at org.springframework.beans.factory.support.AbstractBeanFactory.doGetBean(AbstractBeanFactory.java:302)
		at org.springframework.beans.factory.support.AbstractBeanFactory.doGetBean(AbstractBeanFactory.java:277)
		at org.springframework.beans.factory.support.AbstractBeanFactory.getBean(AbstractBeanFactory.java:207)
		at org.springframework.context.support.AbstractApplicationContext.getBean(AbstractApplicationContext.java:1278)
		at org.springframework.web.filter.DelegatingFilterProxy.initDelegate(DelegatingFilterProxy.java:342)
		at org.springframework.web.filter.DelegatingFilterProxy.doFilter(DelegatingFilterProxy.java:268)
		at org.apache.catalina.core.ApplicationFilterChain.internalDoFilter(ApplicationFilterChain.java:162)
		at org.apache.catalina.core.ApplicationFilterChain.doFilter(ApplicationFilterChain.java:138)
		at org.apache.catalina.core.StandardWrapperValve.invoke(StandardWrapperValve.java:165)
		at org.apache.catalina.core.StandardContextValve.invoke(StandardContextValve.java:88)
		at org.apache.catalina.authenticator.AuthenticatorBase.invoke(AuthenticatorBase.java:482)
		at org.apache.catalina.core.StandardHostValve.invoke(StandardHostValve.java:113)
		at org.apache.catalina.valves.ErrorReportValve.invoke(ErrorReportValve.java:83)
		at org.apache.catalina.valves.AbstractAccessLogValve.invoke(AbstractAccessLogValve.java:654)
		at org.apache.catalina.core.StandardEngineValve.invoke(StandardEngineValve.java:72)
		at org.apache.catalina.connector.CoyoteAdapter.service(CoyoteAdapter.java:342)
		at org.apache.coyote.http11.Http11Processor.service(Http11Processor.java:399)
		at org.apache.coyote.AbstractProcessorLight.process(AbstractProcessorLight.java:63)
		at org.apache.coyote.AbstractProtocol$ConnectionHandler.process(AbstractProtocol.java:903)
		at org.apache.tomcat.util.net.NioEndpoint$SocketProcessor.doRun(NioEndpoint.java:1774)
		at org.apache.tomcat.util.net.SocketProcessorBase.run(SocketProcessorBase.java:52)
		at org.apache.tomcat.util.threads.ThreadPoolExecutor.runWorker(ThreadPoolExecutor.java:973)
		at org.apache.tomcat.util.threads.ThreadPoolExecutor$Worker.run(ThreadPoolExecutor.java:491)
		at org.apache.tomcat.util.threads.TaskThread$WrappingRunnable.run(TaskThread.java:63)
		at java.base/java.lang.Thread.run(Thread.java:1583)
18-Dec-2025 09:48:30.602 심각 [http-nio-8080-exec-55] org.apache.catalina.core.StandardWrapperValve.invoke 경로가 []인 컨텍스트의 서블릿 [default]을(를) 위한 Servlet.service() 호출이 예외를 발생시켰습니다.
	org.springframework.beans.factory.NoSuchBeanDefinitionException: No bean named 'springSecurityFilterChain' available
		at org.springframework.beans.factory.support.DefaultListableBeanFactory.getBeanDefinition(DefaultListableBeanFactory.java:978)
		at org.springframework.beans.factory.support.AbstractBeanFactory.getMergedLocalBeanDefinition(AbstractBeanFactory.java:1381)
		at org.springframework.beans.factory.support.AbstractBeanFactory.doGetBean(AbstractBeanFactory.java:302)
		at org.springframework.beans.factory.support.AbstractBeanFactory.doGetBean(AbstractBeanFactory.java:277)
		at org.springframework.beans.factory.support.AbstractBeanFactory.getBean(AbstractBeanFactory.java:207)
		at org.springframework.context.support.AbstractApplicationContext.getBean(AbstractApplicationContext.java:1278)
		at org.springframework.web.filter.DelegatingFilterProxy.initDelegate(DelegatingFilterProxy.java:342)
		at org.springframework.web.filter.DelegatingFilterProxy.doFilter(DelegatingFilterProxy.java:268)
		at org.apache.catalina.core.ApplicationFilterChain.internalDoFilter(ApplicationFilterChain.java:162)
		at org.apache.catalina.core.ApplicationFilterChain.doFilter(ApplicationFilterChain.java:138)
		at org.apache.catalina.core.StandardWrapperValve.invoke(StandardWrapperValve.java:165)
		at org.apache.catalina.core.StandardContextValve.invoke(StandardContextValve.java:88)
		at org.apache.catalina.authenticator.AuthenticatorBase.invoke(AuthenticatorBase.java:482)
		at org.apache.catalina.core.StandardHostValve.invoke(StandardHostValve.java:113)
		at org.apache.catalina.valves.ErrorReportValve.invoke(ErrorReportValve.java:83)
		at org.apache.catalina.valves.AbstractAccessLogValve.invoke(AbstractAccessLogValve.java:654)
		at org.apache.catalina.core.StandardEngineValve.invoke(StandardEngineValve.java:72)
		at org.apache.catalina.connector.CoyoteAdapter.service(CoyoteAdapter.java:342)
		at org.apache.coyote.http11.Http11Processor.service(Http11Processor.java:399)
		at org.apache.coyote.AbstractProcessorLight.process(AbstractProcessorLight.java:63)
		at org.apache.coyote.AbstractProtocol$ConnectionHandler.process(AbstractProtocol.java:903)
		at org.apache.tomcat.util.net.NioEndpoint$SocketProcessor.doRun(NioEndpoint.java:1774)
		at org.apache.tomcat.util.net.SocketProcessorBase.run(SocketProcessorBase.java:52)
		at org.apache.tomcat.util.threads.ThreadPoolExecutor.runWorker(ThreadPoolExecutor.java:973)
		at org.apache.tomcat.util.threads.ThreadPoolExecutor$Worker.run(ThreadPoolExecutor.java:491)
		at org.apache.tomcat.util.threads.TaskThread$WrappingRunnable.run(TaskThread.java:63)
		at java.base/java.lang.Thread.run(Thread.java:1583)
18-Dec-2025 09:48:36.841 심각 [http-nio-8080-exec-52] org.apache.catalina.core.StandardWrapperValve.invoke 경로가 []인 컨텍스트의 서블릿 [action]을(를) 위한 Servlet.service() 호출이 예외를 발생시켰습니다.
	org.springframework.beans.factory.NoSuchBeanDefinitionException: No bean named 'springSecurityFilterChain' available
		at org.springframework.beans.factory.support.DefaultListableBeanFactory.getBeanDefinition(DefaultListableBeanFactory.java:978)
		at org.springframework.beans.factory.support.AbstractBeanFactory.getMergedLocalBeanDefinition(AbstractBeanFactory.java:1381)
		at org.springframework.beans.factory.support.AbstractBeanFactory.doGetBean(AbstractBeanFactory.java:302)
		at org.springframework.beans.factory.support.AbstractBeanFactory.doGetBean(AbstractBeanFactory.java:277)
		at org.springframework.beans.factory.support.AbstractBeanFactory.getBean(AbstractBeanFactory.java:207)
		at org.springframework.context.support.AbstractApplicationContext.getBean(AbstractApplicationContext.java:1278)
		at org.springframework.web.filter.DelegatingFilterProxy.initDelegate(DelegatingFilterProxy.java:342)
		at org.springframework.web.filter.DelegatingFilterProxy.doFilter(DelegatingFilterProxy.java:268)
		at org.apache.catalina.core.ApplicationFilterChain.internalDoFilter(ApplicationFilterChain.java:162)
		at org.apache.catalina.core.ApplicationFilterChain.doFilter(ApplicationFilterChain.java:138)
		at egovframework.com.cmm.filter.HTMLTagFilter.doFilter(HTMLTagFilter.java:35)
		at org.apache.catalina.core.ApplicationFilterChain.internalDoFilter(ApplicationFilterChain.java:162)
		at org.apache.catalina.core.ApplicationFilterChain.doFilter(ApplicationFilterChain.java:138)
		at org.springframework.web.multipart.support.MultipartFilter.doFilterInternal(MultipartFilter.java:125)
		at org.springframework.web.filter.OncePerRequestFilter.doFilter(OncePerRequestFilter.java:116)
		at org.apache.catalina.core.ApplicationFilterChain.internalDoFilter(ApplicationFilterChain.java:162)
		at org.apache.catalina.core.ApplicationFilterChain.doFilter(ApplicationFilterChain.java:138)
		at org.springframework.web.filter.CharacterEncodingFilter.doFilterInternal(CharacterEncodingFilter.java:201)
		at org.springframework.web.filter.OncePerRequestFilter.doFilter(OncePerRequestFilter.java:116)
		at org.apache.catalina.core.ApplicationFilterChain.internalDoFilter(ApplicationFilterChain.java:162)
		at org.apache.catalina.core.ApplicationFilterChain.doFilter(ApplicationFilterChain.java:138)
		at org.apache.catalina.core.StandardWrapperValve.invoke(StandardWrapperValve.java:165)
		at org.apache.catalina.core.StandardContextValve.invoke(StandardContextValve.java:88)
		at org.apache.catalina.authenticator.AuthenticatorBase.invoke(AuthenticatorBase.java:482)
		at org.apache.catalina.core.StandardHostValve.invoke(StandardHostValve.java:113)
		at org.apache.catalina.valves.ErrorReportValve.invoke(ErrorReportValve.java:83)
		at org.apache.catalina.valves.AbstractAccessLogValve.invoke(AbstractAccessLogValve.java:654)
		at org.apache.catalina.core.StandardEngineValve.invoke(StandardEngineValve.java:72)
		at org.apache.catalina.connector.CoyoteAdapter.service(CoyoteAdapter.java:342)
		at org.apache.coyote.http11.Http11Processor.service(Http11Processor.java:399)
		at org.apache.coyote.AbstractProcessorLight.process(AbstractProcessorLight.java:63)
		at org.apache.coyote.AbstractProtocol$ConnectionHandler.process(AbstractProtocol.java:903)
		at org.apache.tomcat.util.net.NioEndpoint$SocketProcessor.doRun(NioEndpoint.java:1774)
		at org.apache.tomcat.util.net.SocketProcessorBase.run(SocketProcessorBase.java:52)
		at org.apache.tomcat.util.threads.ThreadPoolExecutor.runWorker(ThreadPoolExecutor.java:973)
		at org.apache.tomcat.util.threads.ThreadPoolExecutor$Worker.run(ThreadPoolExecutor.java:491)
		at org.apache.tomcat.util.threads.TaskThread$WrappingRunnable.run(TaskThread.java:63)
		at java.base/java.lang.Thread.run(Thread.java:1583)
18-Dec-2025 09:48:37.195 심각 [http-nio-8080-exec-51] org.apache.catalina.core.StandardWrapperValve.invoke 경로가 []인 컨텍스트의 서블릿 [default]을(를) 위한 Servlet.service() 호출이 예외를 발생시켰습니다.
	org.springframework.beans.factory.NoSuchBeanDefinitionException: No bean named 'springSecurityFilterChain' available
		at org.springframework.beans.factory.support.DefaultListableBeanFactory.getBeanDefinition(DefaultListableBeanFactory.java:978)
		at org.springframework.beans.factory.support.AbstractBeanFactory.getMergedLocalBeanDefinition(AbstractBeanFactory.java:1381)
		at org.springframework.beans.factory.support.AbstractBeanFactory.doGetBean(AbstractBeanFactory.java:302)
		at org.springframework.beans.factory.support.AbstractBeanFactory.doGetBean(AbstractBeanFactory.java:277)
		at org.springframework.beans.factory.support.AbstractBeanFactory.getBean(AbstractBeanFactory.java:207)
		at org.springframework.context.support.AbstractApplicationContext.getBean(AbstractApplicationContext.java:1278)
		at org.springframework.web.filter.DelegatingFilterProxy.initDelegate(DelegatingFilterProxy.java:342)
		at org.springframework.web.filter.DelegatingFilterProxy.doFilter(DelegatingFilterProxy.java:268)
		at org.apache.catalina.core.ApplicationFilterChain.internalDoFilter(ApplicationFilterChain.java:162)
		at org.apache.catalina.core.ApplicationFilterChain.doFilter(ApplicationFilterChain.java:138)
		at org.apache.catalina.core.StandardWrapperValve.invoke(StandardWrapperValve.java:165)
		at org.apache.catalina.core.StandardContextValve.invoke(StandardContextValve.java:88)
		at org.apache.catalina.authenticator.AuthenticatorBase.invoke(AuthenticatorBase.java:482)
		at org.apache.catalina.core.StandardHostValve.invoke(StandardHostValve.java:113)
		at org.apache.catalina.valves.ErrorReportValve.invoke(ErrorReportValve.java:83)
		at org.apache.catalina.valves.AbstractAccessLogValve.invoke(AbstractAccessLogValve.java:654)
		at org.apache.catalina.core.StandardEngineValve.invoke(StandardEngineValve.java:72)
		at org.apache.catalina.connector.CoyoteAdapter.service(CoyoteAdapter.java:342)
		at org.apache.coyote.http11.Http11Processor.service(Http11Processor.java:399)
		at org.apache.coyote.AbstractProcessorLight.process(AbstractProcessorLight.java:63)
		at org.apache.coyote.AbstractProtocol$ConnectionHandler.process(AbstractProtocol.java:903)
		at org.apache.tomcat.util.net.NioEndpoint$SocketProcessor.doRun(NioEndpoint.java:1774)
		at org.apache.tomcat.util.net.SocketProcessorBase.run(SocketProcessorBase.java:52)
		at org.apache.tomcat.util.threads.ThreadPoolExecutor.runWorker(ThreadPoolExecutor.java:973)
		at org.apache.tomcat.util.threads.ThreadPoolExecutor$Worker.run(ThreadPoolExecutor.java:491)
		at org.apache.tomcat.util.threads.TaskThread$WrappingRunnable.run(TaskThread.java:63)
		at java.base/java.lang.Thread.run(Thread.java:1583)
18-Dec-2025 09:55:44.126 정보 [Catalina-utility-2] org.apache.catalina.core.ApplicationContext.log Destroying Spring FrameworkServlet 'action'
18-Dec-2025 09:55:44.128 정보 [Catalina-utility-2] org.apache.catalina.core.ApplicationContext.log Closing Spring root WebApplicationContext
18-Dec-2025 09:55:56.832 정보 [Catalina-utility-2] org.apache.catalina.core.ApplicationContext.log No Spring WebApplicationInitializer types detected on classpath
18-Dec-2025 09:55:56.836 정보 [Catalina-utility-2] org.apache.catalina.core.ApplicationContext.log Initializing Spring root WebApplicationContext
18-Dec-2025 09:56:01.571 정보 [Catalina-utility-2] org.apache.catalina.core.ApplicationContext.log Initializing Spring DispatcherServlet 'action'
18-Dec-2025 10:08:55.195 정보 [Catalina-utility-2] org.apache.catalina.core.ApplicationContext.log Destroying Spring FrameworkServlet 'action'
18-Dec-2025 10:08:55.199 정보 [Catalina-utility-2] org.apache.catalina.core.ApplicationContext.log Closing Spring root WebApplicationContext
18-Dec-2025 10:09:22.964 정보 [Catalina-utility-2] org.apache.catalina.core.ApplicationContext.log No Spring WebApplicationInitializer types detected on classpath
18-Dec-2025 10:09:22.968 정보 [Catalina-utility-2] org.apache.catalina.core.ApplicationContext.log Initializing Spring root WebApplicationContext
18-Dec-2025 10:09:33.298 정보 [Catalina-utility-2] org.apache.catalina.core.ApplicationContext.log Initializing Spring DispatcherServlet 'action'
18-Dec-2025 10:09:36.341 심각 [Catalina-utility-2] org.apache.catalina.core.ApplicationContext.log 서블릿 [action]을(를) 위한 Servlet.init() 호출이 예외를 발생시켰습니다.
	org.springframework.beans.factory.BeanCreationException: Error creating bean with name 'filterChain' defined in egovframework.com.config.EgovSecurityConfig: No matching factory method found on class [org.egovframe.rte.fdl.security.config.EgovSecurityConfig]: factory bean 'egovSecurityConfig'; factory method 'filterChain()'. Check that a method with the specified name exists and that it is non-static.
		at org.springframework.beans.factory.support.ConstructorResolver.instantiateUsingFactoryMethod(ConstructorResolver.java:620)
		at org.springframework.beans.factory.support.AbstractAutowireCapableBeanFactory.instantiateUsingFactoryMethod(AbstractAutowireCapableBeanFactory.java:1375)
		at org.springframework.beans.factory.support.AbstractAutowireCapableBeanFactory.createBeanInstance(AbstractAutowireCapableBeanFactory.java:1205)
		at org.springframework.beans.factory.support.AbstractAutowireCapableBeanFactory.doCreateBean(AbstractAutowireCapableBeanFactory.java:569)
		at org.springframework.beans.factory.support.AbstractAutowireCapableBeanFactory.createBean(AbstractAutowireCapableBeanFactory.java:529)
		at org.springframework.beans.factory.support.AbstractBeanFactory.lambda$doGetBean$0(AbstractBeanFactory.java:339)
		at org.springframework.beans.factory.support.DefaultSingletonBeanRegistry.getSingleton(DefaultSingletonBeanRegistry.java:373)
		at org.springframework.beans.factory.support.AbstractBeanFactory.doGetBean(AbstractBeanFactory.java:337)
		at org.springframework.beans.factory.support.AbstractBeanFactory.getBean(AbstractBeanFactory.java:202)
		at org.springframework.beans.factory.support.DefaultListableBeanFactory.instantiateSingleton(DefaultListableBeanFactory.java:1221)
		at org.springframework.beans.factory.support.DefaultListableBeanFactory.preInstantiateSingleton(DefaultListableBeanFactory.java:1187)
		at org.springframework.beans.factory.support.DefaultListableBeanFactory.preInstantiateSingletons(DefaultListableBeanFactory.java:1123)
		at org.springframework.context.support.AbstractApplicationContext.finishBeanFactoryInitialization(AbstractApplicationContext.java:987)
		at org.springframework.context.support.AbstractApplicationContext.refresh(AbstractApplicationContext.java:627)
		at org.springframework.web.servlet.FrameworkServlet.configureAndRefreshWebApplicationContext(FrameworkServlet.java:706)
		at org.springframework.web.servlet.FrameworkServlet.createWebApplicationContext(FrameworkServlet.java:672)
		at org.springframework.web.servlet.FrameworkServlet.createWebApplicationContext(FrameworkServlet.java:720)
		at org.springframework.web.servlet.FrameworkServlet.initWebApplicationContext(FrameworkServlet.java:595)
		at org.springframework.web.servlet.FrameworkServlet.initServletBean(FrameworkServlet.java:537)
		at org.springframework.web.servlet.HttpServletBean.init(HttpServletBean.java:169)
		at jakarta.servlet.GenericServlet.init(GenericServlet.java:143)
		at jakarta.servlet.http.HttpServlet.init(HttpServlet.java:121)
		at org.apache.catalina.core.StandardWrapper.initServlet(StandardWrapper.java:840)
		at org.apache.catalina.core.StandardWrapper.loadServlet(StandardWrapper.java:797)
		at org.apache.catalina.core.StandardWrapper.load(StandardWrapper.java:701)
		at org.apache.catalina.core.StandardContext.loadOnStartup(StandardContext.java:4209)
		at org.apache.catalina.core.StandardContext.startInternal(StandardContext.java:4496)
		at org.apache.catalina.util.LifecycleBase.start(LifecycleBase.java:164)
		at org.apache.catalina.core.ContainerBase.addChildInternal(ContainerBase.java:597)
		at org.apache.catalina.core.ContainerBase.addChild(ContainerBase.java:569)
		at org.apache.catalina.core.StandardHost.addChild(StandardHost.java:665)
		at org.apache.catalina.startup.HostConfig.deployWAR(HostConfig.java:962)
		at org.apache.catalina.startup.HostConfig$DeployWar.run(HostConfig.java:1900)
		at java.base/java.util.concurrent.Executors$RunnableAdapter.call(Executors.java:572)
		at java.base/java.util.concurrent.FutureTask.run(FutureTask.java:317)
		at org.apache.tomcat.util.threads.InlineExecutorService.execute(InlineExecutorService.java:81)
		at java.base/java.util.concurrent.AbstractExecutorService.submit(AbstractExecutorService.java:123)
		at org.apache.catalina.startup.HostConfig.deployWARs(HostConfig.java:766)
		at org.apache.catalina.startup.HostConfig.deployApps(HostConfig.java:417)
		at org.apache.catalina.startup.HostConfig.check(HostConfig.java:1667)
		at org.apache.catalina.startup.HostConfig.lifecycleEvent(HostConfig.java:296)
		at org.apache.catalina.util.LifecycleBase.fireLifecycleEvent(LifecycleBase.java:109)
		at org.apache.catalina.core.ContainerBase.backgroundProcess(ContainerBase.java:971)
		at org.apache.catalina.core.ContainerBase$ContainerBackgroundProcessor.processChildren(ContainerBase.java:1170)
		at org.apache.catalina.core.ContainerBase$ContainerBackgroundProcessor.processChildren(ContainerBase.java:1174)
		at org.apache.catalina.core.ContainerBase$ContainerBackgroundProcessor.run(ContainerBase.java:1152)
		at java.base/java.util.concurrent.Executors$RunnableAdapter.call(Executors.java:572)
		at java.base/java.util.concurrent.FutureTask.runAndReset(FutureTask.java:358)
		at java.base/java.util.concurrent.ScheduledThreadPoolExecutor$ScheduledFutureTask.run(ScheduledThreadPoolExecutor.java:305)
		at java.base/java.util.concurrent.ThreadPoolExecutor.runWorker(ThreadPoolExecutor.java:1144)
		at java.base/java.util.concurrent.ThreadPoolExecutor$Worker.run(ThreadPoolExecutor.java:642)
		at org.apache.tomcat.util.threads.TaskThread$WrappingRunnable.run(TaskThread.java:63)
		at java.base/java.lang.Thread.run(Thread.java:1583)
18-Dec-2025 10:09:36.342 심각 [Catalina-utility-2] org.apache.catalina.core.StandardContext.loadOnStartup 웹 애플리케이션 [] 내의 서블릿 [action]이(가) load() 예외를 발생시켰습니다.
	org.springframework.beans.factory.BeanCreationException: Error creating bean with name 'filterChain' defined in egovframework.com.config.EgovSecurityConfig: No matching factory method found on class [org.egovframe.rte.fdl.security.config.EgovSecurityConfig]: factory bean 'egovSecurityConfig'; factory method 'filterChain()'. Check that a method with the specified name exists and that it is non-static.
		at org.springframework.beans.factory.support.ConstructorResolver.instantiateUsingFactoryMethod(ConstructorResolver.java:620)
		at org.springframework.beans.factory.support.AbstractAutowireCapableBeanFactory.instantiateUsingFactoryMethod(AbstractAutowireCapableBeanFactory.java:1375)
		at org.springframework.beans.factory.support.AbstractAutowireCapableBeanFactory.createBeanInstance(AbstractAutowireCapableBeanFactory.java:1205)
		at org.springframework.beans.factory.support.AbstractAutowireCapableBeanFactory.doCreateBean(AbstractAutowireCapableBeanFactory.java:569)
		at org.springframework.beans.factory.support.AbstractAutowireCapableBeanFactory.createBean(AbstractAutowireCapableBeanFactory.java:529)
		at org.springframework.beans.factory.support.AbstractBeanFactory.lambda$doGetBean$0(AbstractBeanFactory.java:339)
		at org.springframework.beans.factory.support.DefaultSingletonBeanRegistry.getSingleton(DefaultSingletonBeanRegistry.java:373)
		at org.springframework.beans.factory.support.AbstractBeanFactory.doGetBean(AbstractBeanFactory.java:337)
		at org.springframework.beans.factory.support.AbstractBeanFactory.getBean(AbstractBeanFactory.java:202)
		at org.springframework.beans.factory.support.DefaultListableBeanFactory.instantiateSingleton(DefaultListableBeanFactory.java:1221)
		at org.springframework.beans.factory.support.DefaultListableBeanFactory.preInstantiateSingleton(DefaultListableBeanFactory.java:1187)
		at org.springframework.beans.factory.support.DefaultListableBeanFactory.preInstantiateSingletons(DefaultListableBeanFactory.java:1123)
		at org.springframework.context.support.AbstractApplicationContext.finishBeanFactoryInitialization(AbstractApplicationContext.java:987)
		at org.springframework.context.support.AbstractApplicationContext.refresh(AbstractApplicationContext.java:627)
		at org.springframework.web.servlet.FrameworkServlet.configureAndRefreshWebApplicationContext(FrameworkServlet.java:706)
		at org.springframework.web.servlet.FrameworkServlet.createWebApplicationContext(FrameworkServlet.java:672)
		at org.springframework.web.servlet.FrameworkServlet.createWebApplicationContext(FrameworkServlet.java:720)
		at org.springframework.web.servlet.FrameworkServlet.initWebApplicationContext(FrameworkServlet.java:595)
		at org.springframework.web.servlet.FrameworkServlet.initServletBean(FrameworkServlet.java:537)
		at org.springframework.web.servlet.HttpServletBean.init(HttpServletBean.java:169)
		at jakarta.servlet.GenericServlet.init(GenericServlet.java:143)
		at jakarta.servlet.http.HttpServlet.init(HttpServlet.java:121)
		at org.apache.catalina.core.StandardWrapper.initServlet(StandardWrapper.java:840)
		at org.apache.catalina.core.StandardWrapper.loadServlet(StandardWrapper.java:797)
		at org.apache.catalina.core.StandardWrapper.load(StandardWrapper.java:701)
		at org.apache.catalina.core.StandardContext.loadOnStartup(StandardContext.java:4209)
		at org.apache.catalina.core.StandardContext.startInternal(StandardContext.java:4496)
		at org.apache.catalina.util.LifecycleBase.start(LifecycleBase.java:164)
		at org.apache.catalina.core.ContainerBase.addChildInternal(ContainerBase.java:597)
		at org.apache.catalina.core.ContainerBase.addChild(ContainerBase.java:569)
		at org.apache.catalina.core.StandardHost.addChild(StandardHost.java:665)
		at org.apache.catalina.startup.HostConfig.deployWAR(HostConfig.java:962)
		at org.apache.catalina.startup.HostConfig$DeployWar.run(HostConfig.java:1900)
		at java.base/java.util.concurrent.Executors$RunnableAdapter.call(Executors.java:572)
		at java.base/java.util.concurrent.FutureTask.run(FutureTask.java:317)
		at org.apache.tomcat.util.threads.InlineExecutorService.execute(InlineExecutorService.java:81)
		at java.base/java.util.concurrent.AbstractExecutorService.submit(AbstractExecutorService.java:123)
		at org.apache.catalina.startup.HostConfig.deployWARs(HostConfig.java:766)
		at org.apache.catalina.startup.HostConfig.deployApps(HostConfig.java:417)
		at org.apache.catalina.startup.HostConfig.check(HostConfig.java:1667)
		at org.apache.catalina.startup.HostConfig.lifecycleEvent(HostConfig.java:296)
		at org.apache.catalina.util.LifecycleBase.fireLifecycleEvent(LifecycleBase.java:109)
		at org.apache.catalina.core.ContainerBase.backgroundProcess(ContainerBase.java:971)
		at org.apache.catalina.core.ContainerBase$ContainerBackgroundProcessor.processChildren(ContainerBase.java:1170)
		at org.apache.catalina.core.ContainerBase$ContainerBackgroundProcessor.processChildren(ContainerBase.java:1174)
		at org.apache.catalina.core.ContainerBase$ContainerBackgroundProcessor.run(ContainerBase.java:1152)
		at java.base/java.util.concurrent.Executors$RunnableAdapter.call(Executors.java:572)
		at java.base/java.util.concurrent.FutureTask.runAndReset(FutureTask.java:358)
		at java.base/java.util.concurrent.ScheduledThreadPoolExecutor$ScheduledFutureTask.run(ScheduledThreadPoolExecutor.java:305)
		at java.base/java.util.concurrent.ThreadPoolExecutor.runWorker(ThreadPoolExecutor.java:1144)
		at java.base/java.util.concurrent.ThreadPoolExecutor$Worker.run(ThreadPoolExecutor.java:642)
		at org.apache.tomcat.util.threads.TaskThread$WrappingRunnable.run(TaskThread.java:63)
		at java.base/java.lang.Thread.run(Thread.java:1583)
18-Dec-2025 10:13:26.951 정보 [Catalina-utility-1] org.apache.catalina.core.ApplicationContext.log Closing Spring root WebApplicationContext
18-Dec-2025 10:13:58.396 정보 [Catalina-utility-1] org.apache.catalina.core.ApplicationContext.log No Spring WebApplicationInitializer types detected on classpath
18-Dec-2025 10:13:58.399 정보 [Catalina-utility-1] org.apache.catalina.core.ApplicationContext.log Initializing Spring root WebApplicationContext
18-Dec-2025 10:14:04.523 정보 [Catalina-utility-1] org.apache.catalina.core.ApplicationContext.log Initializing Spring DispatcherServlet 'action'
18-Dec-2025 11:40:15.994 정보 [Catalina-utility-2] org.apache.catalina.core.ApplicationContext.log Destroying Spring FrameworkServlet 'action'
18-Dec-2025 11:40:15.998 정보 [Catalina-utility-2] org.apache.catalina.core.ApplicationContext.log Closing Spring root WebApplicationContext
18-Dec-2025 11:40:31.077 정보 [Catalina-utility-2] org.apache.catalina.core.ApplicationContext.log No Spring WebApplicationInitializer types detected on classpath
18-Dec-2025 11:40:31.082 정보 [Catalina-utility-2] org.apache.catalina.core.ApplicationContext.log Initializing Spring root WebApplicationContext
18-Dec-2025 11:40:38.040 정보 [Catalina-utility-2] org.apache.catalina.core.ApplicationContext.log Initializing Spring DispatcherServlet 'action'
18-Dec-2025 11:50:52.569 정보 [Catalina-utility-1] org.apache.catalina.core.ApplicationContext.log Destroying Spring FrameworkServlet 'action'
18-Dec-2025 11:50:52.574 정보 [Catalina-utility-1] org.apache.catalina.core.ApplicationContext.log Closing Spring root WebApplicationContext
18-Dec-2025 11:51:17.338 정보 [Catalina-utility-1] org.apache.catalina.core.ApplicationContext.log No Spring WebApplicationInitializer types detected on classpath
18-Dec-2025 11:51:17.341 정보 [Catalina-utility-1] org.apache.catalina.core.ApplicationContext.log Initializing Spring root WebApplicationContext
18-Dec-2025 11:51:25.071 정보 [Catalina-utility-1] org.apache.catalina.core.ApplicationContext.log Initializing Spring DispatcherServlet 'action'
18-Dec-2025 13:06:13.699 정보 [Catalina-utility-1] org.apache.catalina.core.ApplicationContext.log Destroying Spring FrameworkServlet 'action'
18-Dec-2025 13:06:13.705 정보 [Catalina-utility-1] org.apache.catalina.core.ApplicationContext.log Closing Spring root WebApplicationContext
18-Dec-2025 13:06:36.464 정보 [Catalina-utility-1] org.apache.catalina.core.ApplicationContext.log No Spring WebApplicationInitializer types detected on classpath
18-Dec-2025 13:06:36.467 정보 [Catalina-utility-1] org.apache.catalina.core.ApplicationContext.log Initializing Spring root WebApplicationContext
18-Dec-2025 13:06:43.247 정보 [Catalina-utility-1] org.apache.catalina.core.ApplicationContext.log Initializing Spring DispatcherServlet 'action'
18-Dec-2025 13:20:36.587 정보 [Catalina-utility-2] org.apache.catalina.core.ApplicationContext.log Destroying Spring FrameworkServlet 'action'
18-Dec-2025 13:20:36.590 정보 [Catalina-utility-2] org.apache.catalina.core.ApplicationContext.log Closing Spring root WebApplicationContext
18-Dec-2025 13:21:02.521 정보 [Catalina-utility-2] org.apache.catalina.core.ApplicationContext.log No Spring WebApplicationInitializer types detected on classpath
18-Dec-2025 13:21:02.528 정보 [Catalina-utility-2] org.apache.catalina.core.ApplicationContext.log Initializing Spring root WebApplicationContext
18-Dec-2025 13:21:09.585 정보 [Catalina-utility-2] org.apache.catalina.core.ApplicationContext.log Initializing Spring DispatcherServlet 'action'
18-Dec-2025 14:25:46.093 정보 [Catalina-utility-2] org.apache.catalina.core.ApplicationContext.log Destroying Spring FrameworkServlet 'action'
18-Dec-2025 14:25:46.096 정보 [Catalina-utility-2] org.apache.catalina.core.ApplicationContext.log Closing Spring root WebApplicationContext
18-Dec-2025 14:26:12.029 정보 [Catalina-utility-2] org.apache.catalina.core.ApplicationContext.log No Spring WebApplicationInitializer types detected on classpath
18-Dec-2025 14:26:12.035 정보 [Catalina-utility-2] org.apache.catalina.core.ApplicationContext.log Initializing Spring root WebApplicationContext
18-Dec-2025 14:26:19.455 정보 [Catalina-utility-2] org.apache.catalina.core.ApplicationContext.log Initializing Spring DispatcherServlet 'action'
